Paper_ID,DOI,Role,Figure_number,PDF_page,Figure_types,Caption_excerpt,Caption_word_count,Source_status,Panel_count_estimated,Column_span,Text_density
P001,10.1109/tac.2021.3097706,A,1,6,UNCLASSIFIED,Depiction of the conditional value at risk at level α =,11,AUTOMATED_CAPTION_CANDIDATE; human visual confirmation required,1,UNKNOWN,UNKNOWN
P001,10.1109/tac.2021.3097706,A,2,9,TRAJECTORY; ROBUSTNESS,(a) Step trajectory of quadcopter using distributionally robust DeePC Algorithm 1; (b)–(c) Dependence of tracking error,16,AUTOMATED_CAPTION_CANDIDATE; human visual confirmation required,3,UNKNOWN,UNKNOWN
P002,10.1109/tac.2022.3144107,A,1,5,UNCLASSIFIED,Command ﬁlter used for implementation. The dirty derivative,8,AUTOMATED_CAPTION_CANDIDATE; human visual confirmation required,1,UNKNOWN,UNKNOWN
P002,10.1109/tac.2022.3144107,A,2,9,UNCLASSIFIED,Group of thrust propelled vehicles and Inertial frame.,8,AUTOMATED_CAPTION_CANDIDATE; human visual confirmation required,1,UNKNOWN,UNKNOWN
P002,10.1109/tac.2022.3144107,A,3,10,UNCLASSIFIED,Block diagram of the hierarchical control approach.,7,AUTOMATED_CAPTION_CANDIDATE; human visual confirmation required,1,UNKNOWN,UNKNOWN
P002,10.1109/tac.2022.3144107,A,4,12,UNCLASSIFIED,Interaction topology: directed spanning tree.,5,AUTOMATED_CAPTION_CANDIDATE; human visual confirmation required,1,UNKNOWN,UNKNOWN
P002,10.1109/tac.2022.3144107,A,5,12,TRAJECTORY,Paths of the agents. The dashed black hexagon represents the,10,AUTOMATED_CAPTION_CANDIDATE; human visual confirmation required,1,UNKNOWN,UNKNOWN
P002,10.1109/tac.2022.3144107,A,6,12,UNCLASSIFIED,Distances between neighbor UAVs. The dashed red line cor-,9,AUTOMATED_CAPTION_CANDIDATE; human visual confirmation required,1,UNKNOWN,UNKNOWN
P003,10.1109/tac.2026.3653296,A,1,3,UNCLASSIFIED,Venn diagram of labels at two consecutive steps k−1 and k.,11,AUTOMATED_CAPTION_CANDIDATE; human visual confirmation required,1,UNKNOWN,UNKNOWN
P003,10.1109/tac.2026.3653296,A,2,5,UNCLASSIFIED,Representation of the open distance (curly brace) and the open,10,AUTOMATED_CAPTION_CANDIDATE; human visual confirmation required,1,UNKNOWN,UNKNOWN
P003,10.1109/tac.2026.3653296,A,3,5,UNCLASSIFIED,Representation of the open distance (curly brace) and the open,10,AUTOMATED_CAPTION_CANDIDATE; human visual confirmation required,1,UNKNOWN,UNKNOWN
P003,10.1109/tac.2026.3653296,A,4,5,UNCLASSIFIED,Representation of the shadow distance compared to the stan-,9,AUTOMATED_CAPTION_CANDIDATE; human visual confirmation required,1,UNKNOWN,UNKNOWN
P003,10.1109/tac.2026.3653296,A,5,10,QUANTITATIVE_RESULT,"Comparison between Open ADMM, OPDC in [2], OpenRC",8,AUTOMATED_CAPTION_CANDIDATE; human visual confirmation required,1,UNKNOWN,UNKNOWN
P003,10.1109/tac.2026.3653296,A,6,12,QUANTITATIVE_RESULT,Comparison of Open ADMM with the state-of-the-art,7,AUTOMATED_CAPTION_CANDIDATE; human visual confirmation required,1,UNKNOWN,UNKNOWN
P003,10.1109/tac.2026.3653296,A,7,12,QUANTITATIVE_RESULT,Comparison of Open ADMM performance while solv-,7,AUTOMATED_CAPTION_CANDIDATE; human visual confirmation required,1,UNKNOWN,UNKNOWN
P004,10.1109/tac.2023.3317728,A,1,7,UNCLASSIFIED,reports the evolution of the MAS dynamics in,8,AUTOMATED_CAPTION_CANDIDATE; human visual confirmation required,1,UNKNOWN,UNKNOWN
P004,10.1109/tac.2023.3317728,A,2,7,UNCLASSIFIED,Example of OMAS dynamics when gk,6,AUTOMATED_CAPTION_CANDIDATE; human visual confirmation required,1,UNKNOWN,UNKNOWN
P004,10.1109/tac.2023.3317728,A,3,8,UNCLASSIFIED,"In the OMAS setting, the sum of the initial states of the",12,AUTOMATED_CAPTION_CANDIDATE; human visual confirmation required,1,UNKNOWN,UNKNOWN
P004,10.1109/tac.2023.3317728,A,4,8,UNCLASSIFIED,"Evolution of the Lyapunov function W k, in both a MAS",11,AUTOMATED_CAPTION_CANDIDATE; human visual confirmation required,1,UNKNOWN,UNKNOWN
P005,10.1109/tac.2024.3386024,A,1,2,SCENARIO,Environment and the corresponding RMPN’s quotient. (a) En-,8,AUTOMATED_CAPTION_CANDIDATE; human visual confirmation required,1,UNKNOWN,UNKNOWN
P005,10.1109/tac.2024.3386024,A,2,3,UNCLASSIFIED,Example of BA and Büchi PN. (a) BA for the L TL formula in Ex.,15,AUTOMATED_CAPTION_CANDIDATE; human visual confirmation required,1,UNKNOWN,UNKNOWN
P005,10.1109/tac.2024.3386024,A,3,3,UNCLASSIFIED,provides a general overview of the entire proposed solution,9,AUTOMATED_CAPTION_CANDIDATE; human visual confirmation required,1,UNKNOWN,UNKNOWN
P005,10.1109/tac.2024.3386024,A,4,4,UNCLASSIFIED,"Part of the composed PN, based on active and inactive obser-",11,AUTOMATED_CAPTION_CANDIDATE; human visual confirmation required,1,UNKNOWN,UNKNOWN
P005,10.1109/tac.2024.3386024,A,5,7,UNCLASSIFIED,"Returned trajectories for Example 7.2 (red - r1; green - r2,b l u e- r3, magenta - r4,b l a c k-r5, yellow - r6). (a) With Büchi (six robots).",30,AUTOMATED_CAPTION_CANDIDATE; human visual confirmation required,1,UNKNOWN,UNKNOWN
P006,10.1109/taes.2024.3401668,A,1,2,UNCLASSIFIED,QUA V conﬁguration.,3,AUTOMATED_CAPTION_CANDIDATE; human visual confirmation required,1,UNKNOWN,UNKNOWN
P006,10.1109/taes.2024.3401668,A,2,7,UNCLASSIFIED,QUA V attitude experiment system.,5,AUTOMATED_CAPTION_CANDIDATE; human visual confirmation required,1,UNKNOWN,UNKNOWN
P006,10.1109/taes.2024.3401668,A,3,7,QUANTITATIVE_RESULT,Tracking performance of the attitude angle state vector ϑ1 (t ).,11,AUTOMATED_CAPTION_CANDIDATE; human visual confirmation required,1,UNKNOWN,UNKNOWN
P006,10.1109/taes.2024.3401668,A,4,7,UNCLASSIFIED,Tracking error vector e1 (t ) of three attitude angle states.,11,AUTOMATED_CAPTION_CANDIDATE; human visual confirmation required,1,UNKNOWN,UNKNOWN
P006,10.1109/taes.2024.3401668,A,5,8,QUANTITATIVE_RESULT,Tracking performance of the angular velocity state vector ϑ2 (t ).,11,AUTOMATED_CAPTION_CANDIDATE; human visual confirmation required,1,UNKNOWN,UNKNOWN
P006,10.1109/taes.2024.3401668,A,6,8,UNCLASSIFIED,Tracking error vector e2 (t ) of three attitude angular velocity,11,AUTOMATED_CAPTION_CANDIDATE; human visual confirmation required,1,UNKNOWN,UNKNOWN
P006,10.1109/taes.2024.3401668,A,7,8,SENSITIVITY,Critic and actor FLS parameter vectors and the cost function.,10,AUTOMATED_CAPTION_CANDIDATE; human visual confirmation required,1,UNKNOWN,UNKNOWN
P007,10.1109/taes.2025.3569615,A,1,8,SENSITIVITY,"Illustrating SA3C methodology, featuring state “s,” next-state “s ′,” action “a,” reward “r,” done parameter “d,” target-critic “T.Critic,” FC for",20,AUTOMATED_CAPTION_CANDIDATE; human visual confirmation required,1,UNKNOWN,UNKNOWN
P007,10.1109/taes.2025.3569615,A,2,10,UNCLASSIFIED,DRL networks episodic return/scores for all training episodes,8,AUTOMATED_CAPTION_CANDIDATE; human visual confirmation required,1,UNKNOWN,UNKNOWN
P007,10.1109/taes.2025.3569615,A,3,10,UNCLASSIFIED,Predicted thrust angle proﬁles (in radians) for the,8,AUTOMATED_CAPTION_CANDIDATE; human visual confirmation required,1,UNKNOWN,UNKNOWN
P007,10.1109/taes.2025.3569615,A,4,10,SENSITIVITY,"Convergence plots depict orbital parameter variation (a sm,e ,i )",10,AUTOMATED_CAPTION_CANDIDATE; human visual confirmation required,1,UNKNOWN,UNKNOWN
P007,10.1109/taes.2025.3569615,A,5,12,SENSITIVITY,"Convergence plots depict orbital parameter variation (a sm,e ,i ,",10,AUTOMATED_CAPTION_CANDIDATE; human visual confirmation required,1,UNKNOWN,UNKNOWN
P007,10.1109/taes.2025.3569615,A,6,12,SENSITIVITY,"Convergence plots depict orbital parameter variation (a sm,e ,i ,",10,AUTOMATED_CAPTION_CANDIDATE; human visual confirmation required,1,UNKNOWN,UNKNOWN
P007,10.1109/taes.2025.3569615,A,7,11,UNCLASSIFIED,presents the training scores and episodic times,7,AUTOMATED_CAPTION_CANDIDATE; human visual confirmation required,1,UNKNOWN,UNKNOWN
P007,10.1109/taes.2025.3569615,A,8,13,TRAJECTORY,3-D visualization of complete trajectory from super-GTO to,8,AUTOMATED_CAPTION_CANDIDATE; human visual confirmation required,1,UNKNOWN,UNKNOWN
P007,10.1109/taes.2025.3569615,A,9,14,QUANTITATIVE_RESULT,Trained agent performance under thrust uncertainties and initial,8,AUTOMATED_CAPTION_CANDIDATE; human visual confirmation required,1,UNKNOWN,UNKNOWN
P008,10.1109/taes.2025.3624705,A,1,3,UNCLASSIFIED,ECI Oℐ− ˆX ˆY ˆZ frame and L VLHOℒ − ˆxˆyˆz.,11,AUTOMATED_CAPTION_CANDIDATE; human visual confirmation required,1,UNKNOWN,UNKNOWN
P008,10.1109/taes.2025.3624705,A,2,7,UNCLASSIFIED,,0,AUTOMATED_CAPTION_CANDIDATE; human visual confirmation required,1,UNKNOWN,UNKNOWN
P008,10.1109/taes.2025.3624705,A,3,8,UNCLASSIFIED,Block diagram of the approach. The incorporation of the MPC method as the terminal layer within the actor network for action computation,22,AUTOMATED_CAPTION_CANDIDATE; human visual confirmation required,1,UNKNOWN,UNKNOWN
P008,10.1109/taes.2025.3624705,A,4,9,UNCLASSIFIED,2-D shapes of reachable set. The impact of the reachable set of,12,AUTOMATED_CAPTION_CANDIDATE; human visual confirmation required,1,UNKNOWN,UNKNOWN
P008,10.1109/taes.2025.3624705,A,5,10,UNCLASSIFIED,"2-D example of the convexiﬁcation of collision-avoidance constraints. After computing all the closest points at time t1,t h e",19,AUTOMATED_CAPTION_CANDIDATE; human visual confirmation required,1,UNKNOWN,UNKNOWN
P008,10.1109/taes.2025.3624705,A,6,10,UNCLASSIFIED,2-D shapes of reachable set. The impact of the reachable set of,12,AUTOMATED_CAPTION_CANDIDATE; human visual confirmation required,1,UNKNOWN,UNKNOWN
P008,10.1109/taes.2025.3624705,A,7,12,UNCLASSIFIED,Training reward curves of learning-based model predictive,7,AUTOMATED_CAPTION_CANDIDATE; human visual confirmation required,1,UNKNOWN,UNKNOWN
P008,10.1109/taes.2025.3624705,A,8,13,UNCLASSIFIED,Transfer process of the swarm with 16 spacecraft. (a) The swarm,11,AUTOMATED_CAPTION_CANDIDATE; human visual confirmation required,1,UNKNOWN,UNKNOWN
P008,10.1109/taes.2025.3624705,A,9,14,UNCLASSIFIED,Transfer process of the swarm with 48 spacecraft. (a) The swarm,11,AUTOMATED_CAPTION_CANDIDATE; human visual confirmation required,1,UNKNOWN,UNKNOWN
P008,10.1109/taes.2025.3624705,A,10,14,QUANTITATIVE_RESULT,Comparison results with three baseline algorithms.,6,AUTOMATED_CAPTION_CANDIDATE; human visual confirmation required,1,UNKNOWN,UNKNOWN
P009,10.1109/taes.2024.3485601,A,1,3,UNCLASSIFIED,L VLH coordinates.,3,AUTOMATED_CAPTION_CANDIDATE; human visual confirmation required,1,UNKNOWN,UNKNOWN
P009,10.1109/taes.2024.3485601,A,2,5,UNCLASSIFIED,Collision avoidance communication group.,4,AUTOMATED_CAPTION_CANDIDATE; human visual confirmation required,1,UNKNOWN,UNKNOWN
P009,10.1109/taes.2024.3485601,A,3,7,UNCLASSIFIED,Linearization of collision avoidance constraints. (a) Nonlinear constraints. (b) Linear constraints. (c) Linear constraints 3-D view.,16,AUTOMATED_CAPTION_CANDIDATE; human visual confirmation required,3,UNKNOWN,UNKNOWN
P009,10.1109/taes.2024.3485601,A,4,8,UNCLASSIFIED,Difference between MPC and ETMPC. (a) Illustration of MPC,9,AUTOMATED_CAPTION_CANDIDATE; human visual confirmation required,1,UNKNOWN,UNKNOWN
P009,10.1109/taes.2024.3485601,A,5,9,UNCLASSIFIED,satj enters the collision risk zone of sati.,8,AUTOMATED_CAPTION_CANDIDATE; human visual confirmation required,1,UNKNOWN,UNKNOWN
P009,10.1109/taes.2024.3485601,A,6,9,UNCLASSIFIED,Dk (t ).,3,AUTOMATED_CAPTION_CANDIDATE; human visual confirmation required,1,UNKNOWN,UNKNOWN
P009,10.1109/taes.2024.3485601,A,7,10,UNCLASSIFIED,Collision avoidance communication group.,4,AUTOMATED_CAPTION_CANDIDATE; human visual confirmation required,1,UNKNOWN,UNKNOWN
P009,10.1109/taes.2024.3485601,A,8,10,UNCLASSIFIED,DETMPC strategy.,2,AUTOMATED_CAPTION_CANDIDATE; human visual confirmation required,1,UNKNOWN,UNKNOWN
P009,10.1109/taes.2024.3485601,A,9,12,UNCLASSIFIED,Collision avoidance feasibility condition.,4,AUTOMATED_CAPTION_CANDIDATE; human visual confirmation required,1,UNKNOWN,UNKNOWN
P009,10.1109/taes.2024.3485601,A,10,13,UNCLASSIFIED,Illustration of formation reconﬁguration for spacecraft swarm.,7,AUTOMATED_CAPTION_CANDIDATE; human visual confirmation required,1,UNKNOWN,UNKNOWN
P009,10.1109/taes.2024.3485601,A,11,14,UNCLASSIFIED,Relative distance among spacecraft (without collision,6,AUTOMATED_CAPTION_CANDIDATE; human visual confirmation required,1,UNKNOWN,UNKNOWN
P009,10.1109/taes.2024.3485601,A,12,14,UNCLASSIFIED,Relative distance among spacecraft (with collision avoidance).,7,AUTOMATED_CAPTION_CANDIDATE; human visual confirmation required,1,UNKNOWN,UNKNOWN
P009,10.1109/taes.2024.3485601,A,13,14,UNCLASSIFIED,Optimal trajectories of Sat 6 and Sat7 generated at t = 0 s.,13,AUTOMATED_CAPTION_CANDIDATE; human visual confirmation required,1,UNKNOWN,UNKNOWN
P009,10.1109/taes.2024.3485601,A,14,14,UNCLASSIFIED,Optimal trajectories of Sat 6 and Sat7 generated at t = 67 s.,13,AUTOMATED_CAPTION_CANDIDATE; human visual confirmation required,1,UNKNOWN,UNKNOWN
P009,10.1109/taes.2024.3485601,A,15,14,UNCLASSIFIED,Event triggering condition 1 and ∥ x∗,7,AUTOMATED_CAPTION_CANDIDATE; human visual confirmation required,1,UNKNOWN,UNKNOWN
P009,10.1109/taes.2024.3485601,A,16,15,UNCLASSIFIED,Event triggering instances of Sat 7.,6,AUTOMATED_CAPTION_CANDIDATE; human visual confirmation required,1,UNKNOWN,UNKNOWN
P009,10.1109/taes.2024.3485601,A,17,15,UNCLASSIFIED,Average number of triggered events for different α.,8,AUTOMATED_CAPTION_CANDIDATE; human visual confirmation required,1,UNKNOWN,UNKNOWN
P009,10.1109/taes.2024.3485601,A,18,15,UNCLASSIFIED,Average increase /Delta1V compared to DMPC for different α.,9,AUTOMATED_CAPTION_CANDIDATE; human visual confirmation required,1,UNKNOWN,UNKNOWN
P009,10.1109/taes.2024.3485601,A,19,16,UNCLASSIFIED,/Delta1V of different control strategies.,5,AUTOMATED_CAPTION_CANDIDATE; human visual confirmation required,1,UNKNOWN,UNKNOWN
P009,10.1109/taes.2024.3485601,A,20,16,UNCLASSIFIED,Event triggering instances of all member satellites.,7,AUTOMATED_CAPTION_CANDIDATE; human visual confirmation required,1,UNKNOWN,UNKNOWN
P009,10.1109/taes.2024.3485601,A,21,16,UNCLASSIFIED,CPU time of different control strategies.,6,AUTOMATED_CAPTION_CANDIDATE; human visual confirmation required,1,UNKNOWN,UNKNOWN
P010,10.1109/taes.2025.3550128,A,1,3,TRAJECTORY,Schematic diagram of UA V cooperative path planning.,8,AUTOMATED_CAPTION_CANDIDATE; human visual confirmation required,1,UNKNOWN,UNKNOWN
P010,10.1109/taes.2025.3550128,A,2,6,PROBLEM; SCENARIO; TRAJECTORY; QUANTITATIVE_RESULT,Path planning results in the static scenario. (a) MAPIO,9,AUTOMATED_CAPTION_CANDIDATE; human visual confirmation required,1,UNKNOWN,UNKNOWN
P010,10.1109/taes.2025.3550128,A,3,6,PROBLEM; SCENARIO; TRAJECTORY; QUANTITATIVE_RESULT,Path planning results in the dynamic scenario (with regular,9,AUTOMATED_CAPTION_CANDIDATE; human visual confirmation required,1,UNKNOWN,UNKNOWN
P010,10.1109/taes.2025.3550128,A,4,6,TRAJECTORY,Path and distance of the moving target with irregular motion. (a),11,AUTOMATED_CAPTION_CANDIDATE; human visual confirmation required,1,UNKNOWN,UNKNOWN
P010,10.1109/taes.2025.3550128,A,5,7,PROBLEM; SCENARIO,Distance between each UA V in the static scenario. (a) MAPIO algorithm. (b) DPIO algorithm. (c) Improved A-Star algorithm.,19,AUTOMATED_CAPTION_CANDIDATE; human visual confirmation required,3,UNKNOWN,UNKNOWN
P010,10.1109/taes.2025.3550128,A,6,7,PROBLEM; SCENARIO,Distance between UA Vs and moving targets in the dynamic scenario (with regular motion). (a) ET-MAPIO algorithm. (b) DDPIO algorithm.,20,AUTOMATED_CAPTION_CANDIDATE; human visual confirmation required,2,UNKNOWN,UNKNOWN
P010,10.1109/taes.2025.3550128,A,7,8,UNCLASSIFIED,Objective function and iteration times versus the different,8,AUTOMATED_CAPTION_CANDIDATE; human visual confirmation required,1,UNKNOWN,UNKNOWN
P010,10.1109/taes.2025.3550128,A,8,8,PROBLEM; SCENARIO,"shows that in different scenarios, autonomous",6,AUTOMATED_CAPTION_CANDIDATE; human visual confirmation required,1,UNKNOWN,UNKNOWN
P010,10.1109/taes.2025.3550128,A,9,9,UNCLASSIFIED,Objective function versus iteration times. (a) Convergence of,8,AUTOMATED_CAPTION_CANDIDATE; human visual confirmation required,1,UNKNOWN,UNKNOWN
P011,10.1109/taes.2025.3633213,A,1,2,UNCLASSIFIED,Schematic of the multistep PTG.,5,AUTOMATED_CAPTION_CANDIDATE; human visual confirmation required,1,UNKNOWN,UNKNOWN
P011,10.1109/taes.2025.3633213,A,2,6,UNCLASSIFIED,Local coordinate system and auxiliary lines.,6,AUTOMATED_CAPTION_CANDIDATE; human visual confirmation required,1,UNKNOWN,UNKNOWN
P011,10.1109/taes.2025.3633213,A,3,6,UNCLASSIFIED,Illustration of translation invariance.,4,AUTOMATED_CAPTION_CANDIDATE; human visual confirmation required,1,UNKNOWN,UNKNOWN
P011,10.1109/taes.2025.3633213,A,4,7,UNCLASSIFIED,Illustration of scaling invariance.,4,AUTOMATED_CAPTION_CANDIDATE; human visual confirmation required,1,UNKNOWN,UNKNOWN
P011,10.1109/taes.2025.3633213,A,5,8,UNCLASSIFIED,Structure of TD3.,3,AUTOMATED_CAPTION_CANDIDATE; human visual confirmation required,1,UNKNOWN,UNKNOWN
P011,10.1109/taes.2025.3633213,A,6,8,SCENARIO,Diagram of the environment settings.,5,AUTOMATED_CAPTION_CANDIDATE; human visual confirmation required,1,UNKNOWN,UNKNOWN
P011,10.1109/taes.2025.3633213,A,7,10,QUANTITATIVE_RESULT,Illustration of the following visualized results.,6,AUTOMATED_CAPTION_CANDIDATE; human visual confirmation required,1,UNKNOWN,UNKNOWN
P011,10.1109/taes.2025.3633213,A,8,11,PROBLEM; SCENARIO,Scenario 1. U-shape PT. P-PSO fails because it does not satisfy the electromagnetic constraints. (a) P-PSO. (b) L-PSO. (c) R-TD3.,20,AUTOMATED_CAPTION_CANDIDATE; human visual confirmation required,3,UNKNOWN,UNKNOWN
P011,10.1109/taes.2025.3633213,A,9,12,PROBLEM; SCENARIO,Scenario 2. The one-step optimization of the L-PSO leads to PT breaks. (a) P-PSO. (b) L-PSO. (c) R-TD3.,18,AUTOMATED_CAPTION_CANDIDATE; human visual confirmation required,3,UNKNOWN,UNKNOWN
P011,10.1109/taes.2025.3633213,A,10,12,PROBLEM; SCENARIO,Scenario 3. Hovering PT. Both P-PSO and L-PSO failed. (a) P-PSO. (b) L-PSO. (c) R-TD3.,15,AUTOMATED_CAPTION_CANDIDATE; human visual confirmation required,3,UNKNOWN,UNKNOWN
P011,10.1109/taes.2025.3633213,A,11,13,UNCLASSIFIED,Distortion of PT when the UA V initial heading deviates.,10,AUTOMATED_CAPTION_CANDIDATE; human visual confirmation required,1,UNKNOWN,UNKNOWN
P011,10.1109/taes.2025.3633213,A,12,14,UNCLASSIFIED,Mean PT completeness of R-TD3 and three variants.,8,AUTOMATED_CAPTION_CANDIDATE; human visual confirmation required,1,UNKNOWN,UNKNOWN
P011,10.1109/taes.2025.3633213,A,13,14,UNCLASSIFIED,Mean total ﬂight distance of R-TD3 and two variants.,9,AUTOMATED_CAPTION_CANDIDATE; human visual confirmation required,1,UNKNOWN,UNKNOWN
P011,10.1109/taes.2025.3633213,A,14,14,UNCLASSIFIED,"Mean PT completeness of R-TD3, R-PPO, and R-SAC.",8,AUTOMATED_CAPTION_CANDIDATE; human visual confirmation required,1,UNKNOWN,UNKNOWN
P012,10.1109/tai.2023.3237665,A,1,2,METHOD_FRAMEWORK; SCENARIO,Illustration of the proposed RGCRL framework for robotic control in adversarial and sparse reward environments.,15,AUTOMATED_CAPTION_CANDIDATE; human visual confirmation required,1,UNKNOWN,UNKNOWN
P012,10.1109/tai.2023.3237665,A,2,5,SCENARIO,Franka Emika Panda robot control environment. (a) Reach task. (b) Push task. (c) Pick-and-Place task. The target positions are green shaded.,21,AUTOMATED_CAPTION_CANDIDATE; human visual confirmation required,3,UNKNOWN,UNKNOWN
P012,10.1109/tai.2023.3237665,A,3,7,UNCLASSIFIED,"Training curves obtained via the TD3-HER, SAC-HER, RDDPG-HER, and RGCRL approaches on the three robotic control tasks with sparse rewards.",20,AUTOMATED_CAPTION_CANDIDATE; human visual confirmation required,1,UNKNOWN,UNKNOWN
P012,10.1109/tai.2023.3237665,A,4,7,UNCLASSIFIED,"Illustration of model testing scheme. In model testing, the robotic agent",11,AUTOMATED_CAPTION_CANDIDATE; human visual confirmation required,1,UNKNOWN,UNKNOWN
P012,10.1109/tai.2023.3237665,A,5,8,UNCLASSIFIED,Success rate of different robotic agents under the mixed adversarial attacks on observations. (a) Reach task. (b) Push task. (c) Pick-and-pla ce task.,23,AUTOMATED_CAPTION_CANDIDATE; human visual confirmation required,3,UNKNOWN,UNKNOWN
P012,10.1109/tai.2023.3237665,A,6,8,ROBUSTNESS,Robustness of different robotic agents on the three robotic control tasks under the mixed adversarial attacks on observations.,18,AUTOMATED_CAPTION_CANDIDATE; human visual confirmation required,1,UNKNOWN,UNKNOWN
P013,10.1109/tai.2024.3351797,A,1,4,UNCLASSIFIED,"We illustrate the safe RL by a 2-D obstacle avoi dance task where the constraint is the red area. In the constraint perception phase, we pretrain a",27,AUTOMATED_CAPTION_CANDIDATE; human visual confirmation required,1,UNKNOWN,UNKNOWN
P013,10.1109/tai.2024.3351797,A,2,6,UNCLASSIFIED,"Simulation experiments domains: (a) surg ical toll agent should bypass the red circle area to r each the green target; (b) is similar to (a), the 2 -D tasks",29,AUTOMATED_CAPTION_CANDIDATE; human visual confirmation required,2,UNKNOWN,UNKNOWN
P013,10.1109/tai.2024.3351797,A,3,7,SCENARIO,Learned geometry of the constraint. (a) and (b) Use the heatmap to visualize the geometry of constraints of tasks 1 and 2 as shown in Fig. 2.,27,AUTOMATED_CAPTION_CANDIDATE; human visual confirmation required,2,UNKNOWN,UNKNOWN
P013,10.1109/tai.2024.3351797,A,4,7,UNCLASSIFIED,Reward learning curve: the curves show the CR in each episode an d averaged over every ten episodes. We run each algorithm ten times with,25,AUTOMATED_CAPTION_CANDIDATE; human visual confirmation required,1,UNKNOWN,UNKNOWN
P013,10.1109/tai.2024.3351797,A,5,8,UNCLASSIFIED,"Cumulative task success curve: the cumulati ve successes in each task for each algorithm, with re sults averaged over ten runs for all algorithm s.",25,AUTOMATED_CAPTION_CANDIDATE; human visual confirmation required,1,UNKNOWN,UNKNOWN
P013,10.1109/tai.2024.3351797,A,6,8,QUANTITATIVE_RESULT,"Cumulative constraint violation curve: t he cumulative violations in each task for each algorithm, with results averaged over ten runs for all algorithms.",23,AUTOMATED_CAPTION_CANDIDATE; human visual confirmation required,1,UNKNOWN,UNKNOWN
P013,10.1109/tai.2024.3351797,A,7,9,UNCLASSIFIED,Physical experiment setup. The left side depicts the robotic system,10,AUTOMATED_CAPTION_CANDIDATE; human visual confirmation required,1,UNKNOWN,UNKNOWN
P013,10.1109/tai.2024.3351797,A,8,9,UNCLASSIFIED,Minimum distance between the center point of the PSM tool tip,11,AUTOMATED_CAPTION_CANDIDATE; human visual confirmation required,1,UNKNOWN,UNKNOWN
P014,10.1109/tai.2025.3607722,A,1,2,UNCLASSIFIED,Schematic diagram of the proposed multirate distributed RHRL,8,AUTOMATED_CAPTION_CANDIDATE; human visual confirmation required,1,UNKNOWN,UNKNOWN
P014,10.1109/tai.2025.3607722,A,2,4,UNCLASSIFIED,Illustrative example of the deﬁnition of neighbors in formation,9,AUTOMATED_CAPTION_CANDIDATE; human visual confirmation required,1,UNKNOWN,UNKNOWN
P014,10.1109/tai.2025.3607722,A,3,9,PROBLEM; SCENARIO,Multirate UA V–UGV cooperation in a circular formation scenario. (a) Communication topology of the UA V–UGV system. (b) UA V–UGV formation,21,AUTOMATED_CAPTION_CANDIDATE; human visual confirmation required,2,UNKNOWN,UNKNOWN
P014,10.1109/tai.2025.3607722,A,4,9,UNCLASSIFIED,"Learned cumulative cost with the running episode to go, where Jc",11,AUTOMATED_CAPTION_CANDIDATE; human visual confirmation required,1,UNKNOWN,UNKNOWN
P014,10.1109/tai.2025.3607722,A,5,10,PROBLEM; SCENARIO,"Multirate UA V–UGV cooperation in a cooper ative search scenario where UGVs retain the rectangular formation, and the UA Vs keep the circular",23,AUTOMATED_CAPTION_CANDIDATE; human visual confirmation required,1,UNKNOWN,UNKNOWN
P014,10.1109/tai.2025.3607722,A,6,10,PROBLEM; SCENARIO,Multirate UA V–UGV cooperation i n a cooperative search scenario,10,AUTOMATED_CAPTION_CANDIDATE; human visual confirmation required,1,UNKNOWN,UNKNOWN
P014,10.1109/tai.2025.3607722,A,7,11,METHOD_FRAMEWORK; TRAJECTORY; ROBUSTNESS,Scalability and robustness of t he proposed framework under a coordinated mission incl uding 6 UA Vs and 12 UGVs. (a) UA V–UGV formation paths,25,AUTOMATED_CAPTION_CANDIDATE; human visual confirmation required,1,UNKNOWN,UNKNOWN
P014,10.1109/tai.2025.3607722,A,8,12,METHOD_FRAMEWORK; QUALITATIVE_RESULT,Experimental validation of the proposed framework under a coordinated mission including 12 UA Vs and 6 UGVs. (a)–(f) Snapshots of critical,21,AUTOMATED_CAPTION_CANDIDATE; human visual confirmation required,2,UNKNOWN,UNKNOWN
P015,10.1109/tai.2025.3607790,A,1,3,UNCLASSIFIED,Interaction graph of the clusters.,5,AUTOMATED_CAPTION_CANDIDATE; human visual confirmation required,1,UNKNOWN,UNKNOWN
P015,10.1109/tai.2025.3607790,A,2,9,UNCLASSIFIED,Trajectories of ||Mp,3,AUTOMATED_CAPTION_CANDIDATE; human visual confirmation required,1,UNKNOWN,UNKNOWN
P015,10.1109/tai.2025.3607790,A,3,9,UNCLASSIFIED,Trajectories of ||Mp,3,AUTOMATED_CAPTION_CANDIDATE; human visual confirmation required,1,UNKNOWN,UNKNOWN
P015,10.1109/tai.2025.3607790,A,4,9,UNCLASSIFIED,Trajectories of ||Mp,3,AUTOMATED_CAPTION_CANDIDATE; human visual confirmation required,1,UNKNOWN,UNKNOWN
P015,10.1109/tai.2025.3607790,A,5,9,UNCLASSIFIED,Trajectories of ||Mp,3,AUTOMATED_CAPTION_CANDIDATE; human visual confirmation required,1,UNKNOWN,UNKNOWN
P015,10.1109/tai.2025.3607790,A,6,10,UNCLASSIFIED,Trajectories of followers and leaders.,5,AUTOMATED_CAPTION_CANDIDATE; human visual confirmation required,1,UNKNOWN,UNKNOWN
P015,10.1109/tai.2025.3607790,A,7,10,UNCLASSIFIED,Curves of cluster consensus tracking errors.,6,AUTOMATED_CAPTION_CANDIDATE; human visual confirmation required,1,UNKNOWN,UNKNOWN
P015,10.1109/tai.2025.3607790,A,8,10,UNCLASSIFIED,Curves of the norms of control inputs ui.,8,AUTOMATED_CAPTION_CANDIDATE; human visual confirmation required,1,UNKNOWN,UNKNOWN
P016,10.1109/tase.2025.3558945,A,1,5,UNCLASSIFIED,Laser-Charged UA V data collection and rechargeable SN for agricul-,10,AUTOMATED_CAPTION_CANDIDATE; human visual confirmation required,1,UNKNOWN,UNKNOWN
P016,10.1109/tase.2025.3558945,A,2,10,UNCLASSIFIED,MA-DDQN-based Network.,2,AUTOMATED_CAPTION_CANDIDATE; human visual confirmation required,1,UNKNOWN,UNKNOWN
P016,10.1109/tase.2025.3558945,A,3,10,UNCLASSIFIED,Logical network topology diagram.,4,AUTOMATED_CAPTION_CANDIDATE; human visual confirmation required,1,UNKNOWN,UNKNOWN
P016,10.1109/tase.2025.3558945,A,4,12,QUANTITATIVE_RESULT,Convergence performance with a) loss value and b) memory batch,10,AUTOMATED_CAPTION_CANDIDATE; human visual confirmation required,1,UNKNOWN,UNKNOWN
P016,10.1109/tase.2025.3558945,A,5,12,QUANTITATIVE_RESULT,Performance training includes: a) Data delivery capacity of the UA V,11,AUTOMATED_CAPTION_CANDIDATE; human visual confirmation required,1,UNKNOWN,UNKNOWN
P016,10.1109/tase.2025.3558945,A,6,13,TRAJECTORY,Trajectory path planning: a) Data collection time with 10 UA Vs,11,AUTOMATED_CAPTION_CANDIDATE; human visual confirmation required,1,UNKNOWN,UNKNOWN
P016,10.1109/tase.2025.3558945,A,7,14,TRAJECTORY; QUANTITATIVE_RESULT,Performance for Trajectory Path: (a) Task completion time for the number of agents (b) Lifetime of sensor nodes (c) UA V charging energy over time.,25,AUTOMATED_CAPTION_CANDIDATE; human visual confirmation required,3,UNKNOWN,UNKNOWN
P016,10.1109/tase.2025.3558945,A,8,14,QUANTITATIVE_RESULT,The performance evaluation of the proposed method compared to conventional algorithms is presented in terms of: (a) Task completion time versus,21,AUTOMATED_CAPTION_CANDIDATE; human visual confirmation required,1,UNKNOWN,UNKNOWN
P017,10.1109/tase.2024.3432405,A,1,5,UNCLASSIFIED,"ConsDRED-SMPC: (i) a wind estimator, i.e., VID-Fusion [20]; (ii) an",10,AUTOMATED_CAPTION_CANDIDATE; human visual confirmation required,1,UNKNOWN,UNKNOWN
P017,10.1109/tase.2024.3432405,A,2,11,PROBLEM; SCENARIO,The simulation scenario: both reference trajectories with/without,7,AUTOMATED_CAPTION_CANDIDATE; human visual confirmation required,1,UNKNOWN,UNKNOWN
P017,10.1109/tase.2024.3432405,A,3,11,UNCLASSIFIED,(b).,1,AUTOMATED_CAPTION_CANDIDATE; human visual confirmation required,1,UNKNOWN,UNKNOWN
P017,10.1109/tase.2024.3432405,A,4,12,SENSITIVITY; ROBUSTNESS,"The robustness of different hyperparameters - i.e., the tolerance τ c",11,AUTOMATED_CAPTION_CANDIDATE; human visual confirmation required,1,UNKNOWN,UNKNOWN
P017,10.1109/tase.2024.3432405,A,5,13,QUANTITATIVE_RESULT,"Simulation tracking performance assessed with variance measurement: the external force estimation e f (m/s2), linear velocity ∥V B ∥2, acceleration",20,AUTOMATED_CAPTION_CANDIDATE; human visual confirmation required,1,UNKNOWN,UNKNOWN
P017,10.1109/tase.2024.3432405,A,6,13,QUANTITATIVE_RESULT,"Simulation result from one run: the external force estimation e f , the control input Ty (expressed in the body frame), and tracking position error (m).",26,AUTOMATED_CAPTION_CANDIDATE; human visual confirmation required,1,UNKNOWN,UNKNOWN
P017,10.1109/tase.2024.3432405,A,7,14,PROBLEM; SCENARIO; REAL_WORLD,Real-world Scenario 1: tracking trajectories under external forces,8,AUTOMATED_CAPTION_CANDIDATE; human visual confirmation required,1,UNKNOWN,UNKNOWN
P017,10.1109/tase.2024.3432405,A,8,15,PROBLEM; SCENARIO; REAL_WORLD,Real-world Scenario 2: tracking trajectories around the static (no,9,AUTOMATED_CAPTION_CANDIDATE; human visual confirmation required,1,UNKNOWN,UNKNOWN
P017,10.1109/tase.2024.3432405,A,9,15,PROBLEM; SCENARIO; REAL_WORLD,Real-world Scenario 3: tracking trajectories under external forces,8,AUTOMATED_CAPTION_CANDIDATE; human visual confirmation required,1,UNKNOWN,UNKNOWN
P018,10.1109/tase.2025.3574280,A,1,3,UNCLASSIFIED,The schematic of the multi-agent system for CA V control.,10,AUTOMATED_CAPTION_CANDIDATE; human visual confirmation required,1,UNKNOWN,UNKNOWN
P018,10.1109/tase.2025.3574280,A,2,4,UNCLASSIFIED,Illustration of centralized training with decentralized execution,7,AUTOMATED_CAPTION_CANDIDATE; human visual confirmation required,1,UNKNOWN,UNKNOWN
P018,10.1109/tase.2025.3574280,A,3,4,UNCLASSIFIED,Illustration of decentralized training with decentralized execution,7,AUTOMATED_CAPTION_CANDIDATE; human visual confirmation required,1,UNKNOWN,UNKNOWN
P018,10.1109/tase.2025.3574280,A,4,7,PROBLEM; SCENARIO,One-dimensional cooperation scenarios: the case of platooning control.,8,AUTOMATED_CAPTION_CANDIDATE; human visual confirmation required,1,UNKNOWN,UNKNOWN
P018,10.1109/tase.2025.3574280,A,5,9,PROBLEM; SCENARIO,Two-dimensional cooperation scenario.,3,AUTOMATED_CAPTION_CANDIDATE; human visual confirmation required,1,UNKNOWN,UNKNOWN
P018,10.1109/tase.2025.3574280,A,6,10,PROBLEM; SCENARIO,Three-dimensional cooperation scenarios: (a) Tra ﬃc Signal Coordination; (b) Merging on-ramps;(c) Unsignalized intersections.,13,AUTOMATED_CAPTION_CANDIDATE; human visual confirmation required,3,UNKNOWN,UNKNOWN
P018,10.1109/tase.2025.3574280,A,7,14,PROBLEM; SCENARIO,Representative scenarios in di ﬀerent simulators: (a) SUMO [159]; (b) CityFlow [160]; (c) SMARTS [161]; (d) MetaDrive [120]; (e) CARLA [162];,21,AUTOMATED_CAPTION_CANDIDATE; human visual confirmation required,5,UNKNOWN,UNKNOWN
P019,10.1109/tase.2026.3653413,A,1,4,SYSTEM_OVERVIEW,System architecture diagram of the integrated approach using improved,9,AUTOMATED_CAPTION_CANDIDATE; human visual confirmation required,1,UNKNOWN,UNKNOWN
P019,10.1109/tase.2026.3653413,A,2,4,UNCLASSIFIED,"(a) Traditional A ∗ algorithm, and (b) improved A ∗ algorithm.",11,AUTOMATED_CAPTION_CANDIDATE; human visual confirmation required,2,UNKNOWN,UNKNOWN
P019,10.1109/tase.2026.3653413,A,3,4,TRAJECTORY,"After the DP algorithm, the optimized path is shown",9,AUTOMATED_CAPTION_CANDIDATE; human visual confirmation required,1,UNKNOWN,UNKNOWN
P019,10.1109/tase.2026.3653413,A,4,4,TRAJECTORY; QUANTITATIVE_RESULT,Schematic before and after comparison of path optimization based on,10,AUTOMATED_CAPTION_CANDIDATE; human visual confirmation required,1,UNKNOWN,UNKNOWN
P019,10.1109/tase.2026.3653413,A,5,5,TRAJECTORY; QUANTITATIVE_RESULT,Simulation results after smoothing with B-splines: (a) the path,9,AUTOMATED_CAPTION_CANDIDATE; human visual confirmation required,1,UNKNOWN,UNKNOWN
P019,10.1109/tase.2026.3653413,A,6,5,UNCLASSIFIED,"Ackermann kinematic model: (a) Ackerman steering mechanism, and",8,AUTOMATED_CAPTION_CANDIDATE; human visual confirmation required,1,UNKNOWN,UNKNOWN
P019,10.1109/tase.2026.3653413,A,7,6,UNCLASSIFIED,Fuzzy dynamic window approach system.,5,AUTOMATED_CAPTION_CANDIDATE; human visual confirmation required,1,UNKNOWN,UNKNOWN
P019,10.1109/tase.2026.3653413,A,8,7,UNCLASSIFIED,The ﬂowchart of the fusion algorithm.,6,AUTOMATED_CAPTION_CANDIDATE; human visual confirmation required,1,UNKNOWN,UNKNOWN
P019,10.1109/tase.2026.3653413,A,9,7,METHOD_FRAMEWORK,Framework diagram of adaptive Fuzzy PID controller.,7,AUTOMATED_CAPTION_CANDIDATE; human visual confirmation required,1,UNKNOWN,UNKNOWN
P019,10.1109/tase.2026.3653413,A,10,9,TRAJECTORY; QUANTITATIVE_RESULT,"Global path planning results for six algorithms: (a) RRT, (b) RRT ∗,",12,AUTOMATED_CAPTION_CANDIDATE; human visual confirmation required,2,UNKNOWN,UNKNOWN
P019,10.1109/tase.2026.3653413,A,11,10,TRAJECTORY; QUANTITATIVE_RESULT,Local path planning results for ﬁve algorithms: (a) simulation,9,AUTOMATED_CAPTION_CANDIDATE; human visual confirmation required,1,UNKNOWN,UNKNOWN
P019,10.1109/tase.2026.3653413,A,12,10,UNCLASSIFIED,"(a) The course angle changes of TEB and reference [13], and",11,AUTOMATED_CAPTION_CANDIDATE; human visual confirmation required,1,UNKNOWN,UNKNOWN
P019,10.1109/tase.2026.3653413,A,13,11,TRAJECTORY; QUANTITATIVE_RESULT,"(a) The results of trajectory tracking simulation, and (b) the tracking",11,AUTOMATED_CAPTION_CANDIDATE; human visual confirmation required,2,UNKNOWN,UNKNOWN
P019,10.1109/tase.2026.3653413,A,14,11,TRAJECTORY,"(a) The experimental scene, and (b) the moving trajectory.",9,AUTOMATED_CAPTION_CANDIDATE; human visual confirmation required,2,UNKNOWN,UNKNOWN
P019,10.1109/tase.2026.3653413,A,15,11,UNCLASSIFIED,Linear velocity proﬁles of the vehicle.,6,AUTOMATED_CAPTION_CANDIDATE; human visual confirmation required,1,UNKNOWN,UNKNOWN
P020,10.1109/tase.2026.3689345,A,1,4,PROBLEM; SCENARIO,Overview of the agents trainer architecture: blue solid arrows denote the single forward training ﬂow A→ B → C → D (Task → Scenario → Reward,26,AUTOMATED_CAPTION_CANDIDATE; human visual confirmation required,1,UNKNOWN,UNKNOWN
P020,10.1109/tase.2026.3689345,A,2,4,UNCLASSIFIED,Workﬂow of the task agent.,5,AUTOMATED_CAPTION_CANDIDATE; human visual confirmation required,1,UNKNOWN,UNKNOWN
P020,10.1109/tase.2026.3689345,A,3,4,PROBLEM; SCENARIO,Workﬂow of the scenario agent.,5,AUTOMATED_CAPTION_CANDIDATE; human visual confirmation required,1,UNKNOWN,UNKNOWN
P020,10.1109/tase.2026.3689345,A,4,5,UNCLASSIFIED,Workﬂow of the reward agent.,5,AUTOMATED_CAPTION_CANDIDATE; human visual confirmation required,1,UNKNOWN,UNKNOWN
P020,10.1109/tase.2026.3689345,A,5,5,UNCLASSIFIED,Workﬂow of the training agent.,5,AUTOMATED_CAPTION_CANDIDATE; human visual confirmation required,1,UNKNOWN,UNKNOWN
P020,10.1109/tase.2026.3689345,A,6,5,UNCLASSIFIED,Workﬂow of the Eval agent.,5,AUTOMATED_CAPTION_CANDIDATE; human visual confirmation required,1,UNKNOWN,UNKNOWN
P020,10.1109/tase.2026.3689345,A,7,6,UNCLASSIFIED,Workﬂow of the evolution agent.,5,AUTOMATED_CAPTION_CANDIDATE; human visual confirmation required,1,UNKNOWN,UNKNOWN
P020,10.1109/tase.2026.3689345,A,8,8,ABLATION,Ablation study on QuadSwarm.,4,AUTOMATED_CAPTION_CANDIDATE; human visual confirmation required,1,UNKNOWN,UNKNOWN
P020,10.1109/tase.2026.3689345,A,9,9,QUANTITATIVE_RESULT; SENSITIVITY; ROBUSTNESS,"Results of (a) sensitivity analysis, (b) robustness analysis, and (c) resource cost.",12,AUTOMATED_CAPTION_CANDIDATE; human visual confirmation required,3,UNKNOWN,UNKNOWN
P020,10.1109/tase.2026.3689345,A,10,9,METHOD_FRAMEWORK,Multi-granularity Sim2Real pipeline. (A) obtain observations in,7,AUTOMATED_CAPTION_CANDIDATE; human visual confirmation required,1,UNKNOWN,UNKNOWN
P020,10.1109/tase.2026.3689345,A,11,11,SCENARIO,Illustrations of experimental environments. Left to right:,7,AUTOMATED_CAPTION_CANDIDATE; human visual confirmation required,1,UNKNOWN,UNKNOWN
P020,10.1109/tase.2026.3689345,A,12,11,UNCLASSIFIED,Agents trainer vs. MARL baselines on MPE: SR learning curves,10,AUTOMATED_CAPTION_CANDIDATE; human visual confirmation required,1,UNKNOWN,UNKNOWN
P020,10.1109/tase.2026.3689345,A,13,11,UNCLASSIFIED,Agents Trainer vs. reward generation baselines on MPE: SR learning,10,AUTOMATED_CAPTION_CANDIDATE; human visual confirmation required,1,UNKNOWN,UNKNOWN
P020,10.1109/tase.2026.3689345,A,14,12,UNCLASSIFIED,Agents trainer vs. baselines on the QuadSwarm simulator: SR,9,AUTOMATED_CAPTION_CANDIDATE; human visual confirmation required,1,UNKNOWN,UNKNOWN
P020,10.1109/tase.2026.3689345,A,15,13,QUALITATIVE_RESULT,QuadSwarm positions and trails from real rollouts. Rows correspond to tasks; columns show time-ordered snapshots at selected timestamps. Disks,19,AUTOMATED_CAPTION_CANDIDATE; human visual confirmation required,1,UNKNOWN,UNKNOWN
P020,10.1109/tase.2026.3689345,A,16,13,QUALITATIVE_RESULT,Shape Assembly on hardware: six snapshots from init to “A-G-E-,10,AUTOMATED_CAPTION_CANDIDATE; human visual confirmation required,1,UNKNOWN,UNKNOWN
P021,10.1109/tase.2025.3601665,A,1,2,UNCLASSIFIED,Illustration of UA V rescue operations.,6,AUTOMATED_CAPTION_CANDIDATE; human visual confirmation required,1,UNKNOWN,UNKNOWN
P021,10.1109/tase.2025.3601665,A,2,3,UNCLASSIFIED,The yaw and pitch angles.,5,AUTOMATED_CAPTION_CANDIDATE; human visual confirmation required,1,UNKNOWN,UNKNOWN
P021,10.1109/tase.2025.3601665,A,3,3,UNCLASSIFIED,UA V state.,3,AUTOMATED_CAPTION_CANDIDATE; human visual confirmation required,1,UNKNOWN,UNKNOWN
P021,10.1109/tase.2025.3601665,A,4,5,PROBLEM; SCENARIO,Unreachable target problem in a 3D environment.,7,AUTOMATED_CAPTION_CANDIDATE; human visual confirmation required,1,UNKNOWN,UNKNOWN
P021,10.1109/tase.2025.3601665,A,5,6,METHOD_FRAMEWORK,Framework of TD3 algorithm.,4,AUTOMATED_CAPTION_CANDIDATE; human visual confirmation required,1,UNKNOWN,UNKNOWN
P021,10.1109/tase.2025.3601665,A,6,7,METHOD_FRAMEWORK,The framework of the proposed algorithm.,6,AUTOMATED_CAPTION_CANDIDATE; human visual confirmation required,1,UNKNOWN,UNKNOWN
P021,10.1109/tase.2025.3601665,A,7,8,UNCLASSIFIED,illustrates the ﬂight trajectories of ﬁve algorithms.,7,AUTOMATED_CAPTION_CANDIDATE; human visual confirmation required,1,UNKNOWN,UNKNOWN
P021,10.1109/tase.2025.3601665,A,8,9,TRAJECTORY; QUANTITATIVE_RESULT,Navigation performance((a)success rate; (b)path length; (c)path,6,AUTOMATED_CAPTION_CANDIDATE; human visual confirmation required,3,UNKNOWN,UNKNOWN
P021,10.1109/tase.2025.3601665,A,9,10,UNCLASSIFIED,Reward functions for ﬁve algorithms((a) one random seed; (b) 10,10,AUTOMATED_CAPTION_CANDIDATE; human visual confirmation required,2,UNKNOWN,UNKNOWN
P021,10.1109/tase.2025.3601665,A,10,10,TRAJECTORY; QUANTITATIVE_RESULT,Path length comparison((a) Path length comparison in a dense obsta-,10,AUTOMATED_CAPTION_CANDIDATE; human visual confirmation required,1,UNKNOWN,UNKNOWN
P021,10.1109/tase.2025.3601665,A,11,11,SCENARIO,Navigation trajectories in a dense obstacle environment((a) Top-down,8,AUTOMATED_CAPTION_CANDIDATE; human visual confirmation required,1,UNKNOWN,UNKNOWN
P021,10.1109/tase.2025.3601665,A,12,10,TRAJECTORY,illustrates paths in the expanded ﬂight area sce-,8,AUTOMATED_CAPTION_CANDIDATE; human visual confirmation required,1,UNKNOWN,UNKNOWN
P021,10.1109/tase.2025.3601665,A,13,11,SCENARIO,Navigation trajectories in a dynamic environment.,6,AUTOMATED_CAPTION_CANDIDATE; human visual confirmation required,1,UNKNOWN,UNKNOWN
P021,10.1109/tase.2025.3601665,A,14,11,TRAJECTORY,depicts the distinct ﬂight paths of three UA Vs in,10,AUTOMATED_CAPTION_CANDIDATE; human visual confirmation required,1,UNKNOWN,UNKNOWN
P021,10.1109/tase.2025.3601665,A,15,12,UNCLASSIFIED,Simulated navigation trajectories.,3,AUTOMATED_CAPTION_CANDIDATE; human visual confirmation required,1,UNKNOWN,UNKNOWN
P021,10.1109/tase.2025.3601665,A,16,12,UNCLASSIFIED,Trajectories shown in satellite imagery.,5,AUTOMATED_CAPTION_CANDIDATE; human visual confirmation required,1,UNKNOWN,UNKNOWN
P021,10.1109/tase.2025.3601665,A,17,12,SCENARIO,Overhead view in real environment.,5,AUTOMATED_CAPTION_CANDIDATE; human visual confirmation required,1,UNKNOWN,UNKNOWN
P022,10.1109/tase.2024.3424677,A,1,2,UNCLASSIFIED,A set of robotic flexible fixtures working with a serial manipulator,11,AUTOMATED_CAPTION_CANDIDATE; human visual confirmation required,1,UNKNOWN,UNKNOWN
P022,10.1109/tase.2024.3424677,A,2,4,QUANTITATIVE_RESULT,Comparison between the architecture of a centralized multi-agent reinforcement learning (LEFT) and the decentralized multi-agent reinforcement,16,AUTOMATED_CAPTION_CANDIDATE; human visual confirmation required,1,UNKNOWN,UNKNOWN
P022,10.1109/tase.2024.3424677,A,3,6,UNCLASSIFIED,The multi-variable Gaussian reward function. The values of dx and,10,AUTOMATED_CAPTION_CANDIDATE; human visual confirmation required,1,UNKNOWN,UNKNOWN
P022,10.1109/tase.2024.3424677,A,4,7,SCENARIO,An outline of the training process for the multi-robot fixture planner. Each agent policy φ maps an action to a drilling position based on the joint,26,AUTOMATED_CAPTION_CANDIDATE; human visual confirmation required,1,UNKNOWN,UNKNOWN
P022,10.1109/tase.2024.3424677,A,5,8,PROBLEM; SCENARIO; QUANTITATIVE_RESULT,Results from the n-player game scenario for the wing panel: (a) An equilibrium plot for the 2-player game that demonstrates the existence of,23,AUTOMATED_CAPTION_CANDIDATE; human visual confirmation required,1,UNKNOWN,UNKNOWN
P022,10.1109/tase.2024.3424677,A,6,8,QUANTITATIVE_RESULT,"Results of the training and evaluation of the wing panel multi-agent fixture planner, the top row being training results and bottom row being evaluation",24,AUTOMATED_CAPTION_CANDIDATE; human visual confirmation required,1,UNKNOWN,UNKNOWN
P022,10.1109/tase.2024.3424677,A,7,9,UNCLASSIFIED,(a) Representative model of the wing spar used in experimentation;,10,AUTOMATED_CAPTION_CANDIDATE; human visual confirmation required,1,UNKNOWN,UNKNOWN
P022,10.1109/tase.2024.3424677,A,8,10,QUANTITATIVE_RESULT,Results of the training and evaluation of the front spar multi-agent fixture planner:(a) The episodic return at training time; (b) number of holes within,24,AUTOMATED_CAPTION_CANDIDATE; human visual confirmation required,2,UNKNOWN,UNKNOWN
P022,10.1109/tase.2024.3424677,A,9,10,UNCLASSIFIED,Representative model of the wing spar model used in the experimen-,11,AUTOMATED_CAPTION_CANDIDATE; human visual confirmation required,1,UNKNOWN,UNKNOWN
P023,10.1109/tcns.2026.3722606,A,1,1,UNCLASSIFIED,A dynamical dependency graph illustrating the entangled dynamics,8,AUTOMATED_CAPTION_CANDIDATE; human visual confirmation required,1,UNKNOWN,UNKNOWN
P023,10.1109/tcns.2026.3722606,A,2,6,QUALITATIVE_RESULT,Snapshots of the simulation of decentralized time-varying leader-follower formation control in Section IV-A. The twelve follower robots are,18,AUTOMATED_CAPTION_CANDIDATE; human visual confirmation required,1,UNKNOWN,UNKNOWN
P023,10.1109/tcns.2026.3722606,A,3,6,UNCLASSIFIED,The evolution of the total PE-TVCF of the follower robots defined,11,AUTOMATED_CAPTION_CANDIDATE; human visual confirmation required,1,UNKNOWN,UNKNOWN
P023,10.1109/tcns.2026.3722606,A,4,6,UNCLASSIFIED,The evolution of the PE-TVCF for each follower robot defined in,11,AUTOMATED_CAPTION_CANDIDATE; human visual confirmation required,1,UNKNOWN,UNKNOWN
P023,10.1109/tcns.2026.3722606,A,5,7,QUALITATIVE_RESULT,Snapshots of the physical experiment of decentralized coverage control for time-varying density distribution in Section IV-B. Each robot is in,20,AUTOMATED_CAPTION_CANDIDATE; human visual confirmation required,1,UNKNOWN,UNKNOWN
P023,10.1109/tcns.2026.3722606,A,6,7,UNCLASSIFIED,The evolution of the total PE-TVCF defined in Section IV-B with,11,AUTOMATED_CAPTION_CANDIDATE; human visual confirmation required,1,UNKNOWN,UNKNOWN
P023,10.1109/tcns.2026.3722606,A,7,8,SCENARIO; QUALITATIVE_RESULT,Snapshots of the physical experiment for safe formation navigation in a dense environment in Section IV-C. The magenta lines represent the,21,AUTOMATED_CAPTION_CANDIDATE; human visual confirmation required,1,UNKNOWN,UNKNOWN
P023,10.1109/tcns.2026.3722606,A,8,8,UNCLASSIFIED,The evolution of the total PE-TVCF of the follower robots defined,11,AUTOMATED_CAPTION_CANDIDATE; human visual confirmation required,1,UNKNOWN,UNKNOWN
P024,10.1109/tcns.2026.3697318,A,1,2,UNCLASSIFIED,(1a) The attacker deviates the red robot into a forbidden,10,AUTOMATED_CAPTION_CANDIDATE; human visual confirmation required,1,UNKNOWN,UNKNOWN
P024,10.1109/tcns.2026.3697318,A,2,3,SCENARIO,(2a) Illustration of a 3 robot map exploration task case.,10,AUTOMATED_CAPTION_CANDIDATE; human visual confirmation required,1,UNKNOWN,UNKNOWN
P024,10.1109/tcns.2026.3697318,A,3,4,TRAJECTORY,"(3a) The black line is the planned trajectory, q1 and q2",11,AUTOMATED_CAPTION_CANDIDATE; human visual confirmation required,1,UNKNOWN,UNKNOWN
P024,10.1109/tcns.2026.3697318,A,4,6,TRAJECTORY,Trajectory design of a three-robot system based on the,9,AUTOMATED_CAPTION_CANDIDATE; human visual confirmation required,1,UNKNOWN,UNKNOWN
P024,10.1109/tcns.2026.3697318,A,5,8,UNCLASSIFIED,"Example of Algorithm 1. Start at both ends, each tra-",10,AUTOMATED_CAPTION_CANDIDATE; human visual confirmation required,1,UNKNOWN,UNKNOWN
P024,10.1109/tcns.2026.3697318,A,6,8,UNCLASSIFIED,(6a) The latest departure node qd,6,AUTOMATED_CAPTION_CANDIDATE; human visual confirmation required,1,UNKNOWN,UNKNOWN
P024,10.1109/tcns.2026.3697318,A,7,9,TRAJECTORY,(7a) The cross-trajectory co-observation plan is shown,7,AUTOMATED_CAPTION_CANDIDATE; human visual confirmation required,1,UNKNOWN,UNKNOWN
P024,10.1109/tcns.2026.3697318,A,8,10,TRAJECTORY; QUANTITATIVE_RESULT,(8a) Cross-trajectory co-observation result of a 4 sub-,8,AUTOMATED_CAPTION_CANDIDATE; human visual confirmation required,1,UNKNOWN,UNKNOWN
P025,10.1109/tcns.2024.3378392,A,1,2,UNCLASSIFIED,Diagram of an ASV .,5,AUTOMATED_CAPTION_CANDIDATE; human visual confirmation required,1,UNKNOWN,UNKNOWN
P025,10.1109/tcns.2024.3378392,A,2,10,UNCLASSIFIED,Interaction topology: directed spanning tree.,5,AUTOMATED_CAPTION_CANDIDATE; human visual confirmation required,1,UNKNOWN,UNKNOWN
P025,10.1109/tcns.2024.3378392,A,3,10,UNCLASSIFIED,Interaction topology: directed cycle.,4,AUTOMATED_CAPTION_CANDIDATE; human visual confirmation required,1,UNKNOWN,UNKNOWN
P025,10.1109/tcns.2024.3378392,A,4,10,TRAJECTORY,Paths followed by the agents. The initial conditions and ﬁnal,10,AUTOMATED_CAPTION_CANDIDATE; human visual confirmation required,1,UNKNOWN,UNKNOWN
P025,10.1109/tcns.2024.3378392,A,5,10,UNCLASSIFIED,Interagent distances. The dashed lines represent the connec-,8,AUTOMATED_CAPTION_CANDIDATE; human visual confirmation required,1,UNKNOWN,UNKNOWN
P025,10.1109/tcns.2024.3378392,A,6,10,UNCLASSIFIED,Norms of the formation/tracking errors.,5,AUTOMATED_CAPTION_CANDIDATE; human visual confirmation required,1,UNKNOWN,UNKNOWN
P025,10.1109/tcns.2024.3378392,A,7,10,UNCLASSIFIED,Norms of the velocity errors.,5,AUTOMATED_CAPTION_CANDIDATE; human visual confirmation required,1,UNKNOWN,UNKNOWN
P025,10.1109/tcns.2024.3378392,A,8,10,UNCLASSIFIED,Surge velocities under the soft-constraint requirement.,6,AUTOMATED_CAPTION_CANDIDATE; human visual confirmation required,1,UNKNOWN,UNKNOWN
P025,10.1109/tcns.2024.3378392,A,9,10,UNCLASSIFIED,Surge velocities without the soft-constraint requirement.,6,AUTOMATED_CAPTION_CANDIDATE; human visual confirmation required,1,UNKNOWN,UNKNOWN
P025,10.1109/tcns.2024.3378392,A,10,11,TRAJECTORY,Paths followed by the agents. The initial conditions and ﬁnal,10,AUTOMATED_CAPTION_CANDIDATE; human visual confirmation required,1,UNKNOWN,UNKNOWN
P025,10.1109/tcns.2024.3378392,A,11,11,UNCLASSIFIED,Interagent distances. The dashed lines represent the connec-,8,AUTOMATED_CAPTION_CANDIDATE; human visual confirmation required,1,UNKNOWN,UNKNOWN
P025,10.1109/tcns.2024.3378392,A,12,11,UNCLASSIFIED,Norms of the formation/tracking errors.,5,AUTOMATED_CAPTION_CANDIDATE; human visual confirmation required,1,UNKNOWN,UNKNOWN
P025,10.1109/tcns.2024.3378392,A,13,11,UNCLASSIFIED,Norms of the velocity errors.,5,AUTOMATED_CAPTION_CANDIDATE; human visual confirmation required,1,UNKNOWN,UNKNOWN
P025,10.1109/tcns.2024.3378392,A,14,11,UNCLASSIFIED,Surge velocities under the soft-constraint requirement.,6,AUTOMATED_CAPTION_CANDIDATE; human visual confirmation required,1,UNKNOWN,UNKNOWN
P025,10.1109/tcns.2024.3378392,A,15,11,UNCLASSIFIED,Surge velocities without the soft-constraint requirement.,6,AUTOMATED_CAPTION_CANDIDATE; human visual confirmation required,1,UNKNOWN,UNKNOWN
P026,10.1109/tcns.2021.3124926,A,1,8,UNCLASSIFIED,A network of 25 agents where Ni = {j : (i − j) mod 25 = 2 }.,18,AUTOMATED_CAPTION_CANDIDATE; human visual confirmation required,1,UNKNOWN,UNKNOWN
P026,10.1109/tcns.2021.3124926,A,2,9,UNCLASSIFIED,State trajectories xi(k) of 5 agents are shown using solid colored lines.,12,AUTOMATED_CAPTION_CANDIDATE; human visual confirmation required,1,UNKNOWN,UNKNOWN
P026,10.1109/tcns.2021.3124926,A,3,9,UNCLASSIFIED,Top: Mean estimation error E[ead,5,AUTOMATED_CAPTION_CANDIDATE; human visual confirmation required,1,UNKNOWN,UNKNOWN
P026,10.1109/tcns.2021.3124926,A,4,9,UNCLASSIFIED,Top: E[ead(k)Tead(k)] is plotted over time. Since E[ead(k)Tead(k)],8,AUTOMATED_CAPTION_CANDIDATE; human visual confirmation required,1,UNKNOWN,UNKNOWN
P026,10.1109/tcns.2021.3124926,A,5,9,UNCLASSIFIED,The upper and lower dashed lines represent maxi xi(k) and,10,AUTOMATED_CAPTION_CANDIDATE; human visual confirmation required,1,UNKNOWN,UNKNOWN
P026,10.1109/tcns.2021.3124926,A,6,10,UNCLASSIFIED,Top: Mean estimation error envelop maxi E[ead,7,AUTOMATED_CAPTION_CANDIDATE; human visual confirmation required,1,UNKNOWN,UNKNOWN
P027,10.1109/tcst.2025.3533378,A,1,1,PROBLEM; SCENARIO,Reach-avoid scenario where the ego vehicle (EV) aims at planning,10,AUTOMATED_CAPTION_CANDIDATE; human visual confirmation required,1,UNKNOWN,UNKNOWN
P027,10.1109/tcst.2025.3533378,A,2,5,UNCLASSIFIED,Learning the set ˜Us,4,AUTOMATED_CAPTION_CANDIDATE; human visual confirmation required,1,UNKNOWN,UNKNOWN
P027,10.1109/tcst.2025.3533378,A,3,6,UNCLASSIFIED,"The learned intended control sets by formulation (8), formulation (13),",10,AUTOMATED_CAPTION_CANDIDATE; human visual confirmation required,1,UNKNOWN,UNKNOWN
P027,10.1109/tcst.2025.3533378,A,4,7,UNCLASSIFIED,Control actions of the system and volume of the learned set.,11,AUTOMATED_CAPTION_CANDIDATE; human visual confirmation required,1,UNKNOWN,UNKNOWN
P027,10.1109/tcst.2025.3533378,A,5,7,UNCLASSIFIED,Learned control sets at different time steps (at t = 50 the mild,13,AUTOMATED_CAPTION_CANDIDATE; human visual confirmation required,1,UNKNOWN,UNKNOWN
P027,10.1109/tcst.2025.3533378,A,6,7,UNCLASSIFIED,Predicted occupancy of the linear model (4) by the proposed method,11,AUTOMATED_CAPTION_CANDIDATE; human visual confirmation required,1,UNKNOWN,UNKNOWN
P027,10.1109/tcst.2025.3533378,A,7,9,TRAJECTORY; QUANTITATIVE_RESULT,Comparison of the planned paths of EV by different ap-,10,AUTOMATED_CAPTION_CANDIDATE; human visual confirmation required,1,UNKNOWN,UNKNOWN
P027,10.1109/tcst.2025.3533378,A,8,10,QUANTITATIVE_RESULT,"Comparison of de,s, de,ref, and the cost during the motion. (a) The",12,AUTOMATED_CAPTION_CANDIDATE; human visual confirmation required,1,UNKNOWN,UNKNOWN
P027,10.1109/tcst.2025.3533378,A,9,11,PROBLEM; SCENARIO,The experiment scenarios of motion planning of an EV moving along,11,AUTOMATED_CAPTION_CANDIDATE; human visual confirmation required,1,UNKNOWN,UNKNOWN
P027,10.1109/tcst.2025.3533378,A,10,11,PROBLEM; SCENARIO,Measured trajectories of EV and SV during the encounter scenario.,10,AUTOMATED_CAPTION_CANDIDATE; human visual confirmation required,1,UNKNOWN,UNKNOWN
P027,10.1109/tcst.2025.3533378,A,11,12,PROBLEM; SCENARIO,Information about SV during the encounter scenario. (a) The learned,10,AUTOMATED_CAPTION_CANDIDATE; human visual confirmation required,1,UNKNOWN,UNKNOWN
P027,10.1109/tcst.2025.3533378,A,12,13,UNCLASSIFIED,Visualization of the predicted occupancy ˆOs,6,AUTOMATED_CAPTION_CANDIDATE; human visual confirmation required,1,UNKNOWN,UNKNOWN
P027,10.1109/tcst.2025.3533378,A,13,13,UNCLASSIFIED,Visualization of the predicted occupancy of the SV and the planned,11,AUTOMATED_CAPTION_CANDIDATE; human visual confirmation required,1,UNKNOWN,UNKNOWN
P027,10.1109/tcst.2025.3533378,A,14,13,UNCLASSIFIED,Measured trajectories of EV and SV during the overtaking experiment,10,AUTOMATED_CAPTION_CANDIDATE; human visual confirmation required,1,UNKNOWN,UNKNOWN
P027,10.1109/tcst.2025.3533378,A,15,13,UNCLASSIFIED,Measured trajectories of EV and SV during the evasion experiment,10,AUTOMATED_CAPTION_CANDIDATE; human visual confirmation required,1,UNKNOWN,UNKNOWN
P028,10.1109/tcst.2022.3211130,A,1,3,METHOD_FRAMEWORK,Overview of the proposed appr oaches for multi-robot coordination,9,AUTOMATED_CAPTION_CANDIDATE; human visual confirmation required,1,UNKNOWN,UNKNOWN
P028,10.1109/tcst.2022.3211130,A,2,6,UNCLASSIFIED,Robots’ representation for collision avoidance from the perspective of,9,AUTOMATED_CAPTION_CANDIDATE; human visual confirmation required,1,UNKNOWN,UNKNOWN
P028,10.1109/tcst.2022.3211130,A,3,7,UNCLASSIFIED,"highlights the local decision variables, copies, and",7,AUTOMATED_CAPTION_CANDIDATE; human visual confirmation required,1,UNKNOWN,UNKNOWN
P028,10.1109/tcst.2022.3211130,A,4,12,PROBLEM; SCENARIO; QUANTITATIVE_RESULT,Performance of Algorithms 1 and 2 (third row) compared with the centra lized formulation in an intersection crossing scenario (Scenario 1). Th e ﬁgure,24,AUTOMATED_CAPTION_CANDIDATE; human visual confirmation required,1,UNKNOWN,UNKNOWN
P028,10.1109/tcst.2022.3211130,A,5,12,PROBLEM; SCENARIO; SENSITIVITY,"Safety parameter i (i = 1,..., 4) in Scenario 1. The colors match",13,AUTOMATED_CAPTION_CANDIDATE; human visual confirmation required,1,UNKNOWN,UNKNOWN
P028,10.1109/tcst.2022.3211130,A,6,13,QUANTITATIVE_RESULT; SENSITIVITY,"Performance of Algorithm 2 (a) without m odel mismatch and without safety parameter i = 0, (b) without model mismatch, and (c) with model",24,AUTOMATED_CAPTION_CANDIDATE; human visual confirmation required,3,UNKNOWN,UNKNOWN
P028,10.1109/tcst.2022.3211130,A,7,13,PROBLEM; SCENARIO; SENSITIVITY,Safety parameter i in Scenario 1 with model mismatch.,9,AUTOMATED_CAPTION_CANDIDATE; human visual confirmation required,1,UNKNOWN,UNKNOWN
P028,10.1109/tcst.2022.3211130,A,8,14,PROBLEM; SCENARIO; QUANTITATIVE_RESULT,"Performance of Algorithms 1 and 2 compared with the centralized fo rmulation in Scenario 2. Due to signiﬁcant packet losses and delays, the",23,AUTOMATED_CAPTION_CANDIDATE; human visual confirmation required,1,UNKNOWN,UNKNOWN
P028,10.1109/tcst.2022.3211130,A,9,14,UNCLASSIFIED,"Values of i (i = 1,..., 4) used to inﬂate the collision-free region",13,AUTOMATED_CAPTION_CANDIDATE; human visual confirmation required,1,UNKNOWN,UNKNOWN
P028,10.1109/tcst.2022.3211130,A,10,15,PROBLEM; SCENARIO; QUANTITATIVE_RESULT,Performance of Algorithm 2 in an intersection crossing scenario with eight vehicles involved.,13,AUTOMATED_CAPTION_CANDIDATE; human visual confirmation required,1,UNKNOWN,UNKNOWN
P028,10.1109/tcst.2022.3211130,A,11,16,PROBLEM; SCENARIO; QUANTITATIVE_RESULT,Experimental results of both the unsupervis ed intersection crossing and lane merging scenarios. (a) Unsupervised intersection crossing.,17,AUTOMATED_CAPTION_CANDIDATE; human visual confirmation required,1,UNKNOWN,UNKNOWN
P028,10.1109/tcst.2022.3211130,A,12,16,UNCLASSIFIED,"Values of i (i = 1,..., 3) used to inﬂate the collision-free region",13,AUTOMATED_CAPTION_CANDIDATE; human visual confirmation required,1,UNKNOWN,UNKNOWN
P029,10.1109/tcst.2026.3661166,A,1,3,PROBLEM,Problem overview for risk-aware motion planning.,6,AUTOMATED_CAPTION_CANDIDATE; human visual confirmation required,1,UNKNOWN,UNKNOWN
P029,10.1109/tcst.2026.3661166,A,2,8,SCENARIO,Obstacle avoidance map with convex regions displayed,7,AUTOMATED_CAPTION_CANDIDATE; human visual confirmation required,1,UNKNOWN,UNKNOWN
P029,10.1109/tcst.2026.3661166,A,3,12,SCENARIO; QUANTITATIVE_RESULT,"Simulation results for double integrator model using: (a) a polytopic map with convex obstacles, (b) a polytopic map",18,AUTOMATED_CAPTION_CANDIDATE; human visual confirmation required,2,UNKNOWN,UNKNOWN
P029,10.1109/tcst.2026.3661166,A,4,12,UNCLASSIFIED,compares solution times of the MPC optimization,7,AUTOMATED_CAPTION_CANDIDATE; human visual confirmation required,1,UNKNOWN,UNKNOWN
P029,10.1109/tcst.2026.3661166,A,5,15,QUANTITATIVE_RESULT,Processor-in-the-loop results for double integrator model compared to optimal trajectories from Fig. 3.,13,AUTOMATED_CAPTION_CANDIDATE; human visual confirmation required,1,UNKNOWN,UNKNOWN
P030,10.1109/tcst.2023.3323766,A,1,3,UNCLASSIFIED,Illustration of the USV dynamics.,5,AUTOMATED_CAPTION_CANDIDATE; human visual confirmation required,1,UNKNOWN,UNKNOWN
P030,10.1109/tcst.2023.3323766,A,2,5,UNCLASSIFIED,Illustration of three distinct kinds of cross-domain coordinated,8,AUTOMATED_CAPTION_CANDIDATE; human visual confirmation required,1,UNKNOWN,UNKNOWN
P030,10.1109/tcst.2023.3323766,A,3,7,UNCLASSIFIED,"A hierarchical control architecture, which consists of an upper-level",9,AUTOMATED_CAPTION_CANDIDATE; human visual confirmation required,1,UNKNOWN,UNKNOWN
P030,10.1109/tcst.2023.3323766,A,4,11,UNCLASSIFIED,"Subfigures (a)-(c): M-100 UA V , HUSTER-12c USV , HUSTER-16",10,AUTOMATED_CAPTION_CANDIDATE; human visual confirmation required,2,UNKNOWN,UNKNOWN
P030,10.1109/tcst.2023.3323766,A,5,11,UNCLASSIFIED,Trajectories of the CDUS consisting of three heterogeneous USVs,9,AUTOMATED_CAPTION_CANDIDATE; human visual confirmation required,1,UNKNOWN,UNKNOWN
P030,10.1109/tcst.2023.3323766,A,6,11,QUALITATIVE_RESULT,(a) Experimental snapshot to cover all UA Vs and USVs at T = 5s. (b),15,AUTOMATED_CAPTION_CANDIDATE; human visual confirmation required,2,UNKNOWN,UNKNOWN
P030,10.1109/tcst.2023.3323766,A,7,11,TRAJECTORY,Temporal evolution of the path-following errors ∥Φ[1],7,AUTOMATED_CAPTION_CANDIDATE; human visual confirmation required,1,UNKNOWN,UNKNOWN
P030,10.1109/tcst.2023.3323766,A,8,12,UNCLASSIFIED,Trajectories of the CDUS consisting of 5 USVs and 5 UA Vs from,13,AUTOMATED_CAPTION_CANDIDATE; human visual confirmation required,1,UNKNOWN,UNKNOWN
P030,10.1109/tcst.2023.3323766,A,9,12,TRAJECTORY,Temporal evolution of the path-following errors ∥Φ[1],7,AUTOMATED_CAPTION_CANDIDATE; human visual confirmation required,1,UNKNOWN,UNKNOWN
P031,10.1109/tcst.2022.3216989,A,1,3,UNCLASSIFIED,Hierarchical structure of the UA V control system and of the propos ed approach: an existing low-level position controller tracks the referenc e,23,AUTOMATED_CAPTION_CANDIDATE; human visual confirmation required,1,UNKNOWN,UNKNOWN
P031,10.1109/tcst.2022.3216989,A,2,4,UNCLASSIFIED,Example of the point cloud obtained with the exteroceptive sensor.,10,AUTOMATED_CAPTION_CANDIDATE; human visual confirmation required,1,UNKNOWN,UNKNOWN
P031,10.1109/tcst.2022.3216989,A,3,5,SCENARIO,Example of the considered environment.,5,AUTOMATED_CAPTION_CANDIDATE; human visual confirmation required,1,UNKNOWN,UNKNOWN
P031,10.1109/tcst.2022.3216989,A,4,7,UNCLASSIFIED,Example of construction of the convex under-approximation of the,9,AUTOMATED_CAPTION_CANDIDATE; human visual confirmation required,1,UNKNOWN,UNKNOWN
P031,10.1109/tcst.2022.3216989,A,5,8,UNCLASSIFIED,Example illustrating the predicted state evolution with the multi-,9,AUTOMATED_CAPTION_CANDIDATE; human visual confirmation required,1,UNKNOWN,UNKNOWN
P031,10.1109/tcst.2022.3216989,A,6,10,UNCLASSIFIED,Example of situation where the drone might stop in front of an,12,AUTOMATED_CAPTION_CANDIDATE; human visual confirmation required,1,UNKNOWN,UNKNOWN
P031,10.1109/tcst.2022.3216989,A,7,11,UNCLASSIFIED,Simulation of the mt-MPC a pproach. Light blue polytope: set S(k).,11,AUTOMATED_CAPTION_CANDIDATE; human visual confirmation required,1,UNKNOWN,UNKNOWN
P031,10.1109/tcst.2022.3216989,A,8,11,QUANTITATIVE_RESULT,Simulation results. Trajectories obtained with mt-MPC (blue solid,8,AUTOMATED_CAPTION_CANDIDATE; human visual confirmation required,1,UNKNOWN,UNKNOWN
P031,10.1109/tcst.2022.3216989,A,9,12,UNCLASSIFIED,"(a) View of the test site at Spin o d’Adda, Lombardy, Italy. (b) DJI S1000 + octocopter during ﬁeld test.",20,AUTOMATED_CAPTION_CANDIDATE; human visual confirmation required,2,UNKNOWN,UNKNOWN
P031,10.1109/tcst.2022.3216989,A,10,12,UNCLASSIFIED,ROS simpliﬁed graph diagram showing various nodes (e llipses) and topics (rectangles) involved in the approach.,16,AUTOMATED_CAPTION_CANDIDATE; human visual confirmation required,1,UNKNOWN,UNKNOWN
P031,10.1109/tcst.2022.3216989,A,11,13,QUANTITATIVE_RESULT,Comparison of the identiﬁed “control-oriented” model (blue solid line) and the validation dataset (orange dashed line). Position in (a) and velocity,21,AUTOMATED_CAPTION_CANDIDATE; human visual confirmation required,1,UNKNOWN,UNKNOWN
P031,10.1109/tcst.2022.3216989,A,12,13,UNCLASSIFIED,Estimated error between the measured output and the generic n-steps-ahead predictor λ,12,AUTOMATED_CAPTION_CANDIDATE; human visual confirmation required,1,UNKNOWN,UNKNOWN
P031,10.1109/tcst.2022.3216989,A,13,14,UNCLASSIFIED,"Estimated sets PW (light blue polytope) and E(D) (blue ellipsoid) projected onto the subspace (a) v = 03×1 and (b) v = 03×1, pz f − uz f = 0.",30,AUTOMATED_CAPTION_CANDIDATE; human visual confirmation required,3,UNKNOWN,UNKNOWN
P031,10.1109/tcst.2022.3216989,A,14,14,TRAJECTORY,Experimental test of the mt- MPC approach. Trajectory obtained,9,AUTOMATED_CAPTION_CANDIDATE; human visual confirmation required,1,UNKNOWN,UNKNOWN
P031,10.1109/tcst.2022.3216989,A,15,14,RUNTIME,Computational time requi red for Algorithm 1 and QP (27) during,11,AUTOMATED_CAPTION_CANDIDATE; human visual confirmation required,1,UNKNOWN,UNKNOWN
P032,10.1109/tcst.2026.3659194,A,1,4,SCENARIO,Simpliﬁed obstacle layout in Gazebo environment to explain the open,10,AUTOMATED_CAPTION_CANDIDATE; human visual confirmation required,1,UNKNOWN,UNKNOWN
P032,10.1109/tcst.2026.3659194,A,2,5,UNCLASSIFIED,Robot’s open space in the simpliﬁed obstacle layout.,8,AUTOMATED_CAPTION_CANDIDATE; human visual confirmation required,1,UNKNOWN,UNKNOWN
P032,10.1109/tcst.2026.3659194,A,3,5,UNCLASSIFIED,Robot’s reliably close-to-maximum convex open space.,6,AUTOMATED_CAPTION_CANDIDATE; human visual confirmation required,1,UNKNOWN,UNKNOWN
P032,10.1109/tcst.2026.3659194,A,4,6,UNCLASSIFIED,Temporal versus spatial separation.,4,AUTOMATED_CAPTION_CANDIDATE; human visual confirmation required,1,UNKNOWN,UNKNOWN
P032,10.1109/tcst.2026.3659194,A,5,8,SCENARIO,Post o ﬃce environment.,4,AUTOMATED_CAPTION_CANDIDATE; human visual confirmation required,1,UNKNOWN,UNKNOWN
P032,10.1109/tcst.2026.3659194,A,6,8,UNCLASSIFIED,Robots’ trajectories in automated package delivery example.,7,AUTOMATED_CAPTION_CANDIDATE; human visual confirmation required,1,UNKNOWN,UNKNOWN
P032,10.1109/tcst.2026.3659194,A,7,9,SCENARIO; TRAJECTORY,Similar environment of the “prioritized trajectory optimization”,7,AUTOMATED_CAPTION_CANDIDATE; human visual confirmation required,1,UNKNOWN,UNKNOWN
P032,10.1109/tcst.2026.3659194,A,8,10,QUANTITATIVE_RESULT,Robots’ trajectories generated in the comparison example.,7,AUTOMATED_CAPTION_CANDIDATE; human visual confirmation required,1,UNKNOWN,UNKNOWN
P033,10.1109/tcyb.2023.3246985,A,1,5,PROBLEM; SCENARIO,Problem scenario considered in this article.,6,AUTOMATED_CAPTION_CANDIDATE; human visual confirmation required,1,UNKNOWN,UNKNOWN
P033,10.1109/tcyb.2023.3246985,A,2,6,SYSTEM_OVERVIEW,System architecture.,2,AUTOMATED_CAPTION_CANDIDATE; human visual confirmation required,1,UNKNOWN,UNKNOWN
P033,10.1109/tcyb.2023.3246985,A,3,8,UNCLASSIFIED,DNN architectures.,2,AUTOMATED_CAPTION_CANDIDATE; human visual confirmation required,1,UNKNOWN,UNKNOWN
P033,10.1109/tcyb.2023.3246985,A,4,10,UNCLASSIFIED,Curves of the rewards for different policies in training. (Note: The,11,AUTOMATED_CAPTION_CANDIDATE; human visual confirmation required,1,UNKNOWN,UNKNOWN
P033,10.1109/tcyb.2023.3246985,A,5,12,SCENARIO; QUANTITATIVE_RESULT,"Test case results for different policies in the training environment. (a) Policy1. (b) Policy1-G. (c) Policy2. (d) Policy2-G, (e) Policy3. (f ) Policy3-G.",23,AUTOMATED_CAPTION_CANDIDATE; human visual confirmation required,5,UNKNOWN,UNKNOWN
P033,10.1109/tcyb.2023.3246985,A,6,14,QUANTITATIVE_RESULT; GENERALIZATION,Generalization tests results.,3,AUTOMATED_CAPTION_CANDIDATE; human visual confirmation required,1,UNKNOWN,UNKNOWN
P034,10.1109/tcyb.2021.3132587,A,1,1,UNCLASSIFIED,Synchronized ﬂight of bird ﬂocks and formation ﬂight of a group of,12,AUTOMATED_CAPTION_CANDIDATE; human visual confirmation required,1,UNKNOWN,UNKNOWN
P034,10.1109/tcyb.2021.3132587,A,2,3,METHOD_FRAMEWORK,Conceptual framework.,2,AUTOMATED_CAPTION_CANDIDATE; human visual confirmation required,1,UNKNOWN,UNKNOWN
P034,10.1109/tcyb.2021.3132587,A,3,6,UNCLASSIFIED,UA V swarm. The central UA V perceives its neighbors by detecting,12,AUTOMATED_CAPTION_CANDIDATE; human visual confirmation required,1,UNKNOWN,UNKNOWN
P034,10.1109/tcyb.2021.3132587,A,4,8,UNCLASSIFIED,UA V swarm with ﬁxed topology.,6,AUTOMATED_CAPTION_CANDIDATE; human visual confirmation required,1,UNKNOWN,UNKNOWN
P034,10.1109/tcyb.2021.3132587,A,5,8,UNCLASSIFIED,Formation process of the UA V swarm over ﬁxed topology.,10,AUTOMATED_CAPTION_CANDIDATE; human visual confirmation required,1,UNKNOWN,UNKNOWN
P034,10.1109/tcyb.2021.3132587,A,6,8,UNCLASSIFIED,Adjustment of velocities over ﬁxed topology. (a) X dimension.,9,AUTOMATED_CAPTION_CANDIDATE; human visual confirmation required,1,UNKNOWN,UNKNOWN
P034,10.1109/tcyb.2021.3132587,A,7,8,QUALITATIVE_RESULT,Snapshots of the UA V swarm’s topology at two randomly selected,11,AUTOMATED_CAPTION_CANDIDATE; human visual confirmation required,1,UNKNOWN,UNKNOWN
P034,10.1109/tcyb.2021.3132587,A,8,8,UNCLASSIFIED,"demonstrates the formation process of the UA V swarm,",9,AUTOMATED_CAPTION_CANDIDATE; human visual confirmation required,1,UNKNOWN,UNKNOWN
P034,10.1109/tcyb.2021.3132587,A,9,9,UNCLASSIFIED,Adjustment of velocities over switching topologies. (a) X dimension.,9,AUTOMATED_CAPTION_CANDIDATE; human visual confirmation required,1,UNKNOWN,UNKNOWN
P034,10.1109/tcyb.2021.3132587,A,10,9,UNCLASSIFIED,shows six frames of the collision avoidance pro-,8,AUTOMATED_CAPTION_CANDIDATE; human visual confirmation required,1,UNKNOWN,UNKNOWN
P034,10.1109/tcyb.2021.3132587,A,11,9,UNCLASSIFIED,Variation of the aggregation coefﬁcient during the simulation,8,AUTOMATED_CAPTION_CANDIDATE; human visual confirmation required,1,UNKNOWN,UNKNOWN
P035,10.1109/tcyb.2021.3070385,A,1,3,UNCLASSIFIED,Model of the WMR used in this article.,8,AUTOMATED_CAPTION_CANDIDATE; human visual confirmation required,1,UNKNOWN,UNKNOWN
P035,10.1109/tcyb.2021.3070385,A,2,4,UNCLASSIFIED,Basic description of the collision-free strategy proposed in this article.,10,AUTOMATED_CAPTION_CANDIDATE; human visual confirmation required,1,UNKNOWN,UNKNOWN
P035,10.1109/tcyb.2021.3070385,A,3,6,PROBLEM,Control block diagram of the developed controller (23) for solving optimization problem (17).,13,AUTOMATED_CAPTION_CANDIDATE; human visual confirmation required,1,UNKNOWN,UNKNOWN
P035,10.1109/tcyb.2021.3070385,A,4,6,UNCLASSIFIED,Block diagram for the conﬁguration of the controller.,8,AUTOMATED_CAPTION_CANDIDATE; human visual confirmation required,1,UNKNOWN,UNKNOWN
P035,10.1109/tcyb.2021.3070385,A,5,8,TRAJECTORY; QUANTITATIVE_RESULT,Collision avoidance and the desired trajectory tracking results between,9,AUTOMATED_CAPTION_CANDIDATE; human visual confirmation required,1,UNKNOWN,UNKNOWN
P035,10.1109/tcyb.2021.3070385,A,6,8,TRAJECTORY; QUANTITATIVE_RESULT,Collision avoidance and the desired trajectory tracking results,8,AUTOMATED_CAPTION_CANDIDATE; human visual confirmation required,1,UNKNOWN,UNKNOWN
P035,10.1109/tcyb.2021.3070385,A,7,9,SCENARIO,Collision avoidance based on different environments. (a) Collision avoidance between the MWMRs without the environmental obstacle. (b) MWMR,18,AUTOMATED_CAPTION_CANDIDATE; human visual confirmation required,2,UNKNOWN,UNKNOWN
P035,10.1109/tcyb.2021.3070385,A,8,10,QUANTITATIVE_RESULT,Experimental results corresponding to the single enveloping shape,8,AUTOMATED_CAPTION_CANDIDATE; human visual confirmation required,1,UNKNOWN,UNKNOWN
P035,10.1109/tcyb.2021.3070385,A,9,10,SCENARIO,Obstacle avoidance in a complicated environment. The obstacle was,9,AUTOMATED_CAPTION_CANDIDATE; human visual confirmation required,1,UNKNOWN,UNKNOWN
P035,10.1109/tcyb.2021.3070385,A,10,11,QUALITATIVE_RESULT; QUANTITATIVE_RESULT,"Snapshot of six WMRs’ collision-avoidance results at different times, where the safe distance is set as 0 .5 m. (a) Tracking result at t = 30 s.",27,AUTOMATED_CAPTION_CANDIDATE; human visual confirmation required,1,UNKNOWN,UNKNOWN
P035,10.1109/tcyb.2021.3070385,A,11,11,UNCLASSIFIED,"Distance proﬁles corresponding to Fig. 10, which shows that dis-",10,AUTOMATED_CAPTION_CANDIDATE; human visual confirmation required,1,UNKNOWN,UNKNOWN
P035,10.1109/tcyb.2021.3070385,A,12,11,PROBLEM; SCENARIO,Experimental scenario and conﬁguration.,4,AUTOMATED_CAPTION_CANDIDATE; human visual confirmation required,1,UNKNOWN,UNKNOWN
P035,10.1109/tcyb.2021.3070385,A,13,12,SCENARIO; TRAJECTORY; QUALITATIVE_RESULT,Environmental obstacles collision-avoidance illustration: snapshot of single WMR collision-avoidance for a U-shaped path where two stat ic obstacles,18,AUTOMATED_CAPTION_CANDIDATE; human visual confirmation required,1,UNKNOWN,UNKNOWN
P035,10.1109/tcyb.2021.3070385,A,14,12,QUALITATIVE_RESULT,Dynamic obstacles collision-avoidance illustration: snapshot of two,7,AUTOMATED_CAPTION_CANDIDATE; human visual confirmation required,1,UNKNOWN,UNKNOWN
P035,10.1109/tcyb.2021.3070385,A,15,13,QUALITATIVE_RESULT,Multiple robots’ collision-avoidance illustration: snapshot of three,7,AUTOMATED_CAPTION_CANDIDATE; human visual confirmation required,1,UNKNOWN,UNKNOWN
P036,10.1109/tcyb.2021.3057219,A,1,5,UNCLASSIFIED,Triangle formation.,2,AUTOMATED_CAPTION_CANDIDATE; human visual confirmation required,1,UNKNOWN,UNKNOWN
P036,10.1109/tcyb.2021.3057219,A,2,6,UNCLASSIFIED,"Illustration of the local minima, where ˙xio =˙xif .",9,AUTOMATED_CAPTION_CANDIDATE; human visual confirmation required,1,UNKNOWN,UNKNOWN
P036,10.1109/tcyb.2021.3057219,A,3,8,UNCLASSIFIED,Function k1i(t) in (35) with ζji0 = 0a n d ζji = 1.,13,AUTOMATED_CAPTION_CANDIDATE; human visual confirmation required,1,UNKNOWN,UNKNOWN
P036,10.1109/tcyb.2021.3057219,A,4,9,UNCLASSIFIED,Function k1i(t)i n( 3 5 )w i t hζ1i0 = 0a n d ζ2i0 = ζji = 1.,18,AUTOMATED_CAPTION_CANDIDATE; human visual confirmation required,1,UNKNOWN,UNKNOWN
P036,10.1109/tcyb.2021.3057219,A,5,9,UNCLASSIFIED,Autonomous agents network.,3,AUTOMATED_CAPTION_CANDIDATE; human visual confirmation required,1,UNKNOWN,UNKNOWN
P036,10.1109/tcyb.2021.3057219,A,6,9,PROBLEM; SCENARIO,Responses of the distances between agents and leader in Scenario A.,11,AUTOMATED_CAPTION_CANDIDATE; human visual confirmation required,1,UNKNOWN,UNKNOWN
P036,10.1109/tcyb.2021.3057219,A,7,9,PROBLEM; SCENARIO,Responses of the six agents’ tracking errors in Scenario A.,10,AUTOMATED_CAPTION_CANDIDATE; human visual confirmation required,1,UNKNOWN,UNKNOWN
P036,10.1109/tcyb.2021.3057219,A,8,10,UNCLASSIFIED,Responses of the distances between agents and obstacles in,9,AUTOMATED_CAPTION_CANDIDATE; human visual confirmation required,1,UNKNOWN,UNKNOWN
P036,10.1109/tcyb.2021.3057219,A,9,10,SCENARIO,Trajectories of the six agents in the environment with four obstacles,11,AUTOMATED_CAPTION_CANDIDATE; human visual confirmation required,1,UNKNOWN,UNKNOWN
P036,10.1109/tcyb.2021.3057219,A,10,10,PROBLEM; SCENARIO,Responses of the distances between agents and leader in Scenario B.,11,AUTOMATED_CAPTION_CANDIDATE; human visual confirmation required,1,UNKNOWN,UNKNOWN
P036,10.1109/tcyb.2021.3057219,A,11,10,PROBLEM; SCENARIO,Responses of the six agents’ tracking errors in Scenario B.,10,AUTOMATED_CAPTION_CANDIDATE; human visual confirmation required,1,UNKNOWN,UNKNOWN
P036,10.1109/tcyb.2021.3057219,A,12,10,UNCLASSIFIED,Responses of the distances between agents and obstacles in,9,AUTOMATED_CAPTION_CANDIDATE; human visual confirmation required,1,UNKNOWN,UNKNOWN
P036,10.1109/tcyb.2021.3057219,A,13,11,SCENARIO,Trajectories of the six agents in the environment with four obstacles,11,AUTOMATED_CAPTION_CANDIDATE; human visual confirmation required,1,UNKNOWN,UNKNOWN
P037,10.1109/tcyb.2023.3263380,A,1,2,METHOD_FRAMEWORK,Proposed hierarchical framework.,3,AUTOMATED_CAPTION_CANDIDATE; human visual confirmation required,1,UNKNOWN,UNKNOWN
P037,10.1109/tcyb.2023.3263380,A,2,4,UNCLASSIFIED,Example: A pick-and-place action.,4,AUTOMATED_CAPTION_CANDIDATE; human visual confirmation required,1,UNKNOWN,UNKNOWN
P037,10.1109/tcyb.2023.3263380,A,3,8,UNCLASSIFIED,"Case study: A 7-degree-of-freedom robot and a human worker collaborate to assemble a mosaic. Four mosaics are considered, with the number of",22,AUTOMATED_CAPTION_CANDIDATE; human visual confirmation required,1,UNKNOWN,UNKNOWN
P037,10.1109/tcyb.2023.3263380,A,4,8,QUANTITATIVE_RESULT,Results of Experiment 1a. The proposed method ( proposed) is compared with [ 32]( baseline). The proposed method reduces the execution time (left,23,AUTOMATED_CAPTION_CANDIDATE; human visual confirmation required,1,UNKNOWN,UNKNOWN
P037,10.1109/tcyb.2023.3263380,A,5,10,QUANTITATIVE_RESULT,Results of Experiment 2. Comparison of the proposed multigoal action planner and a precomputed motion planner and a single-goal planner. The,21,AUTOMATED_CAPTION_CANDIDATE; human visual confirmation required,1,UNKNOWN,UNKNOWN
P037,10.1109/tcyb.2023.3263380,A,6,10,QUANTITATIVE_RESULT,Results of Experiment 3. The proposed method ( optimized) is compared with a feasibility-oriented approach ( feasible): optimized reduces the process,21,AUTOMATED_CAPTION_CANDIDATE; human visual confirmation required,1,UNKNOWN,UNKNOWN
P038,10.1109/tevc.2025.3535954,A,1,5,UNCLASSIFIED,Decision space and objective space in MMOP.,7,AUTOMATED_CAPTION_CANDIDATE; human visual confirmation required,1,UNKNOWN,UNKNOWN
P038,10.1109/tevc.2025.3535954,A,2,5,UNCLASSIFIED,Two equivalent schemes of point “P.” (a) Scheme for “A.” (b) Scheme,12,AUTOMATED_CAPTION_CANDIDATE; human visual confirmation required,2,UNKNOWN,UNKNOWN
P038,10.1109/tevc.2025.3535954,A,3,6,METHOD_FRAMEWORK,Framework of MMOEA-DL.,3,AUTOMATED_CAPTION_CANDIDATE; human visual confirmation required,1,UNKNOWN,UNKNOWN
P038,10.1109/tevc.2025.3535954,A,4,6,UNCLASSIFIED,Schematic representation of the destroy and repair operators.,8,AUTOMATED_CAPTION_CANDIDATE; human visual confirmation required,1,UNKNOWN,UNKNOWN
P038,10.1109/tevc.2025.3535954,A,5,9,UNCLASSIFIED,that the approximate PFs obtained by the MMOEA-DL,8,AUTOMATED_CAPTION_CANDIDATE; human visual confirmation required,1,UNKNOWN,UNKNOWN
P038,10.1109/tevc.2025.3535954,A,6,12,UNCLASSIFIED,Average success rates of LNS on all instances.,8,AUTOMATED_CAPTION_CANDIDATE; human visual confirmation required,1,UNKNOWN,UNKNOWN
P038,10.1109/tevc.2025.3535954,A,7,12,UNCLASSIFIED,Effectiveness of the LNS on instance 2. (a) Scheme obtained by the MMOEA-DL without using the LNS. (b) Scheme obtained by the MMOEA-DL.,23,AUTOMATED_CAPTION_CANDIDATE; human visual confirmation required,2,UNKNOWN,UNKNOWN
P038,10.1109/tevc.2025.3535954,A,8,13,UNCLASSIFIED,Equivalence solutions on MRTA instance 1. (a) PF approximation obtained on the MRTA instance 1. (b) Solution corresponding to point “A.”,21,AUTOMATED_CAPTION_CANDIDATE; human visual confirmation required,2,UNKNOWN,UNKNOWN
P039,10.1109/tevc.2025.3573828,A,1,3,UNCLASSIFIED,Taking a VSR with (5 × 5) grid size as an example. The red panel,15,AUTOMATED_CAPTION_CANDIDATE; human visual confirmation required,1,UNKNOWN,UNKNOWN
P039,10.1109/tevc.2025.3573828,A,2,3,METHOD_FRAMEWORK,"illustrates the framework of CTKTEA, which mainly",7,AUTOMATED_CAPTION_CANDIDATE; human visual confirmation required,1,UNKNOWN,UNKNOWN
P039,10.1109/tevc.2025.3573828,A,3,4,UNCLASSIFIED,"Structure of TransformNet. TransformNet is queried for state information ekt at the time step t, and it outputs an action akt for that time step.",25,AUTOMATED_CAPTION_CANDIDATE; human visual confirmation required,1,UNKNOWN,UNKNOWN
P039,10.1109/tevc.2025.3573828,A,4,10,UNCLASSIFIED,"Boxplots of maximal rewards obtained by GA, BO, AIEA and",10,AUTOMATED_CAPTION_CANDIDATE; human visual confirmation required,1,UNKNOWN,UNKNOWN
P039,10.1109/tevc.2025.3573828,A,5,11,QUANTITATIVE_RESULT,Comparison of behaviors of the best robots. We illustrate the behaviors,11,AUTOMATED_CAPTION_CANDIDATE; human visual confirmation required,1,UNKNOWN,UNKNOWN
P040,10.1109/tevc.2025.3534026,A,1,3,SCENARIO; TRAJECTORY,Example of the environment and path representation. The path is,10,AUTOMATED_CAPTION_CANDIDATE; human visual confirmation required,1,UNKNOWN,UNKNOWN
P040,10.1109/tevc.2025.3534026,A,2,3,TRAJECTORY,Sample of a chromosome where a path is represented by nodes falling,12,AUTOMATED_CAPTION_CANDIDATE; human visual confirmation required,1,UNKNOWN,UNKNOWN
P040,10.1109/tevc.2025.3534026,A,3,3,UNCLASSIFIED,"explains the deﬁnition of αj. As shown in Fig. 3(a), α1",11,AUTOMATED_CAPTION_CANDIDATE; human visual confirmation required,1,UNKNOWN,UNKNOWN
P040,10.1109/tevc.2025.3534026,A,4,5,TRAJECTORY,Proposed knowledge-based genetic operators of robot path planning.,8,AUTOMATED_CAPTION_CANDIDATE; human visual confirmation required,1,UNKNOWN,UNKNOWN
P040,10.1109/tevc.2025.3534026,A,5,6,TRAJECTORY,Outline of the knowledge-based GA for path planning of a mobile,11,AUTOMATED_CAPTION_CANDIDATE; human visual confirmation required,1,UNKNOWN,UNKNOWN
P040,10.1109/tevc.2025.3534026,A,6,7,SCENARIO; TRAJECTORY,One typical run of robot path planning in an unstructured environment.,11,AUTOMATED_CAPTION_CANDIDATE; human visual confirmation required,1,UNKNOWN,UNKNOWN
P040,10.1109/tevc.2025.3534026,A,7,7,UNCLASSIFIED,provides an illustrative example of the proposed,7,AUTOMATED_CAPTION_CANDIDATE; human visual confirmation required,1,UNKNOWN,UNKNOWN
P040,10.1109/tevc.2025.3534026,A,8,7,SCENARIO; TRAJECTORY,Path planning in an environment with double U-shaped obstacles.,9,AUTOMATED_CAPTION_CANDIDATE; human visual confirmation required,1,UNKNOWN,UNKNOWN
P040,10.1109/tevc.2025.3534026,A,9,8,SCENARIO; TRAJECTORY,Path planning in a zig-zag environment. (a) Optimal paths from,10,AUTOMATED_CAPTION_CANDIDATE; human visual confirmation required,1,UNKNOWN,UNKNOWN
P040,10.1109/tevc.2025.3534026,A,10,8,SCENARIO; TRAJECTORY,Path planning in a dynamic environment with a moving obstacle.,10,AUTOMATED_CAPTION_CANDIDATE; human visual confirmation required,1,UNKNOWN,UNKNOWN
P040,10.1109/tevc.2025.3534026,A,11,9,TRAJECTORY,Path planning in the same situation as Fig. 10 except (a) with a,13,AUTOMATED_CAPTION_CANDIDATE; human visual confirmation required,1,UNKNOWN,UNKNOWN
P040,10.1109/tevc.2025.3534026,A,12,9,SCENARIO; TRAJECTORY,Path planning in a dynamic environment with unknown obstacles.,9,AUTOMATED_CAPTION_CANDIDATE; human visual confirmation required,1,UNKNOWN,UNKNOWN
P040,10.1109/tevc.2025.3534026,A,13,10,REAL_WORLD,Mobile robot test in real-world experiments.,6,AUTOMATED_CAPTION_CANDIDATE; human visual confirmation required,1,UNKNOWN,UNKNOWN
P040,10.1109/tevc.2025.3534026,A,14,11,SCENARIO; QUALITATIVE_RESULT; REAL_WORLD,Snapshots of real-world experiments. (a) Maze-like environment. (b) Zig-zag environment. (c) U-shaped environment. (d) Clustered enviro nment.,17,AUTOMATED_CAPTION_CANDIDATE; human visual confirmation required,4,UNKNOWN,UNKNOWN
P040,10.1109/tevc.2025.3534026,A,15,11,QUANTITATIVE_RESULT,Typical result is based on a simple version of the GA with only,13,AUTOMATED_CAPTION_CANDIDATE; human visual confirmation required,1,UNKNOWN,UNKNOWN
P040,10.1109/tevc.2025.3534026,A,16,11,UNCLASSIFIED,shows one typical run of this simulation. A feasible,9,AUTOMATED_CAPTION_CANDIDATE; human visual confirmation required,1,UNKNOWN,UNKNOWN
P040,10.1109/tevc.2025.3534026,A,17,12,TRAJECTORY,Example of the generated path. (a) Proposed grid representation.,9,AUTOMATED_CAPTION_CANDIDATE; human visual confirmation required,1,UNKNOWN,UNKNOWN
P040,10.1109/tevc.2025.3534026,A,18,13,SCENARIO; TRAJECTORY,Path planning in a clustered environment at four different runs.,10,AUTOMATED_CAPTION_CANDIDATE; human visual confirmation required,1,UNKNOWN,UNKNOWN
P040,10.1109/tevc.2025.3534026,A,19,13,SCENARIO; TRAJECTORY,Path planning in environments with different numbers of obstacles.,9,AUTOMATED_CAPTION_CANDIDATE; human visual confirmation required,1,UNKNOWN,UNKNOWN
P041,10.1109/tfuzz.2025.3585934,A,1,2,UNCLASSIFIED,Overview of catheter and guidewire intraoperative navigation in,8,AUTOMATED_CAPTION_CANDIDATE; human visual confirmation required,1,UNKNOWN,UNKNOWN
P041,10.1109/tfuzz.2025.3585934,A,2,3,PROBLEM; METHOD_FRAMEWORK; SCENARIO; REAL_WORLD,"Framework for robot-assisted endovascular intervention: Real-world, virtual, and pipeline perspectives. (a) Real-world operating room scenario, where",16,AUTOMATED_CAPTION_CANDIDATE; human visual confirmation required,1,UNKNOWN,UNKNOWN
P041,10.1109/tfuzz.2025.3585934,A,3,5,METHOD_FRAMEWORK,Schematic overview of the proposed LLM-guided FRL framework for robotic-assisted endovascular navigation. (a) Clinical context and concep tual,18,AUTOMATED_CAPTION_CANDIDATE; human visual confirmation required,1,UNKNOWN,UNKNOWN
P041,10.1109/tfuzz.2025.3585934,A,4,7,SCENARIO,"Experimental analysis of autonomous multi-instrument navigation in simulated vascular environments. (a) Task conﬁguration, showing navi gation",16,AUTOMATED_CAPTION_CANDIDATE; human visual confirmation required,1,UNKNOWN,UNKNOWN
P041,10.1109/tfuzz.2025.3585934,A,5,9,UNCLASSIFIED,presents the success rate trajectories over training,7,AUTOMATED_CAPTION_CANDIDATE; human visual confirmation required,1,UNKNOWN,UNKNOWN
P042,10.1109/tfuzz.2024.3450892,A,1,3,UNCLASSIFIED,Structure of adaptive fuzzy inference module. Each element represents,9,AUTOMATED_CAPTION_CANDIDATE; human visual confirmation required,1,UNKNOWN,UNKNOWN
P042,10.1109/tfuzz.2024.3450892,A,2,5,UNCLASSIFIED,Structure of parallel feature fusion module. The shade of color is related to certainty.,14,AUTOMATED_CAPTION_CANDIDATE; human visual confirmation required,1,UNKNOWN,UNKNOWN
P042,10.1109/tfuzz.2024.3450892,A,3,7,UNCLASSIFIED,"Structure of cooperative control. All agent operations occur in parallel, with the assigned numbers indicating the sequential order of opera tions. State 1",23,AUTOMATED_CAPTION_CANDIDATE; human visual confirmation required,1,UNKNOWN,UNKNOWN
P042,10.1109/tfuzz.2024.3450892,A,4,11,UNCLASSIFIED,"To summarize, our method demonstrates optimal perfor-",7,AUTOMATED_CAPTION_CANDIDATE; human visual confirmation required,1,UNKNOWN,UNKNOWN
P042,10.1109/tfuzz.2024.3450892,A,5,12,QUANTITATIVE_RESULT,Performance on CA V penetration rate variation. (a) Fuel Consumption.,10,AUTOMATED_CAPTION_CANDIDATE; human visual confirmation required,1,UNKNOWN,UNKNOWN
P042,10.1109/tfuzz.2024.3450892,A,6,13,UNCLASSIFIED,Impacts of various weight assignments in the parallel feature fusion,10,AUTOMATED_CAPTION_CANDIDATE; human visual confirmation required,1,UNKNOWN,UNKNOWN
P042,10.1109/tfuzz.2024.3450892,A,7,13,ROBUSTNESS,"clearly shows that, regardless of whether Gaussian noise",8,AUTOMATED_CAPTION_CANDIDATE; human visual confirmation required,1,UNKNOWN,UNKNOWN
P042,10.1109/tfuzz.2024.3450892,A,8,14,UNCLASSIFIED,Impacts of various modules in our proposed method across different,10,AUTOMATED_CAPTION_CANDIDATE; human visual confirmation required,1,UNKNOWN,UNKNOWN
P043,10.1109/tfuzz.2025.3642241,A,1,2,METHOD_FRAMEWORK,Research framework of this article.,5,AUTOMATED_CAPTION_CANDIDATE; human visual confirmation required,1,UNKNOWN,UNKNOWN
P043,10.1109/tfuzz.2025.3642241,A,2,4,UNCLASSIFIED,Conﬁguration of fuzzy system.,4,AUTOMATED_CAPTION_CANDIDATE; human visual confirmation required,1,UNKNOWN,UNKNOWN
P043,10.1109/tfuzz.2025.3642241,A,3,6,TRAJECTORY,3-D view of MRS executing the trajectory tracking task.,9,AUTOMATED_CAPTION_CANDIDATE; human visual confirmation required,1,UNKNOWN,UNKNOWN
P043,10.1109/tfuzz.2025.3642241,A,4,7,QUANTITATIVE_RESULT,Simulation results of the MRS tracking double-loop curve driven by the proposed LADND solver (15). (a) Proﬁles of actual trajectories. (b) Proﬁles of,23,AUTOMATED_CAPTION_CANDIDATE; human visual confirmation required,2,UNKNOWN,UNKNOWN
P043,10.1109/tfuzz.2025.3642241,A,5,7,QUANTITATIVE_RESULT,Experimental results on Kinova Gen3 lite robots tracking a double-loop curve driven by the proposed LADND solver (15). The video is available at,23,AUTOMATED_CAPTION_CANDIDATE; human visual confirmation required,1,UNKNOWN,UNKNOWN
P044,10.1109/tfuzz.2021.3067724,A,1,4,UNCLASSIFIED,Illustrations of the modeling procedure of fuzzy uncertainty. (a) Tire,10,AUTOMATED_CAPTION_CANDIDATE; human visual confirmation required,1,UNKNOWN,UNKNOWN
P044,10.1109/tfuzz.2021.3067724,A,2,7,UNCLASSIFIED,Block diagram of control procedure and signals.,7,AUTOMATED_CAPTION_CANDIDATE; human visual confirmation required,1,UNKNOWN,UNKNOWN
P044,10.1109/tfuzz.2021.3067724,A,3,8,UNCLASSIFIED,Control design and optimization procedure.,5,AUTOMATED_CAPTION_CANDIDATE; human visual confirmation required,1,UNKNOWN,UNKNOWN
P044,10.1109/tfuzz.2021.3067724,A,4,9,ROBUSTNESS,Speed of unknown crosswind disturbance imposed to the vehicle.,9,AUTOMATED_CAPTION_CANDIDATE; human visual confirmation required,1,UNKNOWN,UNKNOWN
P044,10.1109/tfuzz.2021.3067724,A,5,9,UNCLASSIFIED,Time-varying longitudinal speed of the vehicle.,6,AUTOMATED_CAPTION_CANDIDATE; human visual confirmation required,1,UNKNOWN,UNKNOWN
P044,10.1109/tfuzz.2021.3067724,A,6,9,UNCLASSIFIED,The CarSim software provides a high ﬁdelity nonlin-,8,AUTOMATED_CAPTION_CANDIDATE; human visual confirmation required,1,UNKNOWN,UNKNOWN
P044,10.1109/tfuzz.2021.3067724,A,7,10,QUANTITATIVE_RESULT,Simulation results of the vehicle global position.,7,AUTOMATED_CAPTION_CANDIDATE; human visual confirmation required,1,UNKNOWN,UNKNOWN
P044,10.1109/tfuzz.2021.3067724,A,8,10,QUANTITATIVE_RESULT,Simulation results of the lateral offset.,6,AUTOMATED_CAPTION_CANDIDATE; human visual confirmation required,1,UNKNOWN,UNKNOWN
P044,10.1109/tfuzz.2021.3067724,A,9,10,QUANTITATIVE_RESULT,Simulation results of the orientation error.,6,AUTOMATED_CAPTION_CANDIDATE; human visual confirmation required,1,UNKNOWN,UNKNOWN
P044,10.1109/tfuzz.2021.3067724,A,10,9,UNCLASSIFIED,It is obvious that the control costs of ORCs are smaller,11,AUTOMATED_CAPTION_CANDIDATE; human visual confirmation required,1,UNKNOWN,UNKNOWN
P044,10.1109/tfuzz.2021.3067724,A,11,10,UNCLASSIFIED,HIL experimental setup.,3,AUTOMATED_CAPTION_CANDIDATE; human visual confirmation required,1,UNKNOWN,UNKNOWN
P044,10.1109/tfuzz.2021.3067724,A,12,11,QUANTITATIVE_RESULT,HIL experiment results of the vehicle global position.,8,AUTOMATED_CAPTION_CANDIDATE; human visual confirmation required,1,UNKNOWN,UNKNOWN
P044,10.1109/tfuzz.2021.3067724,A,13,11,QUANTITATIVE_RESULT,HIL experiment results of the lateral offset.,7,AUTOMATED_CAPTION_CANDIDATE; human visual confirmation required,1,UNKNOWN,UNKNOWN
P044,10.1109/tfuzz.2021.3067724,A,14,11,QUANTITATIVE_RESULT,HIL experiment results of the orientation error.,7,AUTOMATED_CAPTION_CANDIDATE; human visual confirmation required,1,UNKNOWN,UNKNOWN
P044,10.1109/tfuzz.2021.3067724,A,15,11,QUANTITATIVE_RESULT,HIL experiment results of the front steering angle.,8,AUTOMATED_CAPTION_CANDIDATE; human visual confirmation required,1,UNKNOWN,UNKNOWN
P044,10.1109/tfuzz.2021.3067724,A,16,11,QUANTITATIVE_RESULT,HIL experiment results of the rear steering angle.,8,AUTOMATED_CAPTION_CANDIDATE; human visual confirmation required,1,UNKNOWN,UNKNOWN
P045,10.1109/tie.2024.3363761,A,1,3,METHOD_FRAMEWORK,General framework of the proposed semantic-driven UAV,7,AUTOMATED_CAPTION_CANDIDATE; human visual confirmation required,1,UNKNOWN,UNKNOWN
P045,10.1109/tie.2024.3363761,A,2,4,UNCLASSIFIED,Motion decision network for navigation.,5,AUTOMATED_CAPTION_CANDIDATE; human visual confirmation required,1,UNKNOWN,UNKNOWN
P045,10.1109/tie.2024.3363761,A,3,5,METHOD_FRAMEWORK,T raining framework of the proposed DRL navigation model.,9,AUTOMATED_CAPTION_CANDIDATE; human visual confirmation required,1,UNKNOWN,UNKNOWN
P045,10.1109/tie.2024.3363761,A,4,6,UNCLASSIFIED,Schematic diagram of agent reward design. (a) Case of the,10,AUTOMATED_CAPTION_CANDIDATE; human visual confirmation required,1,UNKNOWN,UNKNOWN
P045,10.1109/tie.2024.3363761,A,5,7,UNCLASSIFIED,Navigation training scores. (a) Navigation training scores of the,9,AUTOMATED_CAPTION_CANDIDATE; human visual confirmation required,1,UNKNOWN,UNKNOWN
P045,10.1109/tie.2024.3363761,A,6,8,SCENARIO; QUANTITATIVE_RESULT,Experimental results in simulation environment. (a) Basic UAV navigation capability in an environment with regular arrangement of,17,AUTOMATED_CAPTION_CANDIDATE; human visual confirmation required,1,UNKNOWN,UNKNOWN
P045,10.1109/tie.2024.3363761,A,7,9,QUANTITATIVE_RESULT,Experimental results of semantic-driven autonomous naviga-,6,AUTOMATED_CAPTION_CANDIDATE; human visual confirmation required,1,UNKNOWN,UNKNOWN
P045,10.1109/tie.2024.3363761,A,8,9,QUANTITATIVE_RESULT,Experiment results of social distancing supervision task with,8,AUTOMATED_CAPTION_CANDIDATE; human visual confirmation required,1,UNKNOWN,UNKNOWN
P046,10.1109/tie.2025.3536628,A,1,3,UNCLASSIFIED,Diagram of control structure.,4,AUTOMATED_CAPTION_CANDIDATE; human visual confirmation required,1,UNKNOWN,UNKNOWN
P046,10.1109/tie.2025.3536628,A,2,6,UNCLASSIFIED,Different start points with different angles.,6,AUTOMATED_CAPTION_CANDIDATE; human visual confirmation required,1,UNKNOWN,UNKNOWN
P046,10.1109/tie.2025.3536628,A,3,6,UNCLASSIFIED,Time consumption of different MPC solvers.,6,AUTOMATED_CAPTION_CANDIDATE; human visual confirmation required,1,UNKNOWN,UNKNOWN
P046,10.1109/tie.2025.3536628,A,4,6,UNCLASSIFIED,MPC-TSMC control with different kinds of obstacles. (a) circle,9,AUTOMATED_CAPTION_CANDIDATE; human visual confirmation required,1,UNKNOWN,UNKNOWN
P046,10.1109/tie.2025.3536628,A,5,7,UNCLASSIFIED,"Obstacle center moves from [5,−2] to [5, 0].",8,AUTOMATED_CAPTION_CANDIDATE; human visual confirmation required,1,UNKNOWN,UNKNOWN
P046,10.1109/tie.2025.3536628,A,6,7,UNCLASSIFIED,"Obstacle center moves from [5,−2] to [6, 3].",8,AUTOMATED_CAPTION_CANDIDATE; human visual confirmation required,1,UNKNOWN,UNKNOWN
P046,10.1109/tie.2025.3536628,A,7,7,UNCLASSIFIED,WATER robot.,2,AUTOMATED_CAPTION_CANDIDATE; human visual confirmation required,1,UNKNOWN,UNKNOWN
P046,10.1109/tie.2025.3536628,A,8,7,GENERALIZATION,Generalization experiments.,2,AUTOMATED_CAPTION_CANDIDATE; human visual confirmation required,1,UNKNOWN,UNKNOWN
P046,10.1109/tie.2025.3536628,A,9,7,QUANTITATIVE_RESULT,Planning and tracking results of obstacle 1.,7,AUTOMATED_CAPTION_CANDIDATE; human visual confirmation required,1,UNKNOWN,UNKNOWN
P046,10.1109/tie.2025.3536628,A,10,7,QUANTITATIVE_RESULT,X and Y directions performance.,5,AUTOMATED_CAPTION_CANDIDATE; human visual confirmation required,1,UNKNOWN,UNKNOWN
P046,10.1109/tie.2025.3536628,A,11,8,QUANTITATIVE_RESULT,Tracking performance of yaw angles.,5,AUTOMATED_CAPTION_CANDIDATE; human visual confirmation required,1,UNKNOWN,UNKNOWN
P046,10.1109/tie.2025.3536628,A,12,8,UNCLASSIFIED,Control velocities of ST -TSMC.,5,AUTOMATED_CAPTION_CANDIDATE; human visual confirmation required,1,UNKNOWN,UNKNOWN
P046,10.1109/tie.2025.3536628,A,13,8,QUANTITATIVE_RESULT,Planning and tracking results of obstacle 2.,7,AUTOMATED_CAPTION_CANDIDATE; human visual confirmation required,1,UNKNOWN,UNKNOWN
P046,10.1109/tie.2025.3536628,A,14,8,QUANTITATIVE_RESULT,X and Y directions performance.,5,AUTOMATED_CAPTION_CANDIDATE; human visual confirmation required,1,UNKNOWN,UNKNOWN
P046,10.1109/tie.2025.3536628,A,15,8,QUANTITATIVE_RESULT,Tracking performance of yaw angles.,5,AUTOMATED_CAPTION_CANDIDATE; human visual confirmation required,1,UNKNOWN,UNKNOWN
P046,10.1109/tie.2025.3536628,A,16,8,UNCLASSIFIED,Control velocities of ST -TSMC.,5,AUTOMATED_CAPTION_CANDIDATE; human visual confirmation required,1,UNKNOWN,UNKNOWN
P046,10.1109/tie.2025.3536628,A,17,9,UNCLASSIFIED,Obstacle avoidance experiments.,3,AUTOMATED_CAPTION_CANDIDATE; human visual confirmation required,1,UNKNOWN,UNKNOWN
P047,10.1109/tie.2023.3306405,A,1,3,UNCLASSIFIED,Selections of critical points in UR5.,6,AUTOMATED_CAPTION_CANDIDATE; human visual confirmation required,1,UNKNOWN,UNKNOWN
P047,10.1109/tie.2023.3306405,A,2,4,METHOD_FRAMEWORK,"Framework of the cascaded nonlinear MPC system. r denotes the reference Cartesian pose, u∗",14,AUTOMATED_CAPTION_CANDIDATE; human visual confirmation required,1,UNKNOWN,UNKNOWN
P047,10.1109/tie.2023.3306405,A,3,5,UNCLASSIFIED,Cost of repulsive function for the horizontal and vertical distances,10,AUTOMATED_CAPTION_CANDIDATE; human visual confirmation required,1,UNKNOWN,UNKNOWN
P047,10.1109/tie.2023.3306405,A,4,7,UNCLASSIFIED,Experimental setup.,2,AUTOMATED_CAPTION_CANDIDATE; human visual confirmation required,1,UNKNOWN,UNKNOWN
P047,10.1109/tie.2023.3306405,A,5,7,QUANTITATIVE_RESULT,Velocity estimation results for different obstacles: (a) slow moving,9,AUTOMATED_CAPTION_CANDIDATE; human visual confirmation required,1,UNKNOWN,UNKNOWN
P047,10.1109/tie.2023.3306405,A,6,7,UNCLASSIFIED,Frame-by-frame plots under HC-MPC.,4,AUTOMATED_CAPTION_CANDIDATE; human visual confirmation required,1,UNKNOWN,UNKNOWN
P047,10.1109/tie.2023.3306405,A,7,8,UNCLASSIFIED,Error and control input curves of APF-Double-MPC and HC-,9,AUTOMATED_CAPTION_CANDIDATE; human visual confirmation required,1,UNKNOWN,UNKNOWN
P047,10.1109/tie.2023.3306405,A,8,8,UNCLASSIFIED,Actual and obstacle-free trajectories of the robot manipulator’s,8,AUTOMATED_CAPTION_CANDIDATE; human visual confirmation required,1,UNKNOWN,UNKNOWN
P047,10.1109/tie.2023.3306405,A,9,9,QUANTITATIVE_RESULT,Frame-by-frame plots under APF-Double-MPC and HC-Double-MPC: (a) results under the large obstacle and (b) results under the small,18,AUTOMATED_CAPTION_CANDIDATE; human visual confirmation required,2,UNKNOWN,UNKNOWN
P047,10.1109/tie.2023.3306405,A,10,10,UNCLASSIFIED,Minimum distance between the obstacle and critical points,8,AUTOMATED_CAPTION_CANDIDATE; human visual confirmation required,1,UNKNOWN,UNKNOWN
P047,10.1109/tie.2023.3306405,A,11,10,RUNTIME,Computational time consumption of APF-Double-MPC and Hc-,7,AUTOMATED_CAPTION_CANDIDATE; human visual confirmation required,1,UNKNOWN,UNKNOWN
P048,10.1109/tie.2025.3639779,A,1,3,METHOD_FRAMEWORK,The overview of the proposed method framework.,7,AUTOMATED_CAPTION_CANDIDATE; human visual confirmation required,1,UNKNOWN,UNKNOWN
P048,10.1109/tie.2025.3639779,A,2,3,UNCLASSIFIED,An illustration of DTG and an instance of EOHDT-based routing,10,AUTOMATED_CAPTION_CANDIDATE; human visual confirmation required,1,UNKNOWN,UNKNOWN
P048,10.1109/tie.2025.3639779,A,3,5,TRAJECTORY,"An instance of ASEO trajectory. The initial position, velocity,",9,AUTOMATED_CAPTION_CANDIDATE; human visual confirmation required,1,UNKNOWN,UNKNOWN
P048,10.1109/tie.2025.3639779,A,4,7,SCENARIO; TRAJECTORY; QUANTITATIVE_RESULT,The mapping results and the executed trajectory of all the methods. The color of the trajectory (j) denotes the velocity of the UAV. Each row,25,AUTOMATED_CAPTION_CANDIDATE; human visual confirmation required,1,UNKNOWN,UNKNOWN
P048,10.1109/tie.2025.3639779,A,5,8,QUANTITATIVE_RESULT,Simulation result inLarge T unnel.,5,AUTOMATED_CAPTION_CANDIDATE; human visual confirmation required,1,UNKNOWN,UNKNOWN
P048,10.1109/tie.2025.3639779,A,6,9,QUANTITATIVE_RESULT; REAL_WORLD,Experiment results of real-world explorations.,5,AUTOMATED_CAPTION_CANDIDATE; human visual confirmation required,1,UNKNOWN,UNKNOWN
P049,10.1109/tie.2021.3070508,A,1,2,METHOD_FRAMEWORK,Autonomous navigation framework of the wheel-legged robot.,7,AUTOMATED_CAPTION_CANDIDATE; human visual confirmation required,1,UNKNOWN,UNKNOWN
P049,10.1109/tie.2021.3070508,A,2,3,UNCLASSIFIED,Blue marker is the turning point. (a) and (b) Global plan does,12,AUTOMATED_CAPTION_CANDIDATE; human visual confirmation required,2,UNKNOWN,UNKNOWN
P049,10.1109/tie.2021.3070508,A,3,5,SCENARIO,Cost map settings.,3,AUTOMATED_CAPTION_CANDIDATE; human visual confirmation required,1,UNKNOWN,UNKNOWN
P049,10.1109/tie.2021.3070508,A,4,6,UNCLASSIFIED,Schematic diagram of local target point optimization and,8,AUTOMATED_CAPTION_CANDIDATE; human visual confirmation required,1,UNKNOWN,UNKNOWN
P049,10.1109/tie.2021.3070508,A,5,6,UNCLASSIFIED,Experimental veriﬁcation platform.,3,AUTOMATED_CAPTION_CANDIDATE; human visual confirmation required,1,UNKNOWN,UNKNOWN
P049,10.1109/tie.2021.3070508,A,6,6,UNCLASSIFIED,GPS trace projected onto the OSM satellite image.,8,AUTOMATED_CAPTION_CANDIDATE; human visual confirmation required,1,UNKNOWN,UNKNOWN
P049,10.1109/tie.2021.3070508,A,7,7,QUANTITATIVE_RESULT,Red line in (a) is the result of ﬁtting through the pixels on both,14,AUTOMATED_CAPTION_CANDIDATE; human visual confirmation required,1,UNKNOWN,UNKNOWN
P049,10.1109/tie.2021.3070508,A,8,7,UNCLASSIFIED,(a) Unstructured road scene (without boundary markers) in,8,AUTOMATED_CAPTION_CANDIDATE; human visual confirmation required,1,UNKNOWN,UNKNOWN
P049,10.1109/tie.2021.3070508,A,9,7,UNCLASSIFIED,Road decision-making experiment based on DS evidence,7,AUTOMATED_CAPTION_CANDIDATE; human visual confirmation required,1,UNKNOWN,UNKNOWN
P049,10.1109/tie.2021.3070508,A,10,7,SCENARIO,Local cost map construction. The outermost layer is the ex-,10,AUTOMATED_CAPTION_CANDIDATE; human visual confirmation required,1,UNKNOWN,UNKNOWN
P049,10.1109/tie.2021.3070508,A,11,8,SCENARIO,Local planning based on the local cost map.,8,AUTOMATED_CAPTION_CANDIDATE; human visual confirmation required,1,UNKNOWN,UNKNOWN
P049,10.1109/tie.2021.3070508,A,12,8,QUANTITATIVE_RESULT,Results of comparative experiment.,4,AUTOMATED_CAPTION_CANDIDATE; human visual confirmation required,1,UNKNOWN,UNKNOWN
P049,10.1109/tie.2021.3070508,A,13,8,QUANTITATIVE_RESULT,Error analysis. (a) Navigation track comparison. (b) T wo meth-,10,AUTOMATED_CAPTION_CANDIDATE; human visual confirmation required,2,UNKNOWN,UNKNOWN
P050,10.1109/tie.2023.3299048,A,1,2,UNCLASSIFIED,Left: The quadruped robot originally plans to fetch a Coke in,11,AUTOMATED_CAPTION_CANDIDATE; human visual confirmation required,1,UNKNOWN,UNKNOWN
P050,10.1109/tie.2023.3299048,A,2,4,UNCLASSIFIED,V-RTLMP .,2,AUTOMATED_CAPTION_CANDIDATE; human visual confirmation required,1,UNKNOWN,UNKNOWN
P050,10.1109/tie.2023.3299048,A,3,5,UNCLASSIFIED,Robot is visualized under Rviz with the world coordinate system,10,AUTOMATED_CAPTION_CANDIDATE; human visual confirmation required,1,UNKNOWN,UNKNOWN
P050,10.1109/tie.2023.3299048,A,4,6,UNCLASSIFIED,"(a) Human point clouds, and (b)–(d) are the predicted cylin-",10,AUTOMATED_CAPTION_CANDIDATE; human visual confirmation required,3,UNKNOWN,UNKNOWN
P050,10.1109/tie.2023.3299048,A,5,7,UNCLASSIFIED,Quadruped robot is asked to perform the task φc in a hospital,12,AUTOMATED_CAPTION_CANDIDATE; human visual confirmation required,1,UNKNOWN,UNKNOWN
P050,10.1109/tie.2023.3299048,A,6,9,UNCLASSIFIED,"Visualization of the task φc, where the api (i =1 , 2, 3, 4) in the transition graph represents different subtasks of φc. (a) Successful",25,AUTOMATED_CAPTION_CANDIDATE; human visual confirmation required,1,UNKNOWN,UNKNOWN
P050,10.1109/tie.2023.3299048,A,7,9,SCENARIO; TRAJECTORY,Experiment setup. (a) Initial environment. (b) Unitree A1 quadruped robot. (c) Visualized robot trajectory .,15,AUTOMATED_CAPTION_CANDIDATE; human visual confirmation required,3,UNKNOWN,UNKNOWN
P051,10.1109/tii.2024.3438241,A,1,2,UNCLASSIFIED,UAV body coordinates and rotor number.,6,AUTOMATED_CAPTION_CANDIDATE; human visual confirmation required,1,UNKNOWN,UNKNOWN
P051,10.1109/tii.2024.3438241,A,2,3,UNCLASSIFIED,Reinforcement learning-assisted fault-tolerance control frame-,5,AUTOMATED_CAPTION_CANDIDATE; human visual confirmation required,1,UNKNOWN,UNKNOWN
P051,10.1109/tii.2024.3438241,A,3,4,UNCLASSIFIED,Network structure of the Actor and Critic. The state input,10,AUTOMATED_CAPTION_CANDIDATE; human visual confirmation required,1,UNKNOWN,UNKNOWN
P051,10.1109/tii.2024.3438241,A,4,4,UNCLASSIFIED,UAV employs a cascaded PID control scheme. The outer loop,10,AUTOMATED_CAPTION_CANDIDATE; human visual confirmation required,1,UNKNOWN,UNKNOWN
P051,10.1109/tii.2024.3438241,A,5,5,UNCLASSIFIED,Reward changes during training.,4,AUTOMATED_CAPTION_CANDIDATE; human visual confirmation required,1,UNKNOWN,UNKNOWN
P051,10.1109/tii.2024.3438241,A,6,5,UNCLASSIFIED,Hover test in simulation.,4,AUTOMATED_CAPTION_CANDIDATE; human visual confirmation required,1,UNKNOWN,UNKNOWN
P051,10.1109/tii.2024.3438241,A,7,5,QUANTITATIVE_RESULT,T rajectory comparison between fault-tolerant and nonfault-,7,AUTOMATED_CAPTION_CANDIDATE; human visual confirmation required,1,UNKNOWN,UNKNOWN
P051,10.1109/tii.2024.3438241,A,8,6,QUANTITATIVE_RESULT,State comparison between fault-tolerant and nonfault-tolerant,6,AUTOMATED_CAPTION_CANDIDATE; human visual confirmation required,1,UNKNOWN,UNKNOWN
P051,10.1109/tii.2024.3438241,A,9,7,QUANTITATIVE_RESULT,T rajectory comparison between fault-tolerant and nonfault-,7,AUTOMATED_CAPTION_CANDIDATE; human visual confirmation required,1,UNKNOWN,UNKNOWN
P051,10.1109/tii.2024.3438241,A,10,8,QUANTITATIVE_RESULT,State comparison between fault-tolerant and nonfault-tolerant,6,AUTOMATED_CAPTION_CANDIDATE; human visual confirmation required,1,UNKNOWN,UNKNOWN
P051,10.1109/tii.2024.3438241,A,11,8,UNCLASSIFIED,"Data ˆp, ˆq, ˆ˙p, ˆ˙q are obtained through the fusion of information",12,AUTOMATED_CAPTION_CANDIDATE; human visual confirmation required,1,UNKNOWN,UNKNOWN
P051,10.1109/tii.2024.3438241,A,12,8,UNCLASSIFIED,Illustration of fault-tolerant effects in the physical hover exper-,9,AUTOMATED_CAPTION_CANDIDATE; human visual confirmation required,1,UNKNOWN,UNKNOWN
P052,10.1109/tii.2026.3658768,A,1,3,TRAJECTORY,Vehicle dynamics with a reference trajectory .,7,AUTOMATED_CAPTION_CANDIDATE; human visual confirmation required,1,UNKNOWN,UNKNOWN
P052,10.1109/tii.2026.3658768,A,2,8,UNCLASSIFIED,Conﬁguration and architecture of the HIL platform.,7,AUTOMATED_CAPTION_CANDIDATE; human visual confirmation required,1,UNKNOWN,UNKNOWN
P052,10.1109/tii.2026.3658768,A,3,8,TRAJECTORY; QUANTITATIVE_RESULT,Vehicle trajectory tracking results for double lane-change sce-,8,AUTOMATED_CAPTION_CANDIDATE; human visual confirmation required,1,UNKNOWN,UNKNOWN
P052,10.1109/tii.2026.3658768,A,4,8,UNCLASSIFIED,presents the value of yaw angle ϕ. Table I summarizes,10,AUTOMATED_CAPTION_CANDIDATE; human visual confirmation required,1,UNKNOWN,UNKNOWN
P052,10.1109/tii.2026.3658768,A,5,9,TRAJECTORY; QUANTITATIVE_RESULT,Vehicle trajectory tracking results for multisinusoidal trajectory .,8,AUTOMATED_CAPTION_CANDIDATE; human visual confirmation required,1,UNKNOWN,UNKNOWN
P052,10.1109/tii.2026.3658768,A,6,9,TRAJECTORY; QUANTITATIVE_RESULT,HIL results of yaw angle ϕfor multisinusoidal trajectory track-,9,AUTOMATED_CAPTION_CANDIDATE; human visual confirmation required,1,UNKNOWN,UNKNOWN
P052,10.1109/tii.2026.3658768,A,7,10,TRAJECTORY; QUANTITATIVE_RESULT,Vehicle trajectory tracking results for the general trajectory (60).,9,AUTOMATED_CAPTION_CANDIDATE; human visual confirmation required,1,UNKNOWN,UNKNOWN
P052,10.1109/tii.2026.3658768,A,8,10,TRAJECTORY; QUANTITATIVE_RESULT,HIL results of yaw angle ϕfor tracking the general trajectory,10,AUTOMATED_CAPTION_CANDIDATE; human visual confirmation required,1,UNKNOWN,UNKNOWN
P053,10.1109/tii.2025.3593966,A,1,4,UNCLASSIFIED,Overview of UAV inspections in offshore wind farms.,8,AUTOMATED_CAPTION_CANDIDATE; human visual confirmation required,1,UNKNOWN,UNKNOWN
P053,10.1109/tii.2025.3593966,A,2,5,UNCLASSIFIED,Block diagram of inspection UAV deployment.,6,AUTOMATED_CAPTION_CANDIDATE; human visual confirmation required,1,UNKNOWN,UNKNOWN
P053,10.1109/tii.2025.3593966,A,3,5,TRAJECTORY,Block diagram of inspection path planning.,6,AUTOMATED_CAPTION_CANDIDATE; human visual confirmation required,1,UNKNOWN,UNKNOWN
P053,10.1109/tii.2025.3593966,A,4,8,UNCLASSIFIED,Walney Island wind rose.,4,AUTOMATED_CAPTION_CANDIDATE; human visual confirmation required,1,UNKNOWN,UNKNOWN
P053,10.1109/tii.2025.3593966,A,5,8,UNCLASSIFIED,"UAVs deployment process in Walney 3 wind farm. (a) Step = 0,",12,AUTOMATED_CAPTION_CANDIDATE; human visual confirmation required,1,UNKNOWN,UNKNOWN
P053,10.1109/tii.2025.3593966,A,6,9,TRAJECTORY; QUANTITATIVE_RESULT,Examples of the proposed DRL-based path planning result. (a) A01. (b) C16. (c) C21. (d) D01. (e) F01. (f) F07. (g) H04. (h) H06.,24,AUTOMATED_CAPTION_CANDIDATE; human visual confirmation required,8,UNKNOWN,UNKNOWN
P054,10.1109/tii.2024.3468453,A,1,2,REAL_WORLD,24-DOF real-world bipedal robot and simulation. URL-based,7,AUTOMATED_CAPTION_CANDIDATE; human visual confirmation required,1,UNKNOWN,UNKNOWN
P054,10.1109/tii.2024.3468453,A,2,4,TRAJECTORY,Logic of PoSD’s architecture. Left: Four constraints are used to guide the division between the trajectory latent spaces corresponding to,20,AUTOMATED_CAPTION_CANDIDATE; human visual confirmation required,1,UNKNOWN,UNKNOWN
P054,10.1109/tii.2024.3468453,A,3,6,UNCLASSIFIED,Network structure of PoSD.,4,AUTOMATED_CAPTION_CANDIDATE; human visual confirmation required,1,UNKNOWN,UNKNOWN
P054,10.1109/tii.2024.3468453,A,4,7,SCENARIO,"Skill trajectories learned by (c) random policy , (d) DIA YN, (e) our PoSD. (a) UAV navigation environment with partial observation obtained",22,AUTOMATED_CAPTION_CANDIDATE; human visual confirmation required,4,UNKNOWN,UNKNOWN
P054,10.1109/tii.2024.3468453,A,5,9,ABLATION,Numerical ablation experiments on twelve tasks across three domains. Four modules are necessary for PoSD to achieve the most,19,AUTOMATED_CAPTION_CANDIDATE; human visual confirmation required,1,UNKNOWN,UNKNOWN
P054,10.1109/tii.2024.3468453,A,6,9,METHOD_FRAMEWORK; QUANTITATIVE_RESULT,Comparative performance analysis of URL frameworks across,7,AUTOMATED_CAPTION_CANDIDATE; human visual confirmation required,1,UNKNOWN,UNKNOWN
P054,10.1109/tii.2024.3468453,A,7,9,TRAJECTORY; QUANTITATIVE_RESULT,Results and trajectory demonstrations of our PoSD in bipedal,9,AUTOMATED_CAPTION_CANDIDATE; human visual confirmation required,1,UNKNOWN,UNKNOWN
P054,10.1109/tii.2024.3468453,A,8,10,UNCLASSIFIED,Reward curves on ﬁne-tuning to three tasks of bipedal tasks,10,AUTOMATED_CAPTION_CANDIDATE; human visual confirmation required,1,UNKNOWN,UNKNOWN
P055,10.1109/tii.2023.3248120,A,1,3,UNCLASSIFIED,presents the geometrical structure of the parallel ma-,8,AUTOMATED_CAPTION_CANDIDATE; human visual confirmation required,1,UNKNOWN,UNKNOWN
P055,10.1109/tii.2023.3248120,A,2,5,UNCLASSIFIED,depicts the SSOFQ reinforcement learning control that a,8,AUTOMATED_CAPTION_CANDIDATE; human visual confirmation required,1,UNKNOWN,UNKNOWN
P055,10.1109/tii.2023.3248120,A,3,6,UNCLASSIFIED,FPGA-based real-time SSOFQ reinforcement control.,5,AUTOMATED_CAPTION_CANDIDATE; human visual confirmation required,1,UNKNOWN,UNKNOWN
P055,10.1109/tii.2023.3248120,A,4,6,UNCLASSIFIED,Picture of the experimental Stewart platform.,6,AUTOMATED_CAPTION_CANDIDATE; human visual confirmation required,1,UNKNOWN,UNKNOWN
P055,10.1109/tii.2023.3248120,A,5,6,UNCLASSIFIED,presents the convergent behaviors of the three,7,AUTOMATED_CAPTION_CANDIDATE; human visual confirmation required,1,UNKNOWN,UNKNOWN
P055,10.1109/tii.2023.3248120,A,6,7,UNCLASSIFIED,State error of the parallel Stewart platform.,7,AUTOMATED_CAPTION_CANDIDATE; human visual confirmation required,1,UNKNOWN,UNKNOWN
P055,10.1109/tii.2023.3248120,A,7,7,QUANTITATIVE_RESULT,presents the comparison analysis performing the same,7,AUTOMATED_CAPTION_CANDIDATE; human visual confirmation required,1,UNKNOWN,UNKNOWN
P055,10.1109/tii.2023.3248120,A,8,7,TRAJECTORY,Position trajectory of the parallel Stewart platform.,7,AUTOMATED_CAPTION_CANDIDATE; human visual confirmation required,1,UNKNOWN,UNKNOWN
P055,10.1109/tii.2023.3248120,A,9,8,TRAJECTORY,Orientation trajectory of the parallel Stewart platform.,7,AUTOMATED_CAPTION_CANDIDATE; human visual confirmation required,1,UNKNOWN,UNKNOWN
P055,10.1109/tii.2023.3248120,A,10,8,UNCLASSIFIED,Pulse number of the motor encoder for Link1–Link6.,8,AUTOMATED_CAPTION_CANDIDATE; human visual confirmation required,1,UNKNOWN,UNKNOWN
P055,10.1109/tii.2023.3248120,A,11,8,QUANTITATIVE_RESULT,T racking results using three evolutionary fuzzy Q-learning,8,AUTOMATED_CAPTION_CANDIDATE; human visual confirmation required,1,UNKNOWN,UNKNOWN
P056,10.1109/tii.2022.3143175,A,1,2,UNCLASSIFIED,shows a schematic system that consists of two units:,9,AUTOMATED_CAPTION_CANDIDATE; human visual confirmation required,1,UNKNOWN,UNKNOWN
P056,10.1109/tii.2022.3143175,A,2,4,UNCLASSIFIED,UA V coordination,3,AUTOMATED_CAPTION_CANDIDATE; human visual confirmation required,1,UNKNOWN,UNKNOWN
P056,10.1109/tii.2022.3143175,A,3,3,UNCLASSIFIED,"In addition, this paper assumes that each user un is",10,AUTOMATED_CAPTION_CANDIDATE; human visual confirmation required,1,UNKNOWN,UNKNOWN
P056,10.1109/tii.2022.3143175,A,4,6,QUANTITATIVE_RESULT,"shows the training results. As shown in Fig. 4(a)/(b),",9,AUTOMATED_CAPTION_CANDIDATE; human visual confirmation required,2,UNKNOWN,UNKNOWN
P056,10.1109/tii.2022.3143175,A,5,7,QUANTITATIVE_RESULT,"The performance difference of proposed scheme,",6,AUTOMATED_CAPTION_CANDIDATE; human visual confirmation required,1,UNKNOWN,UNKNOWN
P056,10.1109/tii.2022.3143175,A,6,8,UNCLASSIFIED,"UA V agents behaviors; circle depicts the surveillance coverage range of each UA V agent, the purple/blue stars represent",19,AUTOMATED_CAPTION_CANDIDATE; human visual confirmation required,1,UNKNOWN,UNKNOWN
P057,10.1109/tim.2025.3584117,A,1,3,UNCLASSIFIED,Overview of our presented ARE method.,6,AUTOMATED_CAPTION_CANDIDATE; human visual confirmation required,1,UNKNOWN,UNKNOWN
P057,10.1109/tim.2025.3584117,A,2,4,UNCLASSIFIED,Schematic illustrating the holed grid structure utilized for local grid,10,AUTOMATED_CAPTION_CANDIDATE; human visual confirmation required,1,UNKNOWN,UNKNOWN
P057,10.1109/tim.2025.3584117,A,3,5,UNCLASSIFIED,Illustration of the dense graph sparsiﬁcation.,6,AUTOMATED_CAPTION_CANDIDATE; human visual confirmation required,1,UNKNOWN,UNKNOWN
P057,10.1109/tim.2025.3584117,A,4,6,UNCLASSIFIED,GA-SAC algorithm structural diagram.,4,AUTOMATED_CAPTION_CANDIDATE; human visual confirmation required,1,UNKNOWN,UNKNOWN
P057,10.1109/tim.2025.3584117,A,5,7,UNCLASSIFIED,Diagram of network training with ground truth.,7,AUTOMATED_CAPTION_CANDIDATE; human visual confirmation required,1,UNKNOWN,UNKNOWN
P057,10.1109/tim.2025.3584117,A,6,10,UNCLASSIFIED,"Training and testing scenes of our model, the yellow point represents",11,AUTOMATED_CAPTION_CANDIDATE; human visual confirmation required,1,UNKNOWN,UNKNOWN
P057,10.1109/tim.2025.3584117,A,7,10,UNCLASSIFIED,illustrates the average episodic rewards attained,6,AUTOMATED_CAPTION_CANDIDATE; human visual confirmation required,1,UNKNOWN,UNKNOWN
P057,10.1109/tim.2025.3584117,A,8,11,UNCLASSIFIED,Visualization of the current state and the corresponding three-head,9,AUTOMATED_CAPTION_CANDIDATE; human visual confirmation required,1,UNKNOWN,UNKNOWN
P057,10.1109/tim.2025.3584117,A,9,11,QUANTITATIVE_RESULT,Static results of di ﬀerent models on the testing set. Histogram means,12,AUTOMATED_CAPTION_CANDIDATE; human visual confirmation required,1,UNKNOWN,UNKNOWN
P057,10.1109/tim.2025.3584117,A,10,11,PROBLEM; SCENARIO; QUANTITATIVE_RESULT,Results of two scenarios in the testing set. (a) Relatively complex test,12,AUTOMATED_CAPTION_CANDIDATE; human visual confirmation required,1,UNKNOWN,UNKNOWN
P057,10.1109/tim.2025.3584117,A,11,11,SCENARIO,Simulation testing environments. (a) O ﬃce. (b) Campus.,8,AUTOMATED_CAPTION_CANDIDATE; human visual confirmation required,2,UNKNOWN,UNKNOWN
P057,10.1109/tim.2025.3584117,A,12,11,TRAJECTORY; QUANTITATIVE_RESULT,Exploration path comparisons in a large-scale indoor.,7,AUTOMATED_CAPTION_CANDIDATE; human visual confirmation required,1,UNKNOWN,UNKNOWN
P057,10.1109/tim.2025.3584117,A,13,12,QUANTITATIVE_RESULT,Exploration metrics comparisons in a large-scale indoor o ﬃce simulation. (a) Graph for explored volume over explored time. (b) Graph for computing,22,AUTOMATED_CAPTION_CANDIDATE; human visual confirmation required,2,UNKNOWN,UNKNOWN
P057,10.1109/tim.2025.3584117,A,14,12,TRAJECTORY; QUANTITATIVE_RESULT,Exploration paths comparisons in a large-scale outdoor campus,8,AUTOMATED_CAPTION_CANDIDATE; human visual confirmation required,1,UNKNOWN,UNKNOWN
P057,10.1109/tim.2025.3584117,A,15,13,QUANTITATIVE_RESULT,Exploration metrics comparisons in a large-scale outdoor campus simulation. (a) Graph for explored volume over explored time. (b) Graph for,20,AUTOMATED_CAPTION_CANDIDATE; human visual confirmation required,2,UNKNOWN,UNKNOWN
P057,10.1109/tim.2025.3584117,A,16,13,UNCLASSIFIED,Consumption of the LiDAR process.,5,AUTOMATED_CAPTION_CANDIDATE; human visual confirmation required,1,UNKNOWN,UNKNOWN
P057,10.1109/tim.2025.3584117,A,17,14,SCENARIO; TRAJECTORY; QUANTITATIVE_RESULT; REAL_WORLD,Result of the real-world experiments undertaken within the long corridor indoor environment. (a) 3-D static point cloud map and a trajectory obtained,22,AUTOMATED_CAPTION_CANDIDATE; human visual confirmation required,1,UNKNOWN,UNKNOWN
P057,10.1109/tim.2025.3584117,A,18,14,SCENARIO; TRAJECTORY; QUANTITATIVE_RESULT; REAL_WORLD,Result of the real-world experiments undertaken within the ground parking outdoor environment. (a) 3-D static point cloud map and a trajectory,21,AUTOMATED_CAPTION_CANDIDATE; human visual confirmation required,1,UNKNOWN,UNKNOWN
P058,10.1109/tim.2024.3522370,A,1,3,UNCLASSIFIED,Structure of fixed-wing UA V .,6,AUTOMATED_CAPTION_CANDIDATE; human visual confirmation required,1,UNKNOWN,UNKNOWN
P058,10.1109/tim.2024.3522370,A,2,4,UNCLASSIFIED,Structure of UGV .,4,AUTOMATED_CAPTION_CANDIDATE; human visual confirmation required,1,UNKNOWN,UNKNOWN
P058,10.1109/tim.2024.3522370,A,3,5,UNCLASSIFIED,DDQN algorithm structure.,3,AUTOMATED_CAPTION_CANDIDATE; human visual confirmation required,1,UNKNOWN,UNKNOWN
P058,10.1109/tim.2024.3522370,A,4,5,UNCLASSIFIED,"Relation among real position, filter position, and estimated filtered",9,AUTOMATED_CAPTION_CANDIDATE; human visual confirmation required,1,UNKNOWN,UNKNOWN
P058,10.1109/tim.2024.3522370,A,5,6,METHOD_FRAMEWORK,Control framework of the proposed DDQN-APF algorithm for UA Vs.,10,AUTOMATED_CAPTION_CANDIDATE; human visual confirmation required,1,UNKNOWN,UNKNOWN
P058,10.1109/tim.2024.3522370,A,6,6,METHOD_FRAMEWORK,Control framework of the proposed DDQN-APF algorithm for UGVs.,9,AUTOMATED_CAPTION_CANDIDATE; human visual confirmation required,1,UNKNOWN,UNKNOWN
P058,10.1109/tim.2024.3522370,A,7,6,UNCLASSIFIED,Structure of Q-network.,3,AUTOMATED_CAPTION_CANDIDATE; human visual confirmation required,1,UNKNOWN,UNKNOWN
P058,10.1109/tim.2024.3522370,A,8,7,SCENARIO; TRAJECTORY; QUANTITATIVE_RESULT,Flight paths in static obstacle environment. (a) and (c) Results of the proposed algorithm. (b) and (d) Results of the traditional flocking algorithm.,23,AUTOMATED_CAPTION_CANDIDATE; human visual confirmation required,4,UNKNOWN,UNKNOWN
P058,10.1109/tim.2024.3522370,A,9,8,SCENARIO; QUANTITATIVE_RESULT,"Velocity, heading angle, and altitude curves for each UA V and virtual leader in static obstacle environment. (a), (c), and (e) Results of the proposed",25,AUTOMATED_CAPTION_CANDIDATE; human visual confirmation required,3,UNKNOWN,UNKNOWN
P058,10.1109/tim.2024.3522370,A,10,9,SCENARIO; SENSITIVITY,Curves of order parameter in static obstacle environment.,8,AUTOMATED_CAPTION_CANDIDATE; human visual confirmation required,1,UNKNOWN,UNKNOWN
P058,10.1109/tim.2024.3522370,A,11,9,SCENARIO,Curves of safety metrics in static obstacle environment.,8,AUTOMATED_CAPTION_CANDIDATE; human visual confirmation required,1,UNKNOWN,UNKNOWN
P058,10.1109/tim.2024.3522370,A,12,9,SCENARIO,Curves of average reward in static obstacle environment.,8,AUTOMATED_CAPTION_CANDIDATE; human visual confirmation required,1,UNKNOWN,UNKNOWN
P058,10.1109/tim.2024.3522370,A,13,9,SCENARIO,Curves of loss in static obstacle environment.,7,AUTOMATED_CAPTION_CANDIDATE; human visual confirmation required,1,UNKNOWN,UNKNOWN
P058,10.1109/tim.2024.3522370,A,14,10,SCENARIO; TRAJECTORY; QUANTITATIVE_RESULT,Flight paths in dynamic obstacle environment. (a) and (b) Results of 3-D perspective. (c) and (d) Results of 2-D perspective.,20,AUTOMATED_CAPTION_CANDIDATE; human visual confirmation required,4,UNKNOWN,UNKNOWN
P058,10.1109/tim.2024.3522370,A,15,11,SCENARIO; QUANTITATIVE_RESULT,"Velocity, heading angle, and altitude curves for each UA V and virtual leader in dynamic obstacle environment. (a), (c), and (e) Results of the",24,AUTOMATED_CAPTION_CANDIDATE; human visual confirmation required,3,UNKNOWN,UNKNOWN
P058,10.1109/tim.2024.3522370,A,16,11,SCENARIO; SENSITIVITY,Curves of order parameter in dynamic obstacle environment.,8,AUTOMATED_CAPTION_CANDIDATE; human visual confirmation required,1,UNKNOWN,UNKNOWN
P058,10.1109/tim.2024.3522370,A,17,11,SCENARIO,Curves of safety metrics in dynamic obstacle environment.,8,AUTOMATED_CAPTION_CANDIDATE; human visual confirmation required,1,UNKNOWN,UNKNOWN
P058,10.1109/tim.2024.3522370,A,18,11,SCENARIO,Curves of average reward in dynamic obstacle environment.,8,AUTOMATED_CAPTION_CANDIDATE; human visual confirmation required,1,UNKNOWN,UNKNOWN
P058,10.1109/tim.2024.3522370,A,19,11,SCENARIO,Curves of loss in dynamic obstacle environment.,7,AUTOMATED_CAPTION_CANDIDATE; human visual confirmation required,1,UNKNOWN,UNKNOWN
P058,10.1109/tim.2024.3522370,A,20,12,SCENARIO; TRAJECTORY; QUANTITATIVE_RESULT,Flight paths of UGVs in dynamic obstacle environment. (a) Result of the proposed algorithm. (b) Result of the traditional flocking algorithm.,21,AUTOMATED_CAPTION_CANDIDATE; human visual confirmation required,2,UNKNOWN,UNKNOWN
P058,10.1109/tim.2024.3522370,A,21,12,SCENARIO; QUANTITATIVE_RESULT,Velocity and heading angle curves for each UGV and virtual leader in dynamic obstacle environment. (a) and (c) Result of the proposed algorithm.,23,AUTOMATED_CAPTION_CANDIDATE; human visual confirmation required,2,UNKNOWN,UNKNOWN
P058,10.1109/tim.2024.3522370,A,22,13,PROBLEM; SCENARIO,Experiment scenario and omnidirectional UGVs.,5,AUTOMATED_CAPTION_CANDIDATE; human visual confirmation required,1,UNKNOWN,UNKNOWN
P058,10.1109/tim.2024.3522370,A,23,13,UNCLASSIFIED,Hardware structure of the omnidirectional UGV swarm.,7,AUTOMATED_CAPTION_CANDIDATE; human visual confirmation required,1,UNKNOWN,UNKNOWN
P058,10.1109/tim.2024.3522370,A,24,13,QUALITATIVE_RESULT,Snapshots of the process of obstacle avoidance. (a)–(i) Depict the positions of the UGV swarm and obstacles at successive time intervals.,21,AUTOMATED_CAPTION_CANDIDATE; human visual confirmation required,1,UNKNOWN,UNKNOWN
P058,10.1109/tim.2024.3522370,A,25,14,UNCLASSIFIED,Time response of position for UGVs. (a) Position of x-direction.,10,AUTOMATED_CAPTION_CANDIDATE; human visual confirmation required,1,UNKNOWN,UNKNOWN
P058,10.1109/tim.2024.3522370,A,26,14,TRAJECTORY,Trajectory of UGVs.,3,AUTOMATED_CAPTION_CANDIDATE; human visual confirmation required,1,UNKNOWN,UNKNOWN
P059,10.1109/tim.2023.3265741,A,1,3,UNCLASSIFIED,Flow diagram of the proposed reinforcement-learning-based control,7,AUTOMATED_CAPTION_CANDIDATE; human visual confirmation required,1,UNKNOWN,UNKNOWN
P059,10.1109/tim.2023.3265741,A,2,6,METHOD_FRAMEWORK,Framework of the proposed method.,5,AUTOMATED_CAPTION_CANDIDATE; human visual confirmation required,1,UNKNOWN,UNKNOWN
P059,10.1109/tim.2023.3265741,A,3,6,UNCLASSIFIED,Test accuracy of the proposed method with increasing number of,10,AUTOMATED_CAPTION_CANDIDATE; human visual confirmation required,1,UNKNOWN,UNKNOWN
P059,10.1109/tim.2023.3265741,A,4,6,SENSITIVITY,"Relationship between control accuracy and parameter set (η0, k) in",10,AUTOMATED_CAPTION_CANDIDATE; human visual confirmation required,1,UNKNOWN,UNKNOWN
P059,10.1109/tim.2023.3265741,A,5,6,UNCLASSIFIED,Average rewards per episode.,4,AUTOMATED_CAPTION_CANDIDATE; human visual confirmation required,1,UNKNOWN,UNKNOWN
P059,10.1109/tim.2023.3265741,A,6,7,QUANTITATIVE_RESULT,RMSE performance per episode.,4,AUTOMATED_CAPTION_CANDIDATE; human visual confirmation required,1,UNKNOWN,UNKNOWN
P059,10.1109/tim.2023.3265741,A,7,8,UNCLASSIFIED,UA V’s desired position and actual position.,7,AUTOMATED_CAPTION_CANDIDATE; human visual confirmation required,1,UNKNOWN,UNKNOWN
P059,10.1109/tim.2023.3265741,A,8,8,QUANTITATIVE_RESULT,Attitude control results in numerical experiments.,6,AUTOMATED_CAPTION_CANDIDATE; human visual confirmation required,1,UNKNOWN,UNKNOWN
P059,10.1109/tim.2023.3265741,A,9,8,UNCLASSIFIED,Position control errors in numerical experiments.,6,AUTOMATED_CAPTION_CANDIDATE; human visual confirmation required,1,UNKNOWN,UNKNOWN
P059,10.1109/tim.2023.3265741,A,10,9,UNCLASSIFIED,HITL simulation platform and self-developed UA V . (a) HITL,10,AUTOMATED_CAPTION_CANDIDATE; human visual confirmation required,1,UNKNOWN,UNKNOWN
P059,10.1109/tim.2023.3265741,A,11,9,SCENARIO; TRAJECTORY; QUANTITATIVE_RESULT,Trajectory tracking control results in various wind environments.,8,AUTOMATED_CAPTION_CANDIDATE; human visual confirmation required,1,UNKNOWN,UNKNOWN
P059,10.1109/tim.2023.3265741,A,12,10,SCENARIO,Position control errors in various wind environments.,7,AUTOMATED_CAPTION_CANDIDATE; human visual confirmation required,1,UNKNOWN,UNKNOWN
P059,10.1109/tim.2023.3265741,A,13,10,SCENARIO,Attitude control errors in various wind environments.,7,AUTOMATED_CAPTION_CANDIDATE; human visual confirmation required,1,UNKNOWN,UNKNOWN
P059,10.1109/tim.2023.3265741,A,14,11,QUALITATIVE_RESULT; REAL_WORLD,UA V tracking scene in real-world flight test. (a) Video snapshot of,12,AUTOMATED_CAPTION_CANDIDATE; human visual confirmation required,1,UNKNOWN,UNKNOWN
P059,10.1109/tim.2023.3265741,A,15,11,TRAJECTORY; REAL_WORLD,3-D trajectory of tracking control task in real-world flight test.,10,AUTOMATED_CAPTION_CANDIDATE; human visual confirmation required,1,UNKNOWN,UNKNOWN
P059,10.1109/tim.2023.3265741,A,16,11,QUANTITATIVE_RESULT; REAL_WORLD,Velocity control results in real-world flight test.,7,AUTOMATED_CAPTION_CANDIDATE; human visual confirmation required,1,UNKNOWN,UNKNOWN
P059,10.1109/tim.2023.3265741,A,17,11,QUANTITATIVE_RESULT; REAL_WORLD,Attitude control results in real-world flight test.,7,AUTOMATED_CAPTION_CANDIDATE; human visual confirmation required,1,UNKNOWN,UNKNOWN
P060,10.1109/tim.2025.3562241,A,1,2,UNCLASSIFIED,"Components, working scene, and coordinate frames of the grinding",9,AUTOMATED_CAPTION_CANDIDATE; human visual confirmation required,1,UNKNOWN,UNKNOWN
P060,10.1109/tim.2025.3562241,A,2,3,UNCLASSIFIED,Rigid-flexible structures coupled end effector.,5,AUTOMATED_CAPTION_CANDIDATE; human visual confirmation required,1,UNKNOWN,UNKNOWN
P060,10.1109/tim.2025.3562241,A,3,3,UNCLASSIFIED,(a) Principle of distance measurement illustrating the end effector,9,AUTOMATED_CAPTION_CANDIDATE; human visual confirmation required,1,UNKNOWN,UNKNOWN
P060,10.1109/tim.2025.3562241,A,4,4,METHOD_FRAMEWORK,Large wall surface grinding control framework of our grinding robot.,10,AUTOMATED_CAPTION_CANDIDATE; human visual confirmation required,1,UNKNOWN,UNKNOWN
P060,10.1109/tim.2025.3562241,A,5,4,SCENARIO; TRAJECTORY,2-D trajectory mapping. J represents the upper tangent point between,10,AUTOMATED_CAPTION_CANDIDATE; human visual confirmation required,1,UNKNOWN,UNKNOWN
P060,10.1109/tim.2025.3562241,A,6,5,UNCLASSIFIED,Simulated annealing algorithm.,3,AUTOMATED_CAPTION_CANDIDATE; human visual confirmation required,1,UNKNOWN,UNKNOWN
P060,10.1109/tim.2025.3562241,A,7,5,UNCLASSIFIED,Positional relationship between surface and reference plane. Define,8,AUTOMATED_CAPTION_CANDIDATE; human visual confirmation required,1,UNKNOWN,UNKNOWN
P060,10.1109/tim.2025.3562241,A,8,6,UNCLASSIFIED,Stitching conditions of different cells.,5,AUTOMATED_CAPTION_CANDIDATE; human visual confirmation required,1,UNKNOWN,UNKNOWN
P060,10.1109/tim.2025.3562241,A,9,8,UNCLASSIFIED,Strategy of MNFFPC.,3,AUTOMATED_CAPTION_CANDIDATE; human visual confirmation required,1,UNKNOWN,UNKNOWN
P060,10.1109/tim.2025.3562241,A,10,8,UNCLASSIFIED,Intersection relationship between local plane B and reference plane,9,AUTOMATED_CAPTION_CANDIDATE; human visual confirmation required,1,UNKNOWN,UNKNOWN
P060,10.1109/tim.2025.3562241,A,11,9,UNCLASSIFIED,(a) Experimental platform. (b) Local wall simulation platform.,8,AUTOMATED_CAPTION_CANDIDATE; human visual confirmation required,2,UNKNOWN,UNKNOWN
P060,10.1109/tim.2025.3562241,A,12,9,QUANTITATIVE_RESULT,Experimental results of control method test. (a) and (b) Illustrate the,11,AUTOMATED_CAPTION_CANDIDATE; human visual confirmation required,2,UNKNOWN,UNKNOWN
P060,10.1109/tim.2025.3562241,A,13,10,UNCLASSIFIED,Optimal reference plane.,3,AUTOMATED_CAPTION_CANDIDATE; human visual confirmation required,1,UNKNOWN,UNKNOWN
P060,10.1109/tim.2025.3562241,A,14,10,QUANTITATIVE_RESULT,Experimental results of continuous wall grinding. (a) 2-D curve,9,AUTOMATED_CAPTION_CANDIDATE; human visual confirmation required,1,UNKNOWN,UNKNOWN
P060,10.1109/tim.2025.3562241,A,15,11,UNCLASSIFIED,"Relative changes in the contact force of the disk, the center force,",12,AUTOMATED_CAPTION_CANDIDATE; human visual confirmation required,1,UNKNOWN,UNKNOWN
P060,10.1109/tim.2025.3562241,A,16,11,QUANTITATIVE_RESULT; ROBUSTNESS,Force tracking performance under three types of disturbances and,9,AUTOMATED_CAPTION_CANDIDATE; human visual confirmation required,1,UNKNOWN,UNKNOWN
P060,10.1109/tim.2025.3562241,A,17,12,UNCLASSIFIED,"Flatness detection. Ow{xw, yw, zw} and Or (xr , yr , zr ) are the",15,AUTOMATED_CAPTION_CANDIDATE; human visual confirmation required,1,UNKNOWN,UNKNOWN
P060,10.1109/tim.2025.3562241,A,18,12,UNCLASSIFIED,depicts the height (z) distribution used to assess wall,9,AUTOMATED_CAPTION_CANDIDATE; human visual confirmation required,1,UNKNOWN,UNKNOWN
P061,10.1109/tits.2024.3524562,A,1,2,UNCLASSIFIED,Cooperative target encirclement with multiple UA Vs.,7,AUTOMATED_CAPTION_CANDIDATE; human visual confirmation required,1,UNKNOWN,UNKNOWN
P061,10.1109/tits.2024.3524562,A,2,4,UNCLASSIFIED,A target encirclement mission achieved by four UA Vs.,9,AUTOMATED_CAPTION_CANDIDATE; human visual confirmation required,1,UNKNOWN,UNKNOWN
P061,10.1109/tits.2024.3524562,A,3,5,UNCLASSIFIED,The relative yaw angle in the relative motion model of two UA Vs.,13,AUTOMATED_CAPTION_CANDIDATE; human visual confirmation required,1,UNKNOWN,UNKNOWN
P061,10.1109/tits.2024.3524562,A,4,6,UNCLASSIFIED,External-and-intrinsic reward mechanism in the reinforcement,6,AUTOMATED_CAPTION_CANDIDATE; human visual confirmation required,1,UNKNOWN,UNKNOWN
P061,10.1109/tits.2024.3524562,A,5,7,METHOD_FRAMEWORK,Framework of the proposed extrinsic-and-intrinsic reward-based multi-agent reinforcement learning approach.,10,AUTOMATED_CAPTION_CANDIDATE; human visual confirmation required,1,UNKNOWN,UNKNOWN
P061,10.1109/tits.2024.3524562,A,6,7,UNCLASSIFIED,Structure of the extrinsic-and-intrinsic reward mechanism.,6,AUTOMATED_CAPTION_CANDIDATE; human visual confirmation required,1,UNKNOWN,UNKNOWN
P061,10.1109/tits.2024.3524562,A,7,9,UNCLASSIFIED,Average rewards obtained by four approaches per episode in the,10,AUTOMATED_CAPTION_CANDIDATE; human visual confirmation required,1,UNKNOWN,UNKNOWN
P061,10.1109/tits.2024.3524562,A,8,9,UNCLASSIFIED,Average rewards of four algorithms when the number of UA Vs,11,AUTOMATED_CAPTION_CANDIDATE; human visual confirmation required,1,UNKNOWN,UNKNOWN
P061,10.1109/tits.2024.3524562,A,9,10,UNCLASSIFIED,Encirclement success rates of four approaches when the number of,10,AUTOMATED_CAPTION_CANDIDATE; human visual confirmation required,1,UNKNOWN,UNKNOWN
P061,10.1109/tits.2024.3524562,A,10,10,UNCLASSIFIED,Encirclement success rates of four approaches with different numbers,9,AUTOMATED_CAPTION_CANDIDATE; human visual confirmation required,1,UNKNOWN,UNKNOWN
P061,10.1109/tits.2024.3524562,A,11,10,UNCLASSIFIED,Encirclement time of the four approaches when the number of UA Vs,12,AUTOMATED_CAPTION_CANDIDATE; human visual confirmation required,1,UNKNOWN,UNKNOWN
P061,10.1109/tits.2024.3524562,A,12,11,UNCLASSIFIED,Encirclement time of the four approaches when the radius of the,11,AUTOMATED_CAPTION_CANDIDATE; human visual confirmation required,1,UNKNOWN,UNKNOWN
P061,10.1109/tits.2024.3524562,A,13,11,UNCLASSIFIED,shows the encirclement energy consumption of the,7,AUTOMATED_CAPTION_CANDIDATE; human visual confirmation required,1,UNKNOWN,UNKNOWN
P061,10.1109/tits.2024.3524562,A,14,11,UNCLASSIFIED,Encirclement energy consumption of the four approaches when the,9,AUTOMATED_CAPTION_CANDIDATE; human visual confirmation required,1,UNKNOWN,UNKNOWN
P062,10.1109/tits.2023.3276416,A,1,2,MOTIVATION,The illustration of the motivation and goals of our proposed system,11,AUTOMATED_CAPTION_CANDIDATE; human visual confirmation required,1,UNKNOWN,UNKNOWN
P062,10.1109/tits.2023.3276416,A,2,3,SCENARIO,"The DRL design of CoTV . Two types of agents, traffic light controllers and CA V interact with the environment according to the state information",25,AUTOMATED_CAPTION_CANDIDATE; human visual confirmation required,1,UNKNOWN,UNKNOWN
P062,10.1109/tits.2023.3276416,A,3,4,UNCLASSIFIED,V2X communication schemes in CoTV showing how traffic light,9,AUTOMATED_CAPTION_CANDIDATE; human visual confirmation required,1,UNKNOWN,UNKNOWN
P062,10.1109/tits.2023.3276416,A,4,5,UNCLASSIFIED,"The illustration of the reward of a traffic light controller rm, assuming",12,AUTOMATED_CAPTION_CANDIDATE; human visual confirmation required,1,UNKNOWN,UNKNOWN
P062,10.1109/tits.2023.3276416,A,5,5,UNCLASSIFIED,"Illustration of the CA V reward rn, assuming the maximum speed",11,AUTOMATED_CAPTION_CANDIDATE; human visual confirmation required,1,UNKNOWN,UNKNOWN
P062,10.1109/tits.2023.3276416,A,6,7,PROBLEM; SCENARIO,"The settings of traffic generation for 1 ×1 grid scenario. For example,",12,AUTOMATED_CAPTION_CANDIDATE; human visual confirmation required,1,UNKNOWN,UNKNOWN
P062,10.1109/tits.2023.3276416,A,7,7,PROBLEM; SCENARIO,The settings of traffic generation for 1 × 6 grid scenario. The same,13,AUTOMATED_CAPTION_CANDIDATE; human visual confirmation required,1,UNKNOWN,UNKNOWN
P062,10.1109/tits.2023.3276416,A,8,7,UNCLASSIFIED,The selected six signalized intersections area in the city of Dublin (a,12,AUTOMATED_CAPTION_CANDIDATE; human visual confirmation required,1,UNKNOWN,UNKNOWN
P062,10.1109/tits.2023.3276416,A,9,9,UNCLASSIFIED,Travel time distributions for four compared methods under three test,10,AUTOMATED_CAPTION_CANDIDATE; human visual confirmation required,1,UNKNOWN,UNKNOWN
P062,10.1109/tits.2023.3276416,A,10,9,UNCLASSIFIED,The average travel time of CoTV under different penetration rates,10,AUTOMATED_CAPTION_CANDIDATE; human visual confirmation required,1,UNKNOWN,UNKNOWN
P062,10.1109/tits.2023.3276416,A,11,10,UNCLASSIFIED,Evolution of the average episode reward for traffic light controllers,10,AUTOMATED_CAPTION_CANDIDATE; human visual confirmation required,1,UNKNOWN,UNKNOWN
P062,10.1109/tits.2023.3276416,A,12,11,PROBLEM; SCENARIO,The selected dense urban scenario in the city centre of Dublin.,11,AUTOMATED_CAPTION_CANDIDATE; human visual confirmation required,1,UNKNOWN,UNKNOWN
P063,10.1109/tits.2024.3505929,A,1,1,UNCLASSIFIED,Illustration of the proposed spatial-temporal attention multi-agent,7,AUTOMATED_CAPTION_CANDIDATE; human visual confirmation required,1,UNKNOWN,UNKNOWN
P063,10.1109/tits.2024.3505929,A,2,5,NETWORK_ARCHITECTURE; SCENARIO,Spatial-temporal attention based population-invariant network architecture. (a) Illustration of the interaction between the environment and the agents.,17,AUTOMATED_CAPTION_CANDIDATE; human visual confirmation required,1,UNKNOWN,UNKNOWN
P063,10.1109/tits.2024.3505929,A,3,8,UNCLASSIFIED,"Learning curves of MADDPG, MATD3, HAMA, STAAC, API–",8,AUTOMATED_CAPTION_CANDIDATE; human visual confirmation required,1,UNKNOWN,UNKNOWN
P063,10.1109/tits.2024.3505929,A,4,9,UNCLASSIFIED,Trajectories of the ten followers using the learned STAAC policy to flock with the leader and avoid collisions with the ten intruders. The final,24,AUTOMATED_CAPTION_CANDIDATE; human visual confirmation required,1,UNKNOWN,UNKNOWN
P063,10.1109/tits.2024.3505929,A,5,9,QUANTITATIVE_RESULT,Performance of the ten followers using the learned STAAC policy,10,AUTOMATED_CAPTION_CANDIDATE; human visual confirmation required,1,UNKNOWN,UNKNOWN
P063,10.1109/tits.2024.3505929,A,6,10,QUANTITATIVE_RESULT; GENERALIZATION,Bar charts of generalization performance of the five learned flocking with collision avoidance policies. (a) Average reward (Note that the vertical,21,AUTOMATED_CAPTION_CANDIDATE; human visual confirmation required,1,UNKNOWN,UNKNOWN
P063,10.1109/tits.2024.3505929,A,7,11,UNCLASSIFIED,"and Table III. Intuitively, TAAC achieves the worst",8,AUTOMATED_CAPTION_CANDIDATE; human visual confirmation required,1,UNKNOWN,UNKNOWN
P063,10.1109/tits.2024.3505929,A,8,11,UNCLASSIFIED,presents the trajectories of the UA V fleet and the,10,AUTOMATED_CAPTION_CANDIDATE; human visual confirmation required,1,UNKNOWN,UNKNOWN
P063,10.1109/tits.2024.3505929,A,9,13,QUANTITATIVE_RESULT,Performance of the learned STAAC policy in the HITL simulation.,10,AUTOMATED_CAPTION_CANDIDATE; human visual confirmation required,1,UNKNOWN,UNKNOWN
P064,10.1109/tits.2020.3039617,A,1,3,UNCLASSIFIED,System Model for Heterogeneous Unmanned Aerial,6,AUTOMATED_CAPTION_CANDIDATE; human visual confirmation required,1,UNKNOWN,UNKNOWN
P064,10.1109/tits.2020.3039617,A,2,8,QUANTITATIVE_RESULT,Average cumulative reward comparison between the proposed,7,AUTOMATED_CAPTION_CANDIDATE; human visual confirmation required,1,UNKNOWN,UNKNOWN
P064,10.1109/tits.2020.3039617,A,3,8,UNCLASSIFIED,that the proposed approach outperforms the greedy and,8,AUTOMATED_CAPTION_CANDIDATE; human visual confirmation required,1,UNKNOWN,UNKNOWN
P064,10.1109/tits.2020.3039617,A,4,9,QUANTITATIVE_RESULT,Average energy efﬁciency comparison between the proposed,7,AUTOMATED_CAPTION_CANDIDATE; human visual confirmation required,1,UNKNOWN,UNKNOWN
P064,10.1109/tits.2020.3039617,A,5,9,QUANTITATIVE_RESULT,Average bandwidth efﬁciency comparison between the pro-,7,AUTOMATED_CAPTION_CANDIDATE; human visual confirmation required,1,UNKNOWN,UNKNOWN
P064,10.1109/tits.2020.3039617,A,6,9,UNCLASSIFIED,illustrates the utilization of the UA V-BSs or,8,AUTOMATED_CAPTION_CANDIDATE; human visual confirmation required,1,UNKNOWN,UNKNOWN
P064,10.1109/tits.2020.3039617,A,7,9,QUANTITATIVE_RESULT,Average energy efﬁciency comparison between the proposed,7,AUTOMATED_CAPTION_CANDIDATE; human visual confirmation required,1,UNKNOWN,UNKNOWN
P065,10.1109/tits.2023.3266195,A,1,4,PROBLEM,The schematic diagram of the motion planning and tracking problem.,10,AUTOMATED_CAPTION_CANDIDATE; human visual confirmation required,1,UNKNOWN,UNKNOWN
P065,10.1109/tits.2023.3266195,A,2,4,UNCLASSIFIED,The kinematic model of the autonomous vehicle.,7,AUTOMATED_CAPTION_CANDIDATE; human visual confirmation required,1,UNKNOWN,UNKNOWN
P065,10.1109/tits.2023.3266195,A,3,5,METHOD_FRAMEWORK,The logical structure of the hierarchical framework.,7,AUTOMATED_CAPTION_CANDIDATE; human visual confirmation required,1,UNKNOWN,UNKNOWN
P065,10.1109/tits.2023.3266195,A,4,10,METHOD_FRAMEWORK,The framework of the forward predictive control based on PRL agent.,11,AUTOMATED_CAPTION_CANDIDATE; human visual confirmation required,1,UNKNOWN,UNKNOWN
P065,10.1109/tits.2023.3266195,A,5,11,TRAJECTORY,The global paths planned by three algorithms.,7,AUTOMATED_CAPTION_CANDIDATE; human visual confirmation required,1,UNKNOWN,UNKNOWN
P065,10.1109/tits.2023.3266195,A,6,11,UNCLASSIFIED,The initial global heuristic potential field.,6,AUTOMATED_CAPTION_CANDIDATE; human visual confirmation required,1,UNKNOWN,UNKNOWN
P065,10.1109/tits.2023.3266195,A,7,11,SCENARIO,The global planning map with sudden obstacles.,7,AUTOMATED_CAPTION_CANDIDATE; human visual confirmation required,1,UNKNOWN,UNKNOWN
P065,10.1109/tits.2023.3266195,A,8,12,SCENARIO,The three-dimensional maps of two real-time local potential fields.,9,AUTOMATED_CAPTION_CANDIDATE; human visual confirmation required,1,UNKNOWN,UNKNOWN
P065,10.1109/tits.2023.3266195,A,9,12,SCENARIO,The schematic diagram of the virtual driving environment simulation.,9,AUTOMATED_CAPTION_CANDIDATE; human visual confirmation required,1,UNKNOWN,UNKNOWN
P065,10.1109/tits.2023.3266195,A,10,13,UNCLASSIFIED,The tracking trajectories of four control methods.,7,AUTOMATED_CAPTION_CANDIDATE; human visual confirmation required,1,UNKNOWN,UNKNOWN
P065,10.1109/tits.2023.3266195,A,11,13,UNCLASSIFIED,The driving velocities of the autonomous vehicle with four control,10,AUTOMATED_CAPTION_CANDIDATE; human visual confirmation required,1,UNKNOWN,UNKNOWN
P065,10.1109/tits.2023.3266195,A,12,13,UNCLASSIFIED,The steering angular speeds of the autonomous vehicle with four,10,AUTOMATED_CAPTION_CANDIDATE; human visual confirmation required,1,UNKNOWN,UNKNOWN
P065,10.1109/tits.2023.3266195,A,13,13,GENERALIZATION,The trend curves of the generalized correlation coefficients for three,10,AUTOMATED_CAPTION_CANDIDATE; human visual confirmation required,1,UNKNOWN,UNKNOWN
P065,10.1109/tits.2023.3266195,A,14,14,UNCLASSIFIED,The variations of the value function errors for three learning-based,10,AUTOMATED_CAPTION_CANDIDATE; human visual confirmation required,1,UNKNOWN,UNKNOWN
P065,10.1109/tits.2023.3266195,A,15,14,UNCLASSIFIED,"Obviously, all three trajectories have similar trends,",7,AUTOMATED_CAPTION_CANDIDATE; human visual confirmation required,1,UNKNOWN,UNKNOWN
P065,10.1109/tits.2023.3266195,A,16,15,TRAJECTORY,The scene with obstacles suddenly appearing and the local path,10,AUTOMATED_CAPTION_CANDIDATE; human visual confirmation required,1,UNKNOWN,UNKNOWN
P065,10.1109/tits.2023.3266195,A,17,15,UNCLASSIFIED,The tracking trajectories of five control methods for adaptability,9,AUTOMATED_CAPTION_CANDIDATE; human visual confirmation required,1,UNKNOWN,UNKNOWN
P065,10.1109/tits.2023.3266195,A,18,16,PROBLEM; SCENARIO; REAL_WORLD,The satellite map and points cloud map of the real-world scenario.,11,AUTOMATED_CAPTION_CANDIDATE; human visual confirmation required,1,UNKNOWN,UNKNOWN
P065,10.1109/tits.2023.3266195,A,19,16,PROBLEM; SCENARIO; TRAJECTORY; REAL_WORLD,The global paths of different algorithms in real-world scenario.,9,AUTOMATED_CAPTION_CANDIDATE; human visual confirmation required,1,UNKNOWN,UNKNOWN
P065,10.1109/tits.2023.3266195,A,20,17,PROBLEM; SCENARIO; TRAJECTORY,The scenario with external moving vehicles and the local paths,10,AUTOMATED_CAPTION_CANDIDATE; human visual confirmation required,1,UNKNOWN,UNKNOWN
P065,10.1109/tits.2023.3266195,A,21,17,QUANTITATIVE_RESULT; REAL_WORLD,The tracking results of different control methods in real-world,9,AUTOMATED_CAPTION_CANDIDATE; human visual confirmation required,1,UNKNOWN,UNKNOWN
P066,10.1109/tiv.2025.3598768,A,1,4,UNCLASSIFIED,An overview of the network model.,6,AUTOMATED_CAPTION_CANDIDATE; human visual confirmation required,1,UNKNOWN,UNKNOWN
P066,10.1109/tiv.2025.3598768,A,2,4,UNCLASSIFIED,Control commands in a CAN message.,6,AUTOMATED_CAPTION_CANDIDATE; human visual confirmation required,1,UNKNOWN,UNKNOWN
P066,10.1109/tiv.2025.3598768,A,3,5,UNCLASSIFIED,The kinematic bicycle model.,4,AUTOMATED_CAPTION_CANDIDATE; human visual confirmation required,1,UNKNOWN,UNKNOWN
P066,10.1109/tiv.2025.3598768,A,4,6,METHOD_FRAMEWORK,An overview of the proposed control command utility ( CCU)-based IRS.,11,AUTOMATED_CAPTION_CANDIDATE; human visual confirmation required,1,UNKNOWN,UNKNOWN
P066,10.1109/tiv.2025.3598768,A,5,8,QUANTITATIVE_RESULT,Comparative performance of the Rails with respect to varying the attack probability ( Pa).,14,AUTOMATED_CAPTION_CANDIDATE; human visual confirmation required,1,UNKNOWN,UNKNOWN
P066,10.1109/tiv.2025.3598768,A,6,8,QUANTITATIVE_RESULT,Comparative performance of the Roach with respect to varying the attack probability ( Pa).,14,AUTOMATED_CAPTION_CANDIDATE; human visual confirmation required,1,UNKNOWN,UNKNOWN
P067,10.1109/tiv.2024.3373512,A,1,3,UNCLASSIFIED,"The method involves three modules: an RL module,",8,AUTOMATED_CAPTION_CANDIDATE; human visual confirmation required,1,UNKNOWN,UNKNOWN
P067,10.1109/tiv.2024.3373512,A,2,5,UNCLASSIFIED,Learning-based human driver behavior identification,5,AUTOMATED_CAPTION_CANDIDATE; human visual confirmation required,1,UNKNOWN,UNKNOWN
P067,10.1109/tiv.2024.3373512,A,3,7,UNCLASSIFIED,Training rewards per episode.,4,AUTOMATED_CAPTION_CANDIDATE; human visual confirmation required,1,UNKNOWN,UNKNOWN
P067,10.1109/tiv.2024.3373512,A,4,8,QUANTITATIVE_RESULT,Comparison between online learning-based system,5,AUTOMATED_CAPTION_CANDIDATE; human visual confirmation required,1,UNKNOWN,UNKNOWN
P067,10.1109/tiv.2024.3373512,A,5,9,UNCLASSIFIED,Safety-guaranteed regions associated with two specific,6,AUTOMATED_CAPTION_CANDIDATE; human visual confirmation required,1,UNKNOWN,UNKNOWN
P067,10.1109/tiv.2024.3373512,A,6,9,UNCLASSIFIED,Value of the CBF candidate for CA V when the,10,AUTOMATED_CAPTION_CANDIDATE; human visual confirmation required,1,UNKNOWN,UNKNOWN
P067,10.1109/tiv.2024.3373512,A,7,10,PROBLEM; SCENARIO; QUANTITATIVE_RESULT,"Spacing, velocity and acceleration for vehicles in scenario 1. (a), (b), (c) are the results for safe-RL with SI. (d), (e),",21,AUTOMATED_CAPTION_CANDIDATE; human visual confirmation required,5,UNKNOWN,UNKNOWN
P067,10.1109/tiv.2024.3373512,A,8,10,UNCLASSIFIED,Value of the CBF candidate for vehicle 3 when it,10,AUTOMATED_CAPTION_CANDIDATE; human visual confirmation required,1,UNKNOWN,UNKNOWN
P067,10.1109/tiv.2024.3373512,A,9,10,UNCLASSIFIED,Value of the CBF candidate for vehicle 4 when it,10,AUTOMATED_CAPTION_CANDIDATE; human visual confirmation required,1,UNKNOWN,UNKNOWN
P067,10.1109/tiv.2024.3373512,A,10,11,PROBLEM; SCENARIO; QUANTITATIVE_RESULT,"Spacing, velocity and acceleration for vehicles in scenario 2 when vehicle 4 accelerates. (a), (b), (c) are the results for",20,AUTOMATED_CAPTION_CANDIDATE; human visual confirmation required,3,UNKNOWN,UNKNOWN
P067,10.1109/tiv.2024.3373512,A,11,12,PROBLEM; SCENARIO; QUANTITATIVE_RESULT,"Spacing, velocity and acceleration for vehicles in scenario 2 when vehicle 5 accelerates. (a), (b), (c) are the results for",20,AUTOMATED_CAPTION_CANDIDATE; human visual confirmation required,3,UNKNOWN,UNKNOWN
P068,10.1109/tiv.2022.3214777,A,1,3,UNCLASSIFIED,"Schematics on vehicle geometrics, kinematics, and the concept of cusp.",10,AUTOMATED_CAPTION_CANDIDATE; human visual confirmation required,1,UNKNOWN,UNKNOWN
P068,10.1109/tiv.2022.3214777,A,2,5,TRAJECTORY,Flowchart of the proposed trajectory planner.,6,AUTOMATED_CAPTION_CANDIDATE; human visual confirmation required,1,UNKNOWN,UNKNOWN
P068,10.1109/tiv.2022.3214777,A,3,5,TRAJECTORY,Schematics on how GHA treats forward and backward path segments,10,AUTOMATED_CAPTION_CANDIDATE; human visual confirmation required,1,UNKNOWN,UNKNOWN
P068,10.1109/tiv.2022.3214777,A,4,8,QUANTITATIVE_RESULT,Comparisons among the proposed planner and its variants. Methods,9,AUTOMATED_CAPTION_CANDIDATE; human visual confirmation required,1,UNKNOWN,UNKNOWN
P068,10.1109/tiv.2022.3214777,A,5,8,UNCLASSIFIED,Optimized steering angle and velocity proﬁles in association with the,10,AUTOMATED_CAPTION_CANDIDATE; human visual confirmation required,1,UNKNOWN,UNKNOWN
P068,10.1109/tiv.2022.3214777,A,6,9,UNCLASSIFIED,Comparative simulation cases that how the differences among the,9,AUTOMATED_CAPTION_CANDIDATE; human visual confirmation required,1,UNKNOWN,UNKNOWN
P068,10.1109/tiv.2022.3214777,A,7,9,UNCLASSIFIED,An indoor workspace and a small-scale autonomous vehicle platform,9,AUTOMATED_CAPTION_CANDIDATE; human visual confirmation required,1,UNKNOWN,UNKNOWN
P068,10.1109/tiv.2022.3214777,A,8,9,UNCLASSIFIED,Reﬂective marking points on the surface of each obstacle and on the,12,AUTOMATED_CAPTION_CANDIDATE; human visual confirmation required,1,UNKNOWN,UNKNOWN
P068,10.1109/tiv.2022.3214777,A,9,8,QUANTITATIVE_RESULT,shows the closed-loop tracking performance. The dy-,7,AUTOMATED_CAPTION_CANDIDATE; human visual confirmation required,1,UNKNOWN,UNKNOWN
P069,10.1109/tiv.2023.3314709,A,1,3,PROBLEM,can be divided into three tractable sub-problems: (i),8,AUTOMATED_CAPTION_CANDIDATE; human visual confirmation required,1,UNKNOWN,UNKNOWN
P069,10.1109/tiv.2023.3314709,A,2,3,SYSTEM_OVERVIEW,System architecture.,2,AUTOMATED_CAPTION_CANDIDATE; human visual confirmation required,1,UNKNOWN,UNKNOWN
P069,10.1109/tiv.2023.3314709,A,3,5,UNCLASSIFIED,The nominal maneuvers of an SV in different lanes.,9,AUTOMATED_CAPTION_CANDIDATE; human visual confirmation required,1,UNKNOWN,UNKNOWN
P069,10.1109/tiv.2023.3314709,A,4,5,TRAJECTORY,Normalized trajectory clusters of maneuver m1. (a) Normalized lateral,9,AUTOMATED_CAPTION_CANDIDATE; human visual confirmation required,1,UNKNOWN,UNKNOWN
P069,10.1109/tiv.2023.3314709,A,5,6,TRAJECTORY,Random trajectory clusters and STDs generated by the sampling-,9,AUTOMATED_CAPTION_CANDIDATE; human visual confirmation required,1,UNKNOWN,UNKNOWN
P069,10.1109/tiv.2023.3314709,A,6,6,QUANTITATIVE_RESULT,Comparison of the STD of the lateral lane-changing position predicted,10,AUTOMATED_CAPTION_CANDIDATE; human visual confirmation required,1,UNKNOWN,UNKNOWN
P069,10.1109/tiv.2023.3314709,A,7,7,UNCLASSIFIED,The intersection between εk · f c,7,AUTOMATED_CAPTION_CANDIDATE; human visual confirmation required,1,UNKNOWN,UNKNOWN
P069,10.1109/tiv.2023.3314709,A,8,8,UNCLASSIFIED,The sets Dc,3,AUTOMATED_CAPTION_CANDIDATE; human visual confirmation required,1,UNKNOWN,UNKNOWN
P069,10.1109/tiv.2023.3314709,A,9,8,SENSITIVITY,The safety-aware occupancy over the prediction horizon. (a) Parameter,9,AUTOMATED_CAPTION_CANDIDATE; human visual confirmation required,1,UNKNOWN,UNKNOWN
P069,10.1109/tiv.2023.3314709,A,10,9,UNCLASSIFIED,Example of extracting the DVs over the prediction horizon.,9,AUTOMATED_CAPTION_CANDIDATE; human visual confirmation required,1,UNKNOWN,UNKNOWN
P069,10.1109/tiv.2023.3314709,A,11,11,PROBLEM; SCENARIO,Simulation scenario for Section VI-A and Section VI-B.,8,AUTOMATED_CAPTION_CANDIDATE; human visual confirmation required,1,UNKNOWN,UNKNOWN
P069,10.1109/tiv.2023.3314709,A,12,11,TRAJECTORY,The cut-in trajectory of SV4.,5,AUTOMATED_CAPTION_CANDIDATE; human visual confirmation required,1,UNKNOWN,UNKNOWN
P069,10.1109/tiv.2023.3314709,A,13,11,UNCLASSIFIED,shows that ISA-MPC is proactive because the EV,8,AUTOMATED_CAPTION_CANDIDATE; human visual confirmation required,1,UNKNOWN,UNKNOWN
P069,10.1109/tiv.2023.3314709,A,14,11,UNCLASSIFIED,Planned trajectories of the EV by SCMPC with different values of,11,AUTOMATED_CAPTION_CANDIDATE; human visual confirmation required,1,UNKNOWN,UNKNOWN
P069,10.1109/tiv.2023.3314709,A,15,12,TRAJECTORY,Global paths by ISA-MPC and deterministic MPC. (a) Global path,10,AUTOMATED_CAPTION_CANDIDATE; human visual confirmation required,1,UNKNOWN,UNKNOWN
P069,10.1109/tiv.2023.3314709,A,16,12,UNCLASSIFIED,The estimated distributions of dmin(εk) − ˜dmin.,7,AUTOMATED_CAPTION_CANDIDATE; human visual confirmation required,1,UNKNOWN,UNKNOWN
P069,10.1109/tiv.2023.3314709,A,17,12,PROBLEM; SCENARIO,The highD dataset scenario for simulation in Section VI-C.,9,AUTOMATED_CAPTION_CANDIDATE; human visual confirmation required,1,UNKNOWN,UNKNOWN
P069,10.1109/tiv.2023.3314709,A,18,13,SCENARIO,Comaprison between the ISA-MPC and the real vehicle from the,10,AUTOMATED_CAPTION_CANDIDATE; human visual confirmation required,1,UNKNOWN,UNKNOWN
P070,10.1109/tiv.2022.3185159,A,1,2,UNCLASSIFIED,High-level architecture of the proposed uncertainty-aware MBRL,7,AUTOMATED_CAPTION_CANDIDATE; human visual confirmation required,1,UNKNOWN,UNKNOWN
P070,10.1109/tiv.2022.3185159,A,2,3,SCENARIO,Schematic diagram of the sub-model of the virtual environment model.,10,AUTOMATED_CAPTION_CANDIDATE; human visual confirmation required,1,UNKNOWN,UNKNOWN
P070,10.1109/tiv.2022.3185159,A,3,5,PROBLEM; SCENARIO,Schematic diagram of the driving scenarios. SC means surrounding,9,AUTOMATED_CAPTION_CANDIDATE; human visual confirmation required,1,UNKNOWN,UNKNOWN
P070,10.1109/tiv.2022.3185159,A,4,6,SCENARIO,provides multiple metrics in training the environment,7,AUTOMATED_CAPTION_CANDIDATE; human visual confirmation required,1,UNKNOWN,UNKNOWN
P070,10.1109/tiv.2022.3185159,A,5,7,UNCLASSIFIED,The curves of the training reward of the proposed algorithm and,11,AUTOMATED_CAPTION_CANDIDATE; human visual confirmation required,1,UNKNOWN,UNKNOWN
P070,10.1109/tiv.2022.3185159,A,6,7,UNCLASSIFIED,Barplots of the episode duration of the proposed strategy and baselines,11,AUTOMATED_CAPTION_CANDIDATE; human visual confirmation required,1,UNKNOWN,UNKNOWN
P070,10.1109/tiv.2022.3185159,A,7,8,QUANTITATIVE_RESULT,Results of the lateral velocities of the ego vehicle on the straight-line,12,AUTOMATED_CAPTION_CANDIDATE; human visual confirmation required,1,UNKNOWN,UNKNOWN
P070,10.1109/tiv.2022.3185159,A,8,8,ROBUSTNESS,Robustness testing of the proposed algorithm and baselines in different,10,AUTOMATED_CAPTION_CANDIDATE; human visual confirmation required,1,UNKNOWN,UNKNOWN
P070,10.1109/tiv.2022.3185159,A,9,8,UNCLASSIFIED,Distribution of the truncating-step value of one typical state in the,11,AUTOMATED_CAPTION_CANDIDATE; human visual confirmation required,1,UNKNOWN,UNKNOWN
P070,10.1109/tiv.2022.3185159,A,10,9,UNCLASSIFIED,Curves of the training reward of the proposed algorithm and ﬁx-,11,AUTOMATED_CAPTION_CANDIDATE; human visual confirmation required,1,UNKNOWN,UNKNOWN
P070,10.1109/tiv.2022.3185159,A,11,9,QUANTITATIVE_RESULT,Statistical results (examined by the t-test) of the training reward of the,12,AUTOMATED_CAPTION_CANDIDATE; human visual confirmation required,1,UNKNOWN,UNKNOWN
P071,10.1109/tmech.2026.3658866,A,1,4,METHOD_FRAMEWORK,Overview of the proposed robot-assisted ultrasound scanning system.,8,AUTOMATED_CAPTION_CANDIDATE; human visual confirmation required,1,UNKNOWN,UNKNOWN
P071,10.1109/tmech.2026.3658866,A,2,4,UNCLASSIFIED,The structure of YOLOv3-tiny network.,5,AUTOMATED_CAPTION_CANDIDATE; human visual confirmation required,1,UNKNOWN,UNKNOWN
P071,10.1109/tmech.2026.3658866,A,3,4,UNCLASSIFIED,Primary identity module illustration. The detection,6,AUTOMATED_CAPTION_CANDIDATE; human visual confirmation required,1,UNKNOWN,UNKNOWN
P071,10.1109/tmech.2026.3658866,A,4,4,UNCLASSIFIED,Overview of the improved AlphaPose network. The,7,AUTOMATED_CAPTION_CANDIDATE; human visual confirmation required,1,UNKNOWN,UNKNOWN
P071,10.1109/tmech.2026.3658866,A,5,4,UNCLASSIFIED,Architecture of the Spatial Transformer Network,6,AUTOMATED_CAPTION_CANDIDATE; human visual confirmation required,1,UNKNOWN,UNKNOWN
P071,10.1109/tmech.2026.3658866,A,6,5,UNCLASSIFIED,Architecture of the Inverse Spatial De-Transformer,6,AUTOMATED_CAPTION_CANDIDATE; human visual confirmation required,1,UNKNOWN,UNKNOWN
P071,10.1109/tmech.2026.3658866,A,7,5,UNCLASSIFIED,Workflow of regional positioning. The neck region,7,AUTOMATED_CAPTION_CANDIDATE; human visual confirmation required,1,UNKNOWN,UNKNOWN
P071,10.1109/tmech.2026.3658866,A,8,6,QUANTITATIVE_RESULT,Comparison of depth data distributions before and after,8,AUTOMATED_CAPTION_CANDIDATE; human visual confirmation required,1,UNKNOWN,UNKNOWN
P071,10.1109/tmech.2026.3658866,A,9,8,UNCLASSIFIED,Robot-assisted ultrasound scanning for neck.,5,AUTOMATED_CAPTION_CANDIDATE; human visual confirmation required,1,UNKNOWN,UNKNOWN
P071,10.1109/tmech.2026.3658866,A,10,9,UNCLASSIFIED,2D Demonstration and reproducing trajectories gen-,6,AUTOMATED_CAPTION_CANDIDATE; human visual confirmation required,1,UNKNOWN,UNKNOWN
P071,10.1109/tmech.2026.3658866,A,11,8,UNCLASSIFIED,Fig. 10 illustrates the Gaussian process fitting of,8,AUTOMATED_CAPTION_CANDIDATE; human visual confirmation required,1,UNKNOWN,UNKNOWN
P071,10.1109/tmech.2026.3658866,A,12,9,UNCLASSIFIED,Robotic ultrasound scanning approach process on the,7,AUTOMATED_CAPTION_CANDIDATE; human visual confirmation required,1,UNKNOWN,UNKNOWN
P071,10.1109/tmech.2026.3658866,A,13,10,UNCLASSIFIED,Position and velocity trajectories of the ultrasound,7,AUTOMATED_CAPTION_CANDIDATE; human visual confirmation required,1,UNKNOWN,UNKNOWN
P071,10.1109/tmech.2026.3658866,A,14,10,UNCLASSIFIED,Robot-assisted ultrasound scanning under human mo-,6,AUTOMATED_CAPTION_CANDIDATE; human visual confirmation required,1,UNKNOWN,UNKNOWN
P071,10.1109/tmech.2026.3658866,A,15,10,UNCLASSIFIED,Online motion generation for two moving subjects.,7,AUTOMATED_CAPTION_CANDIDATE; human visual confirmation required,1,UNKNOWN,UNKNOWN
P071,10.1109/tmech.2026.3658866,A,16,10,UNCLASSIFIED,Three-dimensional trajectories generated by the,5,AUTOMATED_CAPTION_CANDIDATE; human visual confirmation required,1,UNKNOWN,UNKNOWN
P071,10.1109/tmech.2026.3658866,A,17,10,UNCLASSIFIED,Cartesian velocity profiles generated by the GPDMP,7,AUTOMATED_CAPTION_CANDIDATE; human visual confirmation required,1,UNKNOWN,UNKNOWN
P072,10.1109/tmech.2023.3235906,A,1,3,UNCLASSIFIED,Vehicle dynamic and kinematic states representation along the,8,AUTOMATED_CAPTION_CANDIDATE; human visual confirmation required,1,UNKNOWN,UNKNOWN
P072,10.1109/tmech.2023.3235906,A,2,3,UNCLASSIFIED,shows the proposed control scheme considering that,7,AUTOMATED_CAPTION_CANDIDATE; human visual confirmation required,1,UNKNOWN,UNKNOWN
P072,10.1109/tmech.2023.3235906,A,3,4,UNCLASSIFIED,"depicts a general ANFIS structure, where blue-ﬁlled",7,AUTOMATED_CAPTION_CANDIDATE; human visual confirmation required,1,UNKNOWN,UNKNOWN
P072,10.1109/tmech.2023.3235906,A,4,9,QUANTITATIVE_RESULT,Comparison in terms of the RMSE index between the TS-,10,AUTOMATED_CAPTION_CANDIDATE; human visual confirmation required,1,UNKNOWN,UNKNOWN
P072,10.1109/tmech.2023.3235906,A,5,10,UNCLASSIFIED,"Planned references vxr , wzr and tracking performed by the",10,AUTOMATED_CAPTION_CANDIDATE; human visual confirmation required,1,UNKNOWN,UNKNOWN
P072,10.1109/tmech.2023.3235906,A,6,10,UNCLASSIFIED,Smooth control actions applied to the simulated vehicle.,8,AUTOMATED_CAPTION_CANDIDATE; human visual confirmation required,1,UNKNOWN,UNKNOWN
P072,10.1109/tmech.2023.3235906,A,7,10,UNCLASSIFIED,T rajectory tracking response in terms of the longitudinal velocity,10,AUTOMATED_CAPTION_CANDIDATE; human visual confirmation required,1,UNKNOWN,UNKNOWN
P072,10.1109/tmech.2023.3235906,A,8,10,PROBLEM; SCENARIO; QUANTITATIVE_RESULT,presents a comparison of the SoC in both scenarios.,9,AUTOMATED_CAPTION_CANDIDATE; human visual confirmation required,1,UNKNOWN,UNKNOWN
P072,10.1109/tmech.2023.3235906,A,9,11,QUANTITATIVE_RESULT,Lateral ye and heading θe errors comparison.,7,AUTOMATED_CAPTION_CANDIDATE; human visual confirmation required,1,UNKNOWN,UNKNOWN
P073,10.1109/tmech.2022.3142756,A,1,3,UNCLASSIFIED,Flow chart of the proposed CPP method,7,AUTOMATED_CAPTION_CANDIDATE; human visual confirmation required,1,UNKNOWN,UNKNOWN
P073,10.1109/tmech.2022.3142756,A,2,3,SENSITIVITY,Positioning and orientation parameters of the scanner.,7,AUTOMATED_CAPTION_CANDIDATE; human visual confirmation required,1,UNKNOWN,UNKNOWN
P073,10.1109/tmech.2022.3142756,A,3,3,UNCLASSIFIED,The eﬀect of the incident angle on sensor uncertainty.,9,AUTOMATED_CAPTION_CANDIDATE; human visual confirmation required,1,UNKNOWN,UNKNOWN
P073,10.1109/tmech.2022.3142756,A,4,4,UNCLASSIFIED,Schematic diagram of viewpoints initialization (a),6,AUTOMATED_CAPTION_CANDIDATE; human visual confirmation required,1,UNKNOWN,UNKNOWN
P073,10.1109/tmech.2022.3142756,A,5,4,UNCLASSIFIED,Schematic diagram of the optical sensor inspection,7,AUTOMATED_CAPTION_CANDIDATE; human visual confirmation required,1,UNKNOWN,UNKNOWN
P073,10.1109/tmech.2022.3142756,A,6,8,SCENARIO,The measurement uncertainty heatmap of the door,7,AUTOMATED_CAPTION_CANDIDATE; human visual confirmation required,1,UNKNOWN,UNKNOWN
P073,10.1109/tmech.2022.3142756,A,7,8,UNCLASSIFIED,(a) and Fig. 7 (b) showed the poses and sequences,10,AUTOMATED_CAPTION_CANDIDATE; human visual confirmation required,2,UNKNOWN,UNKNOWN
P073,10.1109/tmech.2022.3142756,A,8,9,UNCLASSIFIED,Optical inspection system for the ﬂange case,7,AUTOMATED_CAPTION_CANDIDATE; human visual confirmation required,1,UNKNOWN,UNKNOWN
P073,10.1109/tmech.2022.3142756,A,9,9,UNCLASSIFIED,Optimal viewpoints of the ﬂange (a) benchmark,7,AUTOMATED_CAPTION_CANDIDATE; human visual confirmation required,1,UNKNOWN,UNKNOWN
P073,10.1109/tmech.2022.3142756,A,10,9,UNCLASSIFIED,(a) and Fig. 10 (b) show the measurement uncer-,9,AUTOMATED_CAPTION_CANDIDATE; human visual confirmation required,2,UNKNOWN,UNKNOWN
P074,10.1109/tmech.2025.3592930,A,1,3,UNCLASSIFIED,Microrobot system with the 12 × 12 planar circular microcoil,10,AUTOMATED_CAPTION_CANDIDATE; human visual confirmation required,1,UNKNOWN,UNKNOWN
P074,10.1109/tmech.2025.3592930,A,2,3,UNCLASSIFIED,Circuit driver diagram.,3,AUTOMATED_CAPTION_CANDIDATE; human visual confirmation required,1,UNKNOWN,UNKNOWN
P074,10.1109/tmech.2025.3592930,A,3,5,UNCLASSIFIED,Motion diagram of microrobot.,4,AUTOMATED_CAPTION_CANDIDATE; human visual confirmation required,1,UNKNOWN,UNKNOWN
P074,10.1109/tmech.2025.3592930,A,4,5,UNCLASSIFIED,T ake motion diagram. (The purple arrow shows the direction of,11,AUTOMATED_CAPTION_CANDIDATE; human visual confirmation required,1,UNKNOWN,UNKNOWN
P074,10.1109/tmech.2025.3592930,A,5,6,METHOD_FRAMEWORK,Navigation motion framework in this article.,6,AUTOMATED_CAPTION_CANDIDATE; human visual confirmation required,1,UNKNOWN,UNKNOWN
P074,10.1109/tmech.2025.3592930,A,6,7,PROBLEM; SCENARIO,"Experimental process diagram of Case 1, Case 2, and Case 3. All three cases represent different task execution scenarios in static",21,AUTOMATED_CAPTION_CANDIDATE; human visual confirmation required,1,UNKNOWN,UNKNOWN
P074,10.1109/tmech.2025.3592930,A,7,7,UNCLASSIFIED,Distance between two magnetic microrobots. (a) Case 1. (b) Case 2. (c) Case 3.,14,AUTOMATED_CAPTION_CANDIDATE; human visual confirmation required,3,UNKNOWN,UNKNOWN
P074,10.1109/tmech.2025.3592930,A,8,8,UNCLASSIFIED,Shortest distance of a magnetic microrobot from the static obstacles. (a) Case 1. (b) Case 2. (c) Case 3.,19,AUTOMATED_CAPTION_CANDIDATE; human visual confirmation required,3,UNKNOWN,UNKNOWN
P074,10.1109/tmech.2025.3592930,A,9,8,QUANTITATIVE_RESULT,Result was obtained by two micro-robots using the AGDQN,9,AUTOMATED_CAPTION_CANDIDATE; human visual confirmation required,1,UNKNOWN,UNKNOWN
P074,10.1109/tmech.2025.3592930,A,10,9,UNCLASSIFIED,Experimental process diagram of Case 4 and Case 5. Cases 4 and 5 demonstrate the task execution of three magnetic microrobots,21,AUTOMATED_CAPTION_CANDIDATE; human visual confirmation required,1,UNKNOWN,UNKNOWN
P074,10.1109/tmech.2025.3592930,A,11,9,UNCLASSIFIED,Distance between two magnetic microrobots of Case 4.,8,AUTOMATED_CAPTION_CANDIDATE; human visual confirmation required,1,UNKNOWN,UNKNOWN
P074,10.1109/tmech.2025.3592930,A,12,9,UNCLASSIFIED,Shortest distance of a magnetic microrobot from the static,9,AUTOMATED_CAPTION_CANDIDATE; human visual confirmation required,1,UNKNOWN,UNKNOWN
P074,10.1109/tmech.2025.3592930,A,13,9,UNCLASSIFIED,Distance between two magnetic microrobots of Case 5.,8,AUTOMATED_CAPTION_CANDIDATE; human visual confirmation required,1,UNKNOWN,UNKNOWN
P074,10.1109/tmech.2025.3592930,A,14,9,UNCLASSIFIED,Shortest distance of a magnetic microrobot from the static,9,AUTOMATED_CAPTION_CANDIDATE; human visual confirmation required,1,UNKNOWN,UNKNOWN
P075,10.1109/tmech.2025.3570573,A,1,4,TRAJECTORY,"System diagram of the proposed path planning method. After setting the task’s start and end points, our algorithm optimizes the dynamic",21,AUTOMATED_CAPTION_CANDIDATE; human visual confirmation required,1,UNKNOWN,UNKNOWN
P075,10.1109/tmech.2025.3570573,A,2,8,PROBLEM; SCENARIO,2-D experimental scenarios. (a) Narrow Passage (NP). (b),8,AUTOMATED_CAPTION_CANDIDATE; human visual confirmation required,2,UNKNOWN,UNKNOWN
P075,10.1109/tmech.2025.3570573,A,3,9,QUANTITATIVE_RESULT,"Experimental results for Just-in-time veriﬁcation. MaxTime is the planner’s maximum allotted planning time. (a), (c), and (e) depict test",19,AUTOMATED_CAPTION_CANDIDATE; human visual confirmation required,3,UNKNOWN,UNKNOWN
P075,10.1109/tmech.2025.3570573,A,4,10,QUANTITATIVE_RESULT,"Results of real robot experiments. Fig. (a) shows the GPIT start and end points, while Fig. (b) shows the optimized end conﬁguration by",23,AUTOMATED_CAPTION_CANDIDATE; human visual confirmation required,2,UNKNOWN,UNKNOWN
P076,10.1109/tmech.2021.3090838,A,1,2,UNCLASSIFIED,Schematic of concept: a soft continuum robot for blood suction,10,AUTOMATED_CAPTION_CANDIDATE; human visual confirmation required,1,UNKNOWN,UNKNOWN
P076,10.1109/tmech.2021.3090838,A,2,3,REAL_WORLD,Layout of the soft continuum robot and prototype assembly .,10,AUTOMATED_CAPTION_CANDIDATE; human visual confirmation required,1,UNKNOWN,UNKNOWN
P076,10.1109/tmech.2021.3090838,A,3,3,UNCLASSIFIED,(a) Geometric transformation between actuation space and,7,AUTOMATED_CAPTION_CANDIDATE; human visual confirmation required,1,UNKNOWN,UNKNOWN
P076,10.1109/tmech.2021.3090838,A,4,6,TRAJECTORY,Conceptual schematic of trajectory tracking of the verticalized-,8,AUTOMATED_CAPTION_CANDIDATE; human visual confirmation required,1,UNKNOWN,UNKNOWN
P076,10.1109/tmech.2021.3090838,A,5,6,TRAJECTORY; QUANTITATIVE_RESULT,Simulation performance of tip path planning.,6,AUTOMATED_CAPTION_CANDIDATE; human visual confirmation required,1,UNKNOWN,UNKNOWN
P076,10.1109/tmech.2021.3090838,A,6,7,UNCLASSIFIED,Block scheme of the visual feedback controller for the soft,10,AUTOMATED_CAPTION_CANDIDATE; human visual confirmation required,1,UNKNOWN,UNKNOWN
P076,10.1109/tmech.2021.3090838,A,7,7,UNCLASSIFIED,(a) Experiment setup. (b) Image-based 3-D reconstruction.,7,AUTOMATED_CAPTION_CANDIDATE; human visual confirmation required,2,UNKNOWN,UNKNOWN
P076,10.1109/tmech.2021.3090838,A,8,8,UNCLASSIFIED,Experiment on different trajectories of the robot tip at various speeds. (a) Oval. (b) Square. (c) Eight. (d) Heart. (e) Character “polytechnic. ”,23,AUTOMATED_CAPTION_CANDIDATE; human visual confirmation required,5,UNKNOWN,UNKNOWN
P076,10.1109/tmech.2021.3090838,A,9,9,TRAJECTORY; QUALITATIVE_RESULT; QUANTITATIVE_RESULT,"Performance of different tip linear velocities in the same desired tip path: snapshots, 3-D view, and velocities.",17,AUTOMATED_CAPTION_CANDIDATE; human visual confirmation required,1,UNKNOWN,UNKNOWN
P076,10.1109/tmech.2021.3090838,A,10,9,TRAJECTORY,Video screenshot: clearing the ﬂuid on a circular trajectory .,10,AUTOMATED_CAPTION_CANDIDATE; human visual confirmation required,1,UNKNOWN,UNKNOWN
P076,10.1109/tmech.2021.3090838,A,11,10,TRAJECTORY,Path planning for suction. (a) RGB image. (b) Color-based,9,AUTOMATED_CAPTION_CANDIDATE; human visual confirmation required,2,UNKNOWN,UNKNOWN
P076,10.1109/tmech.2021.3090838,A,12,10,QUANTITATIVE_RESULT,"and the supplementary videos, and the results conﬁrm",8,AUTOMATED_CAPTION_CANDIDATE; human visual confirmation required,1,UNKNOWN,UNKNOWN
P076,10.1109/tmech.2021.3090838,A,13,11,QUANTITATIVE_RESULT,"Comparison of the replicated bendable suction tool, the rigid",9,AUTOMATED_CAPTION_CANDIDATE; human visual confirmation required,1,UNKNOWN,UNKNOWN
P076,10.1109/tmech.2021.3090838,A,14,11,UNCLASSIFIED,"Tip of a suction tool (Image: Intuitive Surgical, Inc.); CAD",10,AUTOMATED_CAPTION_CANDIDATE; human visual confirmation required,1,UNKNOWN,UNKNOWN
P077,10.1109/tnnls.2021.3056046,A,1,2,UNCLASSIFIED,Intuition.,1,AUTOMATED_CAPTION_CANDIDATE; human visual confirmation required,1,UNKNOWN,UNKNOWN
P077,10.1109/tnnls.2021.3056046,A,2,3,UNCLASSIFIED,"State uncertainty propagated through DQN. The red region (left) represents bounded state uncertainty (an ℓ∞ -ball) around the observed state, sadv.",21,AUTOMATED_CAPTION_CANDIDATE; human visual confirmation required,1,UNKNOWN,UNKNOWN
P077,10.1109/tnnls.2021.3056046,A,3,4,UNCLASSIFIED,"Illustration of -ball, Bp(s, ),f o r n = 2. Let  =[ ϵ1,ϵ 2]. Depending",16,AUTOMATED_CAPTION_CANDIDATE; human visual confirmation required,1,UNKNOWN,UNKNOWN
P077,10.1109/tnnls.2021.3056046,A,4,5,SYSTEM_OVERVIEW; ROBUSTNESS,"System Architecture. During online execution, an agent observes a state, sadv, corrupted by an adversary or noise process (constrained to sadv ∈",22,AUTOMATED_CAPTION_CANDIDATE; human visual confirmation required,1,UNKNOWN,UNKNOWN
P077,10.1109/tnnls.2021.3056046,A,5,8,UNCLASSIFIED,"Increase of conservatism with ϵrob. An agent (orange) following the CARRL policy avoids a dynamic, noncooperative obstacl e (blue) that is observed",22,AUTOMATED_CAPTION_CANDIDATE; human visual confirmation required,1,UNKNOWN,UNKNOWN
P077,10.1109/tnnls.2021.3056046,A,6,8,ROBUSTNESS,shows that the nominal DQN policy is not robust,9,AUTOMATED_CAPTION_CANDIDATE; human visual confirmation required,1,UNKNOWN,UNKNOWN
P077,10.1109/tnnls.2021.3056046,A,7,10,QUANTITATIVE_RESULT; ROBUSTNESS,Results on Cartpole. CARRL recovers performance (measured by reward received) by adding robustness under v arious magnitudes of adversarial (a),20,AUTOMATED_CAPTION_CANDIDATE; human visual confirmation required,1,UNKNOWN,UNKNOWN
P077,10.1109/tnnls.2021.3056046,A,8,10,UNCLASSIFIED,"Adversary and Defense in Atari Pong. At each timestep, given the true state (the past four 210 × 160 grayscale image frames), the adversary ﬁnds the",26,AUTOMATED_CAPTION_CANDIDATE; human visual confirmation required,1,UNKNOWN,UNKNOWN
P077,10.1109/tnnls.2021.3056046,A,9,11,QUANTITATIVE_RESULT; ROBUSTNESS,Results on Atari Pong. CARRL recovers performance (measured by re ward received) by adding robustness under various magnitudes of pixel,20,AUTOMATED_CAPTION_CANDIDATE; human visual confirmation required,1,UNKNOWN,UNKNOWN
P077,10.1109/tnnls.2021.3056046,A,10,12,ROBUSTNESS,Robustness to Adversarial Behavior. Each curve shows a different magnitude of adversarial behavior of another agent in the collision avoidance task.,21,AUTOMATED_CAPTION_CANDIDATE; human visual confirmation required,1,UNKNOWN,UNKNOWN
P077,10.1109/tnnls.2021.3056046,A,11,12,UNCLASSIFIED,"Greedy convex bounds versus LP . Using efﬁcient but greedy bounds on th e adversarial polytope, CARRL’s action-selection produces similar",20,AUTOMATED_CAPTION_CANDIDATE; human visual confirmation required,1,UNKNOWN,UNKNOWN
P078,10.1109/tnnls.2023.3247160,A,1,3,UNCLASSIFIED,Workflow of ALN-DSAC. LSTM/AL-DSAC denotes the DSAC with,8,AUTOMATED_CAPTION_CANDIDATE; human visual confirmation required,1,UNKNOWN,UNKNOWN
P078,10.1109/tnnls.2023.3247160,A,2,3,UNCLASSIFIED,Circle- and square-crossing simulators. Obstacles are randomly,7,AUTOMATED_CAPTION_CANDIDATE; human visual confirmation required,1,UNKNOWN,UNKNOWN
P078,10.1109/tnnls.2023.3247160,A,3,4,UNCLASSIFIED,,0,AUTOMATED_CAPTION_CANDIDATE; human visual confirmation required,1,UNKNOWN,UNKNOWN
P078,10.1109/tnnls.2023.3247160,A,4,6,UNCLASSIFIED,Architecture of LSTM-DSAC. (a) LSTM backpropagation.,6,AUTOMATED_CAPTION_CANDIDATE; human visual confirmation required,1,UNKNOWN,UNKNOWN
P078,10.1109/tnnls.2023.3247160,A,5,7,UNCLASSIFIED,Mechanism of AL-DSAC. (a) Mechanism for fast convergence of,9,AUTOMATED_CAPTION_CANDIDATE; human visual confirmation required,1,UNKNOWN,UNKNOWN
P078,10.1109/tnnls.2023.3247160,A,6,7,UNCLASSIFIED,Architecture of ALN-DSAC. (a) Prioritized sampling method-1,7,AUTOMATED_CAPTION_CANDIDATE; human visual confirmation required,1,UNKNOWN,UNKNOWN
P078,10.1109/tnnls.2023.3247160,A,7,10,METHOD_FRAMEWORK,"Network frameworks. The first framework is for LSTM-DSAC, while",9,AUTOMATED_CAPTION_CANDIDATE; human visual confirmation required,1,UNKNOWN,UNKNOWN
P078,10.1109/tnnls.2023.3247160,A,8,12,QUANTITATIVE_RESULT,"Training results. In (c), ALN-DSAC-1/5/10Delay denotes the novel data replay with one/five/ten delayed experiences. ALN-DSAC-NoPrioritizedData",15,AUTOMATED_CAPTION_CANDIDATE; human visual confirmation required,1,UNKNOWN,UNKNOWN
P078,10.1109/tnnls.2023.3247160,A,9,12,UNCLASSIFIED,Motion planning process (ALN-DSAC) in cases with five and ten obstacles.,11,AUTOMATED_CAPTION_CANDIDATE; human visual confirmation required,1,UNKNOWN,UNKNOWN
P078,10.1109/tnnls.2023.3247160,A,10,13,UNCLASSIFIED,Learned motion planning strategy.,4,AUTOMATED_CAPTION_CANDIDATE; human visual confirmation required,1,UNKNOWN,UNKNOWN
P079,10.1109/tnnls.2022.3191021,A,1,2,UNCLASSIFIED,Training a group of nine UR5 robot arms to reach the,11,AUTOMATED_CAPTION_CANDIDATE; human visual confirmation required,1,UNKNOWN,UNKNOWN
P079,10.1109/tnnls.2022.3191021,A,2,9,UNCLASSIFIED,Consensus error of the actor network with 6 agents. The setup for both methods are described in [33]. (a) With the,21,AUTOMATED_CAPTION_CANDIDATE; human visual confirmation required,1,UNKNOWN,UNKNOWN
P079,10.1109/tnnls.2022.3191021,A,3,9,UNCLASSIFIED,The joint positions of a UR5 robot arm.,8,AUTOMATED_CAPTION_CANDIDATE; human visual confirmation required,1,UNKNOWN,UNKNOWN
P079,10.1109/tnnls.2022.3191021,A,4,9,UNCLASSIFIED,The structure of the actor network. The fixed layers,9,AUTOMATED_CAPTION_CANDIDATE; human visual confirmation required,1,UNKNOWN,UNKNOWN
P079,10.1109/tnnls.2022.3191021,A,5,10,UNCLASSIFIED,The structure of the critic network. The fixed layers,9,AUTOMATED_CAPTION_CANDIDATE; human visual confirmation required,1,UNKNOWN,UNKNOWN
P079,10.1109/tnnls.2022.3191021,A,6,11,UNCLASSIFIED,Actor-critic based off-policy deep reinforcement learning and consensus-based distributed training with different numbers,13,AUTOMATED_CAPTION_CANDIDATE; human visual confirmation required,1,UNKNOWN,UNKNOWN
P079,10.1109/tnnls.2022.3191021,A,7,10,UNCLASSIFIED,as a baseline to compare with our consensus-based,8,AUTOMATED_CAPTION_CANDIDATE; human visual confirmation required,1,UNKNOWN,UNKNOWN
P079,10.1109/tnnls.2022.3191021,A,8,11,UNCLASSIFIED,"Interaction topology of 4, 6, 9 and 12 agents.",9,AUTOMATED_CAPTION_CANDIDATE; human visual confirmation required,1,UNKNOWN,UNKNOWN
P079,10.1109/tnnls.2022.3191021,A,9,10,QUANTITATIVE_RESULT,describes the average reward performance of three,7,AUTOMATED_CAPTION_CANDIDATE; human visual confirmation required,1,UNKNOWN,UNKNOWN
P079,10.1109/tnnls.2022.3191021,A,10,12,UNCLASSIFIED,"Interaction topology of 6 agents, with the Fiedler",8,AUTOMATED_CAPTION_CANDIDATE; human visual confirmation required,1,UNKNOWN,UNKNOWN
P079,10.1109/tnnls.2022.3191021,A,11,10,UNCLASSIFIED,and Fig. 12 reveal the variation of the consensus,9,AUTOMATED_CAPTION_CANDIDATE; human visual confirmation required,1,UNKNOWN,UNKNOWN
P079,10.1109/tnnls.2022.3191021,A,12,13,UNCLASSIFIED,Consensus error of the critic network with 6 UR5,9,AUTOMATED_CAPTION_CANDIDATE; human visual confirmation required,1,UNKNOWN,UNKNOWN
P079,10.1109/tnnls.2022.3191021,A,13,13,UNCLASSIFIED,Iteration steps versus Fiedler eigenvalues of the actor,8,AUTOMATED_CAPTION_CANDIDATE; human visual confirmation required,1,UNKNOWN,UNKNOWN
P079,10.1109/tnnls.2022.3191021,A,14,13,UNCLASSIFIED,Box plot of the number of times that each UR5 robot,11,AUTOMATED_CAPTION_CANDIDATE; human visual confirmation required,1,UNKNOWN,UNKNOWN
P079,10.1109/tnnls.2022.3191021,A,15,13,QUANTITATIVE_RESULT,Performance tests of consensus-based distributed,5,AUTOMATED_CAPTION_CANDIDATE; human visual confirmation required,1,UNKNOWN,UNKNOWN
P079,10.1109/tnnls.2022.3191021,A,16,12,UNCLASSIFIED,(a) represents the trajectories of the end effector of four,10,AUTOMATED_CAPTION_CANDIDATE; human visual confirmation required,1,UNKNOWN,UNKNOWN
P079,10.1109/tnnls.2022.3191021,A,17,14,UNCLASSIFIED,Average reward graph of 4 UR5 robot arms compared,9,AUTOMATED_CAPTION_CANDIDATE; human visual confirmation required,1,UNKNOWN,UNKNOWN
P079,10.1109/tnnls.2022.3191021,A,18,14,UNCLASSIFIED,(b). The potential bottleneck of using a centralized,8,AUTOMATED_CAPTION_CANDIDATE; human visual confirmation required,1,UNKNOWN,UNKNOWN
P080,10.1109/tnnls.2024.3350679,A,1,4,UNCLASSIFIED,Security and safety-critical learning-based collaborative control,6,AUTOMATED_CAPTION_CANDIDATE; human visual confirmation required,1,UNKNOWN,UNKNOWN
P080,10.1109/tnnls.2024.3350679,A,2,9,UNCLASSIFIED,(a) Communication topology. (b) Experiment on three-UGV area,8,AUTOMATED_CAPTION_CANDIDATE; human visual confirmation required,2,UNKNOWN,UNKNOWN
P080,10.1109/tnnls.2024.3350679,A,3,9,QUANTITATIVE_RESULT,Comparison of observation errors under resilient method in [11] and,10,AUTOMATED_CAPTION_CANDIDATE; human visual confirmation required,1,UNKNOWN,UNKNOWN
P080,10.1109/tnnls.2024.3350679,A,4,10,UNCLASSIFIED,Agents’ trajectories with different γh using collision-free strategy,8,AUTOMATED_CAPTION_CANDIDATE; human visual confirmation required,1,UNKNOWN,UNKNOWN
P080,10.1109/tnnls.2024.3350679,A,5,10,UNCLASSIFIED,"(a) Average rewards of agents with training episodes, where shaded",10,AUTOMATED_CAPTION_CANDIDATE; human visual confirmation required,1,UNKNOWN,UNKNOWN
P080,10.1109/tnnls.2024.3350679,A,6,10,QUANTITATIVE_RESULT,"TVF performance of UGV1 (when Rd = 4, γh = 0.1).",11,AUTOMATED_CAPTION_CANDIDATE; human visual confirmation required,1,UNKNOWN,UNKNOWN
P080,10.1109/tnnls.2024.3350679,A,7,10,QUANTITATIVE_RESULT,"TVF performance of UGV2 (when Rd = 4, γh = 0.1).",11,AUTOMATED_CAPTION_CANDIDATE; human visual confirmation required,1,UNKNOWN,UNKNOWN
P080,10.1109/tnnls.2024.3350679,A,8,10,QUANTITATIVE_RESULT,"TVF performance of UGV3 (when Rd = 4, γh = 0.1).",11,AUTOMATED_CAPTION_CANDIDATE; human visual confirmation required,1,UNKNOWN,UNKNOWN
P081,10.1109/tnnls.2026.3685832,A,1,2,UNCLASSIFIED,The robot’s model in Simulink/SimMechanics used for RL training.,9,AUTOMATED_CAPTION_CANDIDATE; human visual confirmation required,1,UNKNOWN,UNKNOWN
P081,10.1109/tnnls.2026.3685832,A,2,2,UNCLASSIFIED,Matlab Simulink and Python integrated structure via serial port,9,AUTOMATED_CAPTION_CANDIDATE; human visual confirmation required,1,UNKNOWN,UNKNOWN
P081,10.1109/tnnls.2026.3685832,A,3,2,UNCLASSIFIED,Visual stimulation in Robot-Assisted Rehabilitation,5,AUTOMATED_CAPTION_CANDIDATE; human visual confirmation required,1,UNKNOWN,UNKNOWN
P081,10.1109/tnnls.2026.3685832,A,4,2,UNCLASSIFIED,Ankle rehabilitation robot developed at the Jinan Key Lab of,10,AUTOMATED_CAPTION_CANDIDATE; human visual confirmation required,1,UNKNOWN,UNKNOWN
P081,10.1109/tnnls.2026.3685832,A,5,4,SCENARIO,The block diagram of the training and testing environments.,9,AUTOMATED_CAPTION_CANDIDATE; human visual confirmation required,1,UNKNOWN,UNKNOWN
P081,10.1109/tnnls.2026.3685832,A,6,4,UNCLASSIFIED,Block diagram of the multi-agent rehabilitation system.,7,AUTOMATED_CAPTION_CANDIDATE; human visual confirmation required,1,UNKNOWN,UNKNOWN
P081,10.1109/tnnls.2026.3685832,A,7,4,UNCLASSIFIED,The actor network structure of the virtual human agent.,9,AUTOMATED_CAPTION_CANDIDATE; human visual confirmation required,1,UNKNOWN,UNKNOWN
P081,10.1109/tnnls.2026.3685832,A,8,5,UNCLASSIFIED,The actor network structure of the machine agent.,8,AUTOMATED_CAPTION_CANDIDATE; human visual confirmation required,1,UNKNOWN,UNKNOWN
P081,10.1109/tnnls.2026.3685832,A,9,7,UNCLASSIFIED,The critic network structure.,4,AUTOMATED_CAPTION_CANDIDATE; human visual confirmation required,1,UNKNOWN,UNKNOWN
P081,10.1109/tnnls.2026.3685832,A,10,7,UNCLASSIFIED,The depicted schematic representation of training the multi-agent,8,AUTOMATED_CAPTION_CANDIDATE; human visual confirmation required,1,UNKNOWN,UNKNOWN
P081,10.1109/tnnls.2026.3685832,A,11,11,QUANTITATIVE_RESULT,Comparison Plot for Subject 1 Setting 2.,7,AUTOMATED_CAPTION_CANDIDATE; human visual confirmation required,1,UNKNOWN,UNKNOWN
P081,10.1109/tnnls.2026.3685832,A,12,11,QUANTITATIVE_RESULT,Comparison Plot for Subject 1 Setting 4.,7,AUTOMATED_CAPTION_CANDIDATE; human visual confirmation required,1,UNKNOWN,UNKNOWN
P081,10.1109/tnnls.2026.3685832,A,13,11,QUANTITATIVE_RESULT,Comparison Plot for Subject 1 Setting 6.,7,AUTOMATED_CAPTION_CANDIDATE; human visual confirmation required,1,UNKNOWN,UNKNOWN
P081,10.1109/tnnls.2026.3685832,A,14,12,QUANTITATIVE_RESULT,Comparison Plot for Subject 1 Setting 8.,7,AUTOMATED_CAPTION_CANDIDATE; human visual confirmation required,1,UNKNOWN,UNKNOWN
P081,10.1109/tnnls.2026.3685832,A,15,12,QUANTITATIVE_RESULT,Comparison Plot for Subject 2 Setting 2.,7,AUTOMATED_CAPTION_CANDIDATE; human visual confirmation required,1,UNKNOWN,UNKNOWN
P081,10.1109/tnnls.2026.3685832,A,16,12,QUANTITATIVE_RESULT,Comparison Plot for Subject 2 Setting 4.,7,AUTOMATED_CAPTION_CANDIDATE; human visual confirmation required,1,UNKNOWN,UNKNOWN
P081,10.1109/tnnls.2026.3685832,A,17,13,UNCLASSIFIED,(Repeat of the Last Setting for Subject 1).,8,AUTOMATED_CAPTION_CANDIDATE; human visual confirmation required,1,UNKNOWN,UNKNOWN
P081,10.1109/tnnls.2026.3685832,A,18,13,QUANTITATIVE_RESULT,Comparison Plot for Subject 2 Setting 6.,7,AUTOMATED_CAPTION_CANDIDATE; human visual confirmation required,1,UNKNOWN,UNKNOWN
P081,10.1109/tnnls.2026.3685832,A,19,13,QUANTITATIVE_RESULT,Comparison Plot for Subject 2 Setting 8.,7,AUTOMATED_CAPTION_CANDIDATE; human visual confirmation required,1,UNKNOWN,UNKNOWN
P081,10.1109/tnnls.2026.3685832,A,20,14,QUANTITATIVE_RESULT,Comparison Plot for Subject 3 Setting 3.,7,AUTOMATED_CAPTION_CANDIDATE; human visual confirmation required,1,UNKNOWN,UNKNOWN
P081,10.1109/tnnls.2026.3685832,A,21,14,QUANTITATIVE_RESULT,Comparison Plot for Subject 3 Setting 4.,7,AUTOMATED_CAPTION_CANDIDATE; human visual confirmation required,1,UNKNOWN,UNKNOWN
P081,10.1109/tnnls.2026.3685832,A,22,14,QUANTITATIVE_RESULT,Comparison Plot for Subject 3 Setting 6.,7,AUTOMATED_CAPTION_CANDIDATE; human visual confirmation required,1,UNKNOWN,UNKNOWN
P081,10.1109/tnnls.2026.3685832,A,23,14,QUANTITATIVE_RESULT,Comparison Plot for Subject 3 Setting 8.,7,AUTOMATED_CAPTION_CANDIDATE; human visual confirmation required,1,UNKNOWN,UNKNOWN
P081,10.1109/tnnls.2026.3685832,A,24,15,QUANTITATIVE_RESULT,Comparison Plot for Subject 4 Setting 2.,7,AUTOMATED_CAPTION_CANDIDATE; human visual confirmation required,1,UNKNOWN,UNKNOWN
P081,10.1109/tnnls.2026.3685832,A,25,15,QUANTITATIVE_RESULT,Comparison Plot for Subject 4 Setting 4.,7,AUTOMATED_CAPTION_CANDIDATE; human visual confirmation required,1,UNKNOWN,UNKNOWN
P081,10.1109/tnnls.2026.3685832,A,26,15,QUANTITATIVE_RESULT,Comparison Plot for Subject 4 Setting 6.,7,AUTOMATED_CAPTION_CANDIDATE; human visual confirmation required,1,UNKNOWN,UNKNOWN
P081,10.1109/tnnls.2026.3685832,A,27,15,QUANTITATIVE_RESULT,Comparison Plot for Subject 4 Setting 8.,7,AUTOMATED_CAPTION_CANDIDATE; human visual confirmation required,1,UNKNOWN,UNKNOWN
P081,10.1109/tnnls.2026.3685832,A,28,16,QUANTITATIVE_RESULT,Comparison Plot for Subject 5 Setting 4.,7,AUTOMATED_CAPTION_CANDIDATE; human visual confirmation required,1,UNKNOWN,UNKNOWN
P081,10.1109/tnnls.2026.3685832,A,29,16,QUANTITATIVE_RESULT,Comparison Plot for Subject 5 Setting 4-2.,7,AUTOMATED_CAPTION_CANDIDATE; human visual confirmation required,1,UNKNOWN,UNKNOWN
P081,10.1109/tnnls.2026.3685832,A,30,16,QUANTITATIVE_RESULT,Comparison Plot for Subject 5 Setting 6.,7,AUTOMATED_CAPTION_CANDIDATE; human visual confirmation required,1,UNKNOWN,UNKNOWN
P081,10.1109/tnnls.2026.3685832,A,31,16,QUANTITATIVE_RESULT,Comparison Plot for Subject 5 Setting 8.,7,AUTOMATED_CAPTION_CANDIDATE; human visual confirmation required,1,UNKNOWN,UNKNOWN
P081,10.1109/tnnls.2026.3685832,A,32,17,QUANTITATIVE_RESULT,Comparison Plot for Subject 6 Setting 4.,7,AUTOMATED_CAPTION_CANDIDATE; human visual confirmation required,1,UNKNOWN,UNKNOWN
P081,10.1109/tnnls.2026.3685832,A,33,17,QUANTITATIVE_RESULT,Comparison Plot for Subject 7 Setting 4.,7,AUTOMATED_CAPTION_CANDIDATE; human visual confirmation required,1,UNKNOWN,UNKNOWN
P081,10.1109/tnnls.2026.3685832,A,34,17,QUANTITATIVE_RESULT,Comparison Plot for Subject 13 Setting 2.,7,AUTOMATED_CAPTION_CANDIDATE; human visual confirmation required,1,UNKNOWN,UNKNOWN
P081,10.1109/tnnls.2026.3685832,A,35,17,QUANTITATIVE_RESULT,Comparison Plot for Subject 13 Setting 4.,7,AUTOMATED_CAPTION_CANDIDATE; human visual confirmation required,1,UNKNOWN,UNKNOWN
P082,10.1109/tro.2025.3530348,A,1,1,UNCLASSIFIED,8-Crazyflie swapping with GCBF: We learn a,7,AUTOMATED_CAPTION_CANDIDATE; human visual confirmation required,1,UNKNOWN,UNKNOWN
P082,10.1109/tro.2025.3530348,A,2,5,UNCLASSIFIED,GCBF contours: For a fixed neighborhood N0 of agent,9,AUTOMATED_CAPTION_CANDIDATE; human visual confirmation required,1,UNKNOWN,UNKNOWN
P082,10.1109/tro.2025.3530348,A,3,7,UNCLASSIFIED,GCBF+ training architecture: The sampled input features are labeled as safe control invariant DC and unsafe DA,17,AUTOMATED_CAPTION_CANDIDATE; human visual confirmation required,1,UNKNOWN,UNKNOWN
P082,10.1109/tro.2025.3530348,A,4,7,UNCLASSIFIED,Satisfaction of Definition 1 in practice: The attention,8,AUTOMATED_CAPTION_CANDIDATE; human visual confirmation required,1,UNKNOWN,UNKNOWN
P082,10.1109/tro.2025.3530348,A,5,8,UNCLASSIFIED,plots the trajectories of an agent in the presence,9,AUTOMATED_CAPTION_CANDIDATE; human visual confirmation required,1,UNKNOWN,UNKNOWN
P082,10.1109/tro.2025.3530348,A,6,11,UNCLASSIFIED,"Success (left), safety (middle), and reach (right) rates for an increasing number of agents for fixed area width l.",19,AUTOMATED_CAPTION_CANDIDATE; human visual confirmation required,1,UNKNOWN,UNKNOWN
P082,10.1109/tro.2025.3530348,A,7,13,SCENARIO; QUANTITATIVE_RESULT,"Obstacle environment performance: Success (left), safety (middle), and reach (right) rates for the obstacle environment",15,AUTOMATED_CAPTION_CANDIDATE; human visual confirmation required,1,UNKNOWN,UNKNOWN
P082,10.1109/tro.2025.3530348,A,8,13,SENSITIVITY,Left: Sensitivity of GCBF+ to the CBF class −K function parameter α. Right: Sensitivity of GCBF+ to prediction,18,AUTOMATED_CAPTION_CANDIDATE; human visual confirmation required,1,UNKNOWN,UNKNOWN
P082,10.1109/tro.2025.3530348,A,9,13,SENSITIVITY,Sensitivity of InforMARL to the weight λcol in (28).,9,AUTOMATED_CAPTION_CANDIDATE; human visual confirmation required,1,UNKNOWN,UNKNOWN
P082,10.1109/tro.2025.3530348,A,10,14,UNCLASSIFIED,"Hardware experiment setup: (a) The overall experimental setup with ground robots, CF drones and the motion",16,AUTOMATED_CAPTION_CANDIDATE; human visual confirmation required,1,UNKNOWN,UNKNOWN
P082,10.1109/tro.2025.3530348,A,11,14,UNCLASSIFIED,Hardware Control Architecture for Crazyflies,5,AUTOMATED_CAPTION_CANDIDATE; human visual confirmation required,1,UNKNOWN,UNKNOWN
P082,10.1109/tro.2025.3530348,A,12,15,QUANTITATIVE_RESULT,"Hardware Experiment Results: (a,c,e,g) Time-lapse illustration of a Crazyflie swarm controlled via GCBF+. (b,d,f,h)",14,AUTOMATED_CAPTION_CANDIDATE; human visual confirmation required,1,UNKNOWN,UNKNOWN
P082,10.1109/tro.2025.3530348,A,13,15,UNCLASSIFIED,Distribution of the minimum distance between,6,AUTOMATED_CAPTION_CANDIDATE; human visual confirmation required,1,UNKNOWN,UNKNOWN
P082,10.1109/tro.2025.3530348,A,14,17,QUANTITATIVE_RESULT,"Comparison with a CBF that accounts for input constraints : Success (left), safety (middle), and reach (right) rates",18,AUTOMATED_CAPTION_CANDIDATE; human visual confirmation required,1,UNKNOWN,UNKNOWN
P082,10.1109/tro.2025.3530348,A,15,18,UNCLASSIFIED,"Histogram of the relative delay ratio, defined as the",9,AUTOMATED_CAPTION_CANDIDATE; human visual confirmation required,1,UNKNOWN,UNKNOWN
P083,10.1109/tro.2021.3137751,A,1,2,UNCLASSIFIED,Demonstration of Kimera-Multi in a three-robot collaborative,7,AUTOMATED_CAPTION_CANDIDATE; human visual confirmation required,1,UNKNOWN,UNKNOWN
P083,10.1109/tro.2021.3137751,A,2,3,SYSTEM_OVERVIEW,Kimera-Multi: system architecture. Each robot runs Kimera,7,AUTOMATED_CAPTION_CANDIDATE; human visual confirmation required,1,UNKNOWN,UNKNOWN
P083,10.1109/tro.2021.3137751,A,3,3,UNCLASSIFIED,Communication protocol and data ﬂow between pair of robots.,9,AUTOMATED_CAPTION_CANDIDATE; human visual confirmation required,1,UNKNOWN,UNKNOWN
P083,10.1109/tro.2021.3137751,A,4,3,PROBLEM; SCENARIO; ROBUSTNESS,Robust distributed initialization. Left: Three-robot scenario with local,8,AUTOMATED_CAPTION_CANDIDATE; human visual confirmation required,1,UNKNOWN,UNKNOWN
P083,10.1109/tro.2021.3137751,A,5,3,UNCLASSIFIED,LMO deformation graph including mesh vertices (violet) and keyframe,9,AUTOMATED_CAPTION_CANDIDATE; human visual confirmation required,1,UNKNOWN,UNKNOWN
P083,10.1109/tro.2021.3137751,A,6,3,QUANTITATIVE_RESULT,Single-robot tests. Comparisons between solvers on single-robot syn-,8,AUTOMATED_CAPTION_CANDIDATE; human visual confirmation required,1,UNKNOWN,UNKNOWN
P083,10.1109/tro.2021.3137751,A,7,3,QUANTITATIVE_RESULT,Multi-robot tests. Comparisons between solvers on three-robot syn-,8,AUTOMATED_CAPTION_CANDIDATE; human visual confirmation required,1,UNKNOWN,UNKNOWN
P083,10.1109/tro.2021.3137751,A,8,4,TRAJECTORY,Comparing ﬁnal trajectory estimates of different techniques under 70% outlier loop closures. All methods use the same probability threshold of 99%.,21,AUTOMATED_CAPTION_CANDIDATE; human visual confirmation required,1,UNKNOWN,UNKNOWN
P083,10.1109/tro.2021.3137751,A,9,4,UNCLASSIFIED,Metric reconstruction evaluation on the Euroc sequences. Mesh error,9,AUTOMATED_CAPTION_CANDIDATE; human visual confirmation required,1,UNKNOWN,UNKNOWN
P083,10.1109/tro.2021.3137751,A,10,4,UNCLASSIFIED,"Metric reconstruction evaluation on the Camp, City, and Med-",9,AUTOMATED_CAPTION_CANDIDATE; human visual confirmation required,1,UNKNOWN,UNKNOWN
P083,10.1109/tro.2021.3137751,A,11,4,UNCLASSIFIED,Dense metric-semantic 3-D mesh model generated by Kimera-Multi,8,AUTOMATED_CAPTION_CANDIDATE; human visual confirmation required,1,UNKNOWN,UNKNOWN
P083,10.1109/tro.2021.3137751,A,12,5,UNCLASSIFIED,Dense metric-semantic 3-D mesh model generated by Kimera-Multi,8,AUTOMATED_CAPTION_CANDIDATE; human visual confirmation required,1,UNKNOWN,UNKNOWN
P083,10.1109/tro.2021.3137751,A,13,5,UNCLASSIFIED,Dense metric 3-D mesh model generated by Kimera-Multi with three,10,AUTOMATED_CAPTION_CANDIDATE; human visual confirmation required,1,UNKNOWN,UNKNOWN
P083,10.1109/tro.2021.3137751,A,14,6,TRAJECTORY,"Stata experiment. (a) Trajectory estimate from Kimera-VIO. (b) Trajectory estimate produced by Kimera-Multi, using D-GNC with the default",18,AUTOMATED_CAPTION_CANDIDATE; human visual confirmation required,2,UNKNOWN,UNKNOWN
P083,10.1109/tro.2021.3137751,A,15,14,UNCLASSIFIED,Stata experiment. Optimized mesh produced by Kimera-Multi,7,AUTOMATED_CAPTION_CANDIDATE; human visual confirmation required,1,UNKNOWN,UNKNOWN
P084,10.1109/tro.2026.3651669,A,1,1,UNCLASSIFIED,"Policies learned with our hand-object representation perform grasping, in-hand reorientation, and handover tasks with",14,AUTOMATED_CAPTION_CANDIDATE; human visual confirmation required,1,UNKNOWN,UNKNOWN
P084,10.1109/tro.2026.3651669,A,2,5,UNCLASSIFIED,DexRep and its integration into dexterous manipulation learning. Left:Visualization of the three components,13,AUTOMATED_CAPTION_CANDIDATE; human visual confirmation required,1,UNKNOWN,UNKNOWN
P084,10.1109/tro.2026.3651669,A,3,6,UNCLASSIFIED,Demonstration acquisition for behavior cloning.,5,AUTOMATED_CAPTION_CANDIDATE; human visual confirmation required,1,UNKNOWN,UNKNOWN
P084,10.1109/tro.2026.3651669,A,4,6,METHOD_FRAMEWORK,Our pipeline to learn manipulation policy with,7,AUTOMATED_CAPTION_CANDIDATE; human visual confirmation required,1,UNKNOWN,UNKNOWN
P084,10.1109/tro.2026.3651669,A,5,7,UNCLASSIFIED,"Retargeting process.Key vectors—finger-to-finger,",3,AUTOMATED_CAPTION_CANDIDATE; human visual confirmation required,1,UNKNOWN,UNKNOWN
P084,10.1109/tro.2026.3651669,A,6,8,UNCLASSIFIED,Success rate (or mean success times per episode) and mean reward of our method and baselines in different,18,AUTOMATED_CAPTION_CANDIDATE; human visual confirmation required,1,UNKNOWN,UNKNOWN
P084,10.1109/tro.2026.3651669,A,7,9,UNCLASSIFIED,37 Objects used in In-Hand Reorientation. The first,8,AUTOMATED_CAPTION_CANDIDATE; human visual confirmation required,1,UNKNOWN,UNKNOWN
P084,10.1109/tro.2026.3651669,A,8,10,UNCLASSIFIED,17 Objects used in Handover. The objects in the first,10,AUTOMATED_CAPTION_CANDIDATE; human visual confirmation required,1,UNKNOWN,UNKNOWN
P084,10.1109/tro.2026.3651669,A,9,10,UNCLASSIFIED,40 Objects used in Grasping for analyzing the effec-,9,AUTOMATED_CAPTION_CANDIDATE; human visual confirmation required,1,UNKNOWN,UNKNOWN
P084,10.1109/tro.2026.3651669,A,10,11,UNCLASSIFIED,Statistical analysis of success rates across random seeds and datasets.(a) Box plots illustrate the distribution of,16,AUTOMATED_CAPTION_CANDIDATE; human visual confirmation required,1,UNKNOWN,UNKNOWN
P084,10.1109/tro.2026.3651669,A,11,11,UNCLASSIFIED,Success rate (%) of our method and its variants,9,AUTOMATED_CAPTION_CANDIDATE; human visual confirmation required,1,UNKNOWN,UNKNOWN
P084,10.1109/tro.2026.3651669,A,12,12,UNCLASSIFIED,T-SNE projection and grasping success rates of object categories.Global features extracted using PointNet [15],14,AUTOMATED_CAPTION_CANDIDATE; human visual confirmation required,1,UNKNOWN,UNKNOWN
P084,10.1109/tro.2026.3651669,A,13,13,UNCLASSIFIED,Success rate (%) and mean reward of our method and its variants during training.The y-axis indicates the,17,AUTOMATED_CAPTION_CANDIDATE; human visual confirmation required,1,UNKNOWN,UNKNOWN
P084,10.1109/tro.2026.3651669,A,14,13,UNCLASSIFIED,Test success rate (%) of our method applied to,9,AUTOMATED_CAPTION_CANDIDATE; human visual confirmation required,1,UNKNOWN,UNKNOWN
P084,10.1109/tro.2026.3651669,A,15,14,GENERALIZATION,Examples of grasping unseen objects using robotic,7,AUTOMATED_CAPTION_CANDIDATE; human visual confirmation required,1,UNKNOWN,UNKNOWN
P084,10.1109/tro.2026.3651669,A,16,14,UNCLASSIFIED,Success rates (%) on test objects with varying,8,AUTOMATED_CAPTION_CANDIDATE; human visual confirmation required,1,UNKNOWN,UNKNOWN
P084,10.1109/tro.2026.3651669,A,17,15,UNCLASSIFIED,"The grasping platform with an Allegro Hand v4, a",9,AUTOMATED_CAPTION_CANDIDATE; human visual confirmation required,1,UNKNOWN,UNKNOWN
P084,10.1109/tro.2026.3651669,A,18,17,UNCLASSIFIED,Point cloud visualization for ICP alignment and,7,AUTOMATED_CAPTION_CANDIDATE; human visual confirmation required,1,UNKNOWN,UNKNOWN
P085,10.1109/tro.2022.3232300,A,1,7,UNCLASSIFIED,Demonstrations of ECE equilibria for two-agent setup as we decrease,10,AUTOMATED_CAPTION_CANDIDATE; human visual confirmation required,1,UNKNOWN,UNKNOWN
P085,10.1109/tro.2022.3232300,A,2,10,UNCLASSIFIED,Demonstrations for two-player and three-player collision avoidance,7,AUTOMATED_CAPTION_CANDIDATE; human visual confirmation required,1,UNKNOWN,UNKNOWN
P085,10.1109/tro.2022.3232300,A,3,10,TRAJECTORY,The reference trajectory is a straight line between initial,9,AUTOMATED_CAPTION_CANDIDATE; human visual confirmation required,1,UNKNOWN,UNKNOWN
P085,10.1109/tro.2022.3232300,A,4,11,PROBLEM,We randomize the order of agents during inverse learning problem and,11,AUTOMATED_CAPTION_CANDIDATE; human visual confirmation required,1,UNKNOWN,UNKNOWN
P085,10.1109/tro.2022.3232300,A,5,12,PROBLEM; SCENARIO; QUALITATIVE_RESULT,Snapshot of highway merging scenario in the INTERACTION dataset. V ehicle 8 is a merging vehicle between cars 13 and 6.,21,AUTOMATED_CAPTION_CANDIDATE; human visual confirmation required,1,UNKNOWN,UNKNOWN
P085,10.1109/tro.2022.3232300,A,6,12,UNCLASSIFIED,rmse for the predicted trajectories using the INTERACTION dataset.,9,AUTOMATED_CAPTION_CANDIDATE; human visual confirmation required,1,UNKNOWN,UNKNOWN
P085,10.1109/tro.2022.3232300,A,7,12,PROBLEM; SCENARIO,Trajectories that are predicted under IOCD in the merging scenario,10,AUTOMATED_CAPTION_CANDIDATE; human visual confirmation required,1,UNKNOWN,UNKNOWN
P086,10.1109/tro.2023.3275875,A,1,5,METHOD_FRAMEWORK,Secure framework in this article.,5,AUTOMATED_CAPTION_CANDIDATE; human visual confirmation required,1,UNKNOWN,UNKNOWN
P086,10.1109/tro.2023.3275875,A,2,5,UNCLASSIFIED,depicts a CMR in our lab and its physical model. The,11,AUTOMATED_CAPTION_CANDIDATE; human visual confirmation required,1,UNKNOWN,UNKNOWN
P086,10.1109/tro.2023.3275875,A,3,7,UNCLASSIFIED,Illustration of the man-in-the-middle attack.,5,AUTOMATED_CAPTION_CANDIDATE; human visual confirmation required,1,UNKNOWN,UNKNOWN
P086,10.1109/tro.2023.3275875,A,4,7,QUANTITATIVE_RESULT,Tracking performance with and without attacks. (a) Tracking perfor-,9,AUTOMATED_CAPTION_CANDIDATE; human visual confirmation required,1,UNKNOWN,UNKNOWN
P086,10.1109/tro.2023.3275875,A,5,7,QUANTITATIVE_RESULT,Tracking performance under the algorithm in [52]. (a) Tracking per-,10,AUTOMATED_CAPTION_CANDIDATE; human visual confirmation required,1,UNKNOWN,UNKNOWN
P086,10.1109/tro.2023.3275875,A,6,13,TRAJECTORY; QUANTITATIVE_RESULT,Simulation results of the circular trajectory. Top: Tracking control of a CMR using the nominal controller in Lemma 1. Middle: Tracking control of a,24,AUTOMATED_CAPTION_CANDIDATE; human visual confirmation required,1,UNKNOWN,UNKNOWN
P086,10.1109/tro.2023.3275875,A,7,14,TRAJECTORY; QUANTITATIVE_RESULT,Simulation results of the eight-type trajectory. Top: Tracking control of a CMR using the nominal controller in Lemma 1. Middle: Tracking control of a,24,AUTOMATED_CAPTION_CANDIDATE; human visual confirmation required,1,UNKNOWN,UNKNOWN
P086,10.1109/tro.2023.3275875,A,8,15,QUANTITATIVE_RESULT,Tracking performance with other attacks and without attacks under,9,AUTOMATED_CAPTION_CANDIDATE; human visual confirmation required,1,UNKNOWN,UNKNOWN
P086,10.1109/tro.2023.3275875,A,9,15,UNCLASSIFIED,Experiment setup. The real-time kinematic position system (RTK) is,9,AUTOMATED_CAPTION_CANDIDATE; human visual confirmation required,1,UNKNOWN,UNKNOWN
P086,10.1109/tro.2023.3275875,A,10,15,SCENARIO; QUALITATIVE_RESULT,Snapshots of different experiment environments.,5,AUTOMATED_CAPTION_CANDIDATE; human visual confirmation required,1,UNKNOWN,UNKNOWN
P086,10.1109/tro.2023.3275875,A,11,16,QUANTITATIVE_RESULT,Experiment results of circular and eight-type trajectories. First column: Tracking control of a CMR using the nominal controller in Lemma 1. Second,22,AUTOMATED_CAPTION_CANDIDATE; human visual confirmation required,1,UNKNOWN,UNKNOWN
P087,10.1109/tro.2024.3434208,A,1,1,UNCLASSIFIED,"Illustration of the dynamics of frictional contactsbetween rigid bodies,",9,AUTOMATED_CAPTION_CANDIDATE; human visual confirmation required,1,UNKNOWN,UNKNOWN
P087,10.1109/tro.2024.3434208,A,2,4,UNCLASSIFIED,The separation vector Φallows formulating the nonpenetration con-,8,AUTOMATED_CAPTION_CANDIDATE; human visual confirmation required,1,UNKNOWN,UNKNOWN
P087,10.1109/tro.2024.3434208,A,3,4,UNCLASSIFIED,Both the Signorini condition (Left) and Coulomb’s law (Right) induce,10,AUTOMATED_CAPTION_CANDIDATE; human visual confirmation required,1,UNKNOWN,UNKNOWN
P087,10.1109/tro.2024.3434208,A,4,5,PROBLEM,Underdetermined contact problem. The left and right contact forces,9,AUTOMATED_CAPTION_CANDIDATE; human visual confirmation required,1,UNKNOWN,UNKNOWN
P087,10.1109/tro.2024.3434208,A,5,6,UNCLASSIFIED,Simulation routines. When simulating rigid bodies with frictional,8,AUTOMATED_CAPTION_CANDIDATE; human visual confirmation required,1,UNKNOWN,UNKNOWN
P087,10.1109/tro.2024.3434208,A,6,7,UNCLASSIFIED,Cone linear approximation. Linearizing the friction cone induces a,9,AUTOMATED_CAPTION_CANDIDATE; human visual confirmation required,1,UNKNOWN,UNKNOWN
P087,10.1109/tro.2024.3434208,A,7,9,UNCLASSIFIED,"Bisection algorithm. When the contact point is sliding, λ(i)",9,AUTOMATED_CAPTION_CANDIDATE; human visual confirmation required,1,UNKNOWN,UNKNOWN
P087,10.1109/tro.2024.3434208,A,8,11,UNCLASSIFIED,"Robotics systems used for the experiments . The Solo-12 quadruped ( Left), the Talos humanoid ( Center), and the Allegro hand ( Right) allow to exhibit",26,AUTOMATED_CAPTION_CANDIDATE; human visual confirmation required,1,UNKNOWN,UNKNOWN
P087,10.1109/tro.2024.3434208,A,9,11,TRAJECTORY,Trajectory of a cube sliding on a plane. The cube is initialized with,13,AUTOMATED_CAPTION_CANDIDATE; human visual confirmation required,1,UNKNOWN,UNKNOWN
P087,10.1109/tro.2024.3434208,A,10,12,UNCLASSIFIED,A cube is initialized on a plane with a tangential velocity along the,13,AUTOMATED_CAPTION_CANDIDATE; human visual confirmation required,1,UNKNOWN,UNKNOWN
P087,10.1109/tro.2024.3434208,A,11,12,UNCLASSIFIED,Applying a linearly growing force along the x-axis to a cube on a,13,AUTOMATED_CAPTION_CANDIDATE; human visual confirmation required,1,UNKNOWN,UNKNOWN
P087,10.1109/tro.2024.3434208,A,12,12,UNCLASSIFIED,A cube is dragged on a plane along the x-axis similarly to the case,14,AUTOMATED_CAPTION_CANDIDATE; human visual confirmation required,1,UNKNOWN,UNKNOWN
P087,10.1109/tro.2024.3434208,A,13,12,UNCLASSIFIED,Simulation of ill-conditioned systems. Left: Stacking a heavy cube,9,AUTOMATED_CAPTION_CANDIDATE; human visual confirmation required,1,UNKNOWN,UNKNOWN
P087,10.1109/tro.2024.3434208,A,14,13,UNCLASSIFIED,Simulation of Solo-12 with varying compliance for the contacts with the ﬂoor .The robot is in a standing position and perturbed with an external horizontal,25,AUTOMATED_CAPTION_CANDIDATE; human visual confirmation required,1,UNKNOWN,UNKNOWN
P087,10.1109/tro.2024.3434208,A,15,13,UNCLASSIFIED,Self-consistency w.r .t. time-stepping when simulating a cube dragged,9,AUTOMATED_CAPTION_CANDIDATE; human visual confirmation required,1,UNKNOWN,UNKNOWN
P087,10.1109/tro.2024.3434208,A,16,14,PROBLEM,Convergence for contact problems on Solo (Top) and Talos (Bottom),10,AUTOMATED_CAPTION_CANDIDATE; human visual confirmation required,1,UNKNOWN,UNKNOWN
P087,10.1109/tro.2024.3434208,A,17,14,TRAJECTORY,Computational timings measured along a trajectory for three robotic,9,AUTOMATED_CAPTION_CANDIDATE; human visual confirmation required,1,UNKNOWN,UNKNOWN
P087,10.1109/tro.2024.3434208,A,18,14,UNCLASSIFIED,MPC for locomotion on a ﬂat terrain (Top left). The target horizontal,12,AUTOMATED_CAPTION_CANDIDATE; human visual confirmation required,1,UNKNOWN,UNKNOWN
P087,10.1109/tro.2024.3434208,A,19,14,UNCLASSIFIED,MPC for locomotion on a bumpy terrain (Top left ). The tracked,12,AUTOMATED_CAPTION_CANDIDATE; human visual confirmation required,1,UNKNOWN,UNKNOWN
P088,10.1109/tro.2023.3264950,A,1,1,UNCLASSIFIED,Top-down view of a workspace to illustrate an entanglement situation.,10,AUTOMATED_CAPTION_CANDIDATE; human visual confirmation required,1,UNKNOWN,UNKNOWN
P088,10.1109/tro.2023.3264950,A,2,4,UNCLASSIFIED,Example of generating a homotopy invariant (h-signature) of a curve:,10,AUTOMATED_CAPTION_CANDIDATE; human visual confirmation required,1,UNKNOWN,UNKNOWN
P088,10.1109/tro.2023.3264950,A,3,5,UNCLASSIFIED,"Overview of the system. The blocks in red are the core modules, for",13,AUTOMATED_CAPTION_CANDIDATE; human visual confirmation required,1,UNKNOWN,UNKNOWN
P088,10.1109/tro.2023.3264950,A,4,5,UNCLASSIFIED,Illustration of decentralized and asynchronous planning using a com-,9,AUTOMATED_CAPTION_CANDIDATE; human visual confirmation required,1,UNKNOWN,UNKNOWN
P088,10.1109/tro.2023.3264950,A,5,6,UNCLASSIFIED,Two tethered robots in a workspace consisting of three static obstacles. The yellow curve represents the cable of robot j and the yellow double dashed,25,AUTOMATED_CAPTION_CANDIDATE; human visual confirmation required,1,UNKNOWN,UNKNOWN
P088,10.1109/tro.2023.3264950,A,6,7,UNCLASSIFIED,Illustration of robot i crossing the extension line of robot j. Between,12,AUTOMATED_CAPTION_CANDIDATE; human visual confirmation required,1,UNKNOWN,UNKNOWN
P088,10.1109/tro.2023.3264950,A,7,7,UNCLASSIFIED,Two loops around the intersections among four segments.,8,AUTOMATED_CAPTION_CANDIDATE; human visual confirmation required,1,UNKNOWN,UNKNOWN
P088,10.1109/tro.2023.3264950,A,8,8,TRAJECTORY; QUANTITATIVE_RESULT,"Two UA Vs follow a series of movements, resulting in an entanglement situation. The black dashed paths indicate the paths followed by each robot till",25,AUTOMATED_CAPTION_CANDIDATE; human visual confirmation required,1,UNKNOWN,UNKNOWN
P088,10.1109/tro.2023.3264950,A,9,8,PROBLEM; SCENARIO,Three-robot entanglement scenario. The solid lines and curves show,9,AUTOMATED_CAPTION_CANDIDATE; human visual confirmation required,1,UNKNOWN,UNKNOWN
P088,10.1109/tro.2023.3264950,A,10,9,UNCLASSIFIED,Sequence of movements of robot i. Figures (a) and (b) only show a part of the workspace. Orange line segments are the shortened cable conﬁguration,25,AUTOMATED_CAPTION_CANDIDATE; human visual confirmation required,2,UNKNOWN,UNKNOWN
P088,10.1109/tro.2023.3264950,A,11,10,UNCLASSIFIED,"UA V j’s cable tails behind it, causing an expansion of the collision",13,AUTOMATED_CAPTION_CANDIDATE; human visual confirmation required,1,UNKNOWN,UNKNOWN
P088,10.1109/tro.2023.3264950,A,12,12,TRAJECTORY,Dashed rainbow curve is the trajectory obtained from the front-end trajectory ﬁnder. The solid rainbow curve is the optimized trajectory. Th e colors on,24,AUTOMATED_CAPTION_CANDIDATE; human visual confirmation required,1,UNKNOWN,UNKNOWN
P088,10.1109/tro.2023.3264950,A,13,13,QUANTITATIVE_RESULT,Comparison of computation time for single-robot planning. The,8,AUTOMATED_CAPTION_CANDIDATE; human visual confirmation required,1,UNKNOWN,UNKNOWN
P088,10.1109/tro.2023.3264950,A,14,14,TRAJECTORY; QUANTITATIVE_RESULT,Comparison of path/trajectory lengths for single-robot planning. The,8,AUTOMATED_CAPTION_CANDIDATE; human visual confirmation required,1,UNKNOWN,UNKNOWN
P088,10.1109/tro.2023.3264950,A,15,14,UNCLASSIFIED,Cyan line shows the shortest cable conﬁguration at the start. The blue,12,AUTOMATED_CAPTION_CANDIDATE; human visual confirmation required,1,UNKNOWN,UNKNOWN
P088,10.1109/tro.2023.3264950,A,16,14,QUANTITATIVE_RESULT,Comparison of computation time and success rate for multirobot,9,AUTOMATED_CAPTION_CANDIDATE; human visual confirmation required,1,UNKNOWN,UNKNOWN
P088,10.1109/tro.2023.3264950,A,17,15,UNCLASSIFIED,Illustration of a deadlock situation. Robot i’s cable has been crossed,11,AUTOMATED_CAPTION_CANDIDATE; human visual confirmation required,1,UNKNOWN,UNKNOWN
P088,10.1109/tro.2023.3264950,A,18,15,TRAJECTORY; QUANTITATIVE_RESULT,Comparison of path/trajectory lengths for multirobot planning.,7,AUTOMATED_CAPTION_CANDIDATE; human visual confirmation required,1,UNKNOWN,UNKNOWN
P088,10.1109/tro.2023.3264950,A,19,15,UNCLASSIFIED,Robot i starts at the green point and reaches the magenta point.,12,AUTOMATED_CAPTION_CANDIDATE; human visual confirmation required,1,UNKNOWN,UNKNOWN
P088,10.1109/tro.2023.3264950,A,20,15,UNCLASSIFIED,The starting positions of the UA Vs are evenly distributed,10,AUTOMATED_CAPTION_CANDIDATE; human visual confirmation required,1,UNKNOWN,UNKNOWN
P088,10.1109/tro.2023.3264950,A,21,16,UNCLASSIFIED,Experiment using thtree tethered UA Vs.,6,AUTOMATED_CAPTION_CANDIDATE; human visual confirmation required,1,UNKNOWN,UNKNOWN
P088,10.1109/tro.2023.3264950,A,22,17,UNCLASSIFIED,Plot of command trajectories and actual positions of a UA V during,12,AUTOMATED_CAPTION_CANDIDATE; human visual confirmation required,1,UNKNOWN,UNKNOWN
P088,10.1109/tro.2023.3264950,A,23,17,UNCLASSIFIED,3-D workspace consisting of a robot j and static obstacle 1. The solid,13,AUTOMATED_CAPTION_CANDIDATE; human visual confirmation required,1,UNKNOWN,UNKNOWN
P089,10.1109/tro.2026.3714645,A,1,1,UNCLASSIFIED,Overview of a fully autonomous hiking experiment using the ANYmal,10,AUTOMATED_CAPTION_CANDIDATE; human visual confirmation required,1,UNKNOWN,UNKNOWN
P089,10.1109/tro.2026.3714645,A,2,4,UNCLASSIFIED,"Illustration of the intended role, capabilities and information streams",9,AUTOMATED_CAPTION_CANDIDATE; human visual confirmation required,1,UNKNOWN,UNKNOWN
P089,10.1109/tro.2026.3714645,A,3,4,UNCLASSIFIED,The robot motion should be determined given absolute,8,AUTOMATED_CAPTION_CANDIDATE; human visual confirmation required,1,UNKNOWN,UNKNOWN
P089,10.1109/tro.2026.3714645,A,4,7,UNCLASSIFIED,"Structural overview of the factor graph design of HF proposed in this work. As depicted, IMU measurements drive the creation of the robot state. All",25,AUTOMATED_CAPTION_CANDIDATE; human visual confirmation required,1,UNKNOWN,UNKNOWN
P089,10.1109/tro.2026.3714645,A,5,9,UNCLASSIFIED,Visual summary of the state transformation steps in Algorithm 1.Top,10,AUTOMATED_CAPTION_CANDIDATE; human visual confirmation required,1,UNKNOWN,UNKNOWN
P089,10.1109/tro.2026.3714645,A,6,11,UNCLASSIFIED,Illustration of the high-rate state propagation and asynchronous,8,AUTOMATED_CAPTION_CANDIDATE; human visual confirmation required,1,UNKNOWN,UNKNOWN
P089,10.1109/tro.2026.3714645,A,7,11,MOTIVATION,Motivation and illustration of the smooth odometry generation by,9,AUTOMATED_CAPTION_CANDIDATE; human visual confirmation required,1,UNKNOWN,UNKNOWN
P089,10.1109/tro.2026.3714645,A,8,12,UNCLASSIFIED,Effect of the limited FL window of the smoother leading to variables,12,AUTOMATED_CAPTION_CANDIDATE; human visual confirmation required,1,UNKNOWN,UNKNOWN
P089,10.1109/tro.2026.3714645,A,9,12,UNCLASSIFIED,High-level overview of the software structure and examples. HF,9,AUTOMATED_CAPTION_CANDIDATE; human visual confirmation required,1,UNKNOWN,UNKNOWN
P089,10.1109/tro.2026.3714645,A,10,12,METHOD_FRAMEWORK,The HF framework is documented and in-line com-,8,AUTOMATED_CAPTION_CANDIDATE; human visual confirmation required,1,UNKNOWN,UNKNOWN
P089,10.1109/tro.2026.3714645,A,11,13,REAL_WORLD,Overview of the real-worldSeealpseeexperiment.Bottom row:,5,AUTOMATED_CAPTION_CANDIDATE; human visual confirmation required,1,UNKNOWN,UNKNOWN
P089,10.1109/tro.2026.3714645,A,12,14,SCENARIO; QUALITATIVE_RESULT; QUANTITATIVE_RESULT,Qualitative result for a local elevation map expressed in O vs. W for the,14,AUTOMATED_CAPTION_CANDIDATE; human visual confirmation required,1,UNKNOWN,UNKNOWN
P089,10.1109/tro.2026.3714645,A,13,14,UNCLASSIFIED,"(right) in three different keyframes each, the proposed",8,AUTOMATED_CAPTION_CANDIDATE; human visual confirmation required,1,UNKNOWN,UNKNOWN
P089,10.1109/tro.2026.3714645,A,14,15,UNCLASSIFIED,Umeyama alignment (dashed) and non-rigid local alignment around,8,AUTOMATED_CAPTION_CANDIDATE; human visual confirmation required,1,UNKNOWN,UNKNOWN
P089,10.1109/tro.2026.3714645,A,15,15,UNCLASSIFIED,Left:Visualization of the online and offline-estimated trajectories for,8,AUTOMATED_CAPTION_CANDIDATE; human visual confirmation required,1,UNKNOWN,UNKNOWN
P089,10.1109/tro.2026.3714645,A,16,15,UNCLASSIFIED,Left:Change in WtWM during online estimation with and without,9,AUTOMATED_CAPTION_CANDIDATE; human visual confirmation required,1,UNKNOWN,UNKNOWN
P089,10.1109/tro.2026.3714645,A,17,16,UNCLASSIFIED,CPU and memory usage over time for HF (i)without andii)with,10,AUTOMATED_CAPTION_CANDIDATE; human visual confirmation required,1,UNKNOWN,UNKNOWN
P089,10.1109/tro.2026.3714645,A,18,16,TRAJECTORY,shows estimated paths ofi)offline andii)online,5,AUTOMATED_CAPTION_CANDIDATE; human visual confirmation required,1,UNKNOWN,UNKNOWN
P089,10.1109/tro.2026.3714645,A,19,17,UNCLASSIFIED,Top-down view of the first four sequences of theindoor locomotion,10,AUTOMATED_CAPTION_CANDIDATE; human visual confirmation required,1,UNKNOWN,UNKNOWN
P089,10.1109/tro.2026.3714645,A,20,17,UNCLASSIFIED,Two top rows:absolute translation error of the different methods.,9,AUTOMATED_CAPTION_CANDIDATE; human visual confirmation required,1,UNKNOWN,UNKNOWN
P089,10.1109/tro.2026.3714645,A,21,17,UNCLASSIFIED,"Full run in theHelendaledesert, USA, in preparation of the",9,AUTOMATED_CAPTION_CANDIDATE; human visual confirmation required,1,UNKNOWN,UNKNOWN
P089,10.1109/tro.2026.3714645,A,22,17,UNCLASSIFIED,Visualization of TWMLIO at full IMU rate throughi)simple numerical,9,AUTOMATED_CAPTION_CANDIDATE; human visual confirmation required,1,UNKNOWN,UNKNOWN
P089,10.1109/tro.2026.3714645,A,23,18,SCENARIO,"Created maps for theOberglatt, Switzerland experiment using",7,AUTOMATED_CAPTION_CANDIDATE; human visual confirmation required,1,UNKNOWN,UNKNOWN
P089,10.1109/tro.2026.3714645,A,24,18,UNCLASSIFIED,"Estimated translation drift for theOberglatt, Switzerland experiment.",7,AUTOMATED_CAPTION_CANDIDATE; human visual confirmation required,1,UNKNOWN,UNKNOWN
P089,10.1109/tro.2026.3714645,A,25,18,UNCLASSIFIED,Translation/orientation alignment error for theETH Zurich campus,7,AUTOMATED_CAPTION_CANDIDATE; human visual confirmation required,1,UNKNOWN,UNKNOWN
P090,10.1109/tro.2025.3593109,A,1,2,UNCLASSIFIED,These ﬁgures illustrate the need for using good initializations for optimization-based motion planning methods when there are narrow passages in the,21,AUTOMATED_CAPTION_CANDIDATE; human visual confirmation required,1,UNKNOWN,UNKNOWN
P090,10.1109/tro.2025.3593109,A,2,4,UNCLASSIFIED,shows an overview of the inference process.,7,AUTOMATED_CAPTION_CANDIDATE; human visual confirmation required,1,UNKNOWN,UNKNOWN
P090,10.1109/tro.2025.3593109,A,3,9,QUANTITATIVE_RESULT,"Resulting trajectories when using linear phase-time scaling. In (a),",9,AUTOMATED_CAPTION_CANDIDATE; human visual confirmation required,1,UNKNOWN,UNKNOWN
P090,10.1109/tro.2025.3593109,A,4,10,UNCLASSIFIED,Visualization of the Franka Emika Panda ﬁnite collision spheres model,10,AUTOMATED_CAPTION_CANDIDATE; human visual confirmation required,1,UNKNOWN,UNKNOWN
P090,10.1109/tro.2025.3593109,A,5,12,SCENARIO,"Environments used for the motion planning experiments, with different robot models and increasing complexity. In 2-D tasks the robots are dep icted in",23,AUTOMATED_CAPTION_CANDIDATE; human visual confirmation required,1,UNKNOWN,UNKNOWN
P090,10.1109/tro.2025.3593109,A,6,13,QUANTITATIVE_RESULT,Performance metrics for different algorithms on the tasks from Fig. 5. The results report the swarm plot of sampling 100 contexts from the test set and,26,AUTOMATED_CAPTION_CANDIDATE; human visual confirmation required,1,UNKNOWN,UNKNOWN
P090,10.1109/tro.2025.3593109,A,7,14,UNCLASSIFIED,Computation times breakdown for sampling 100 trajectories with MPD,9,AUTOMATED_CAPTION_CANDIDATE; human visual confirmation required,1,UNKNOWN,UNKNOWN
P090,10.1109/tro.2025.3593109,A,8,14,TRAJECTORY,"(Left) computation time and success rate, and (right) shortest path",10,AUTOMATED_CAPTION_CANDIDATE; human visual confirmation required,1,UNKNOWN,UNKNOWN
P090,10.1109/tro.2025.3593109,A,9,14,UNCLASSIFIED,shows an example of a planning task in the,9,AUTOMATED_CAPTION_CANDIDATE; human visual confirmation required,1,UNKNOWN,UNKNOWN
P090,10.1109/tro.2025.3593109,A,10,15,UNCLASSIFIED,Example of multimodal trajectories executed in the warehouse en-,9,AUTOMATED_CAPTION_CANDIDATE; human visual confirmation required,1,UNKNOWN,UNKNOWN
P090,10.1109/tro.2025.3593109,A,11,15,UNCLASSIFIED,Beneﬁts of sampling with MPD instead of ﬁrst sampling from the prior,12,AUTOMATED_CAPTION_CANDIDATE; human visual confirmation required,1,UNKNOWN,UNKNOWN
P090,10.1109/tro.2025.3593109,A,12,16,UNCLASSIFIED,KDE plots of the smoothness distribution of all contexts in all tasks,12,AUTOMATED_CAPTION_CANDIDATE; human visual confirmation required,1,UNKNOWN,UNKNOWN
P090,10.1109/tro.2025.3593109,A,13,16,QUANTITATIVE_RESULT,MPD results in the EnvSimple2D-RobotPointMass2D task using,7,AUTOMATED_CAPTION_CANDIDATE; human visual confirmation required,1,UNKNOWN,UNKNOWN
P090,10.1109/tro.2025.3593109,A,14,16,UNCLASSIFIED,Computation times for denoising a batch of 1000 trajectories with,10,AUTOMATED_CAPTION_CANDIDATE; human visual confirmation required,1,UNKNOWN,UNKNOWN
P090,10.1109/tro.2025.3593109,A,15,17,UNCLASSIFIED,(Top) Human demonstrations via kinesthetic teaching for a pick-,9,AUTOMATED_CAPTION_CANDIDATE; human visual confirmation required,1,UNKNOWN,UNKNOWN
P090,10.1109/tro.2025.3593109,A,16,17,UNCLASSIFIED,(a) As the demonstrations did not include the objects placed on the,12,AUTOMATED_CAPTION_CANDIDATE; human visual confirmation required,1,UNKNOWN,UNKNOWN
P091,10.1109/tro.2021.3080235,A,1,1,UNCLASSIFIED,32 agents using MADER to plan trajectories in,8,AUTOMATED_CAPTION_CANDIDATE; human visual confirmation required,1,UNKNOWN,UNKNOWN
P091,10.1109/tro.2021.3080235,A,2,2,UNCLASSIFIED,Contributions of MADER.,3,AUTOMATED_CAPTION_CANDIDATE; human visual confirmation required,1,UNKNOWN,UNKNOWN
P091,10.1109/tro.2021.3080235,A,3,5,QUANTITATIVE_RESULT,"Comparison of the volumes, areas and lengths",7,AUTOMATED_CAPTION_CANDIDATE; human visual confirmation required,1,UNKNOWN,UNKNOWN
P091,10.1109/tro.2021.3080235,A,4,5,UNCLASSIFIED,"To impose collision-free constraints, MADER",5,AUTOMATED_CAPTION_CANDIDATE; human visual confirmation required,1,UNKNOWN,UNKNOWN
P091,10.1109/tro.2021.3080235,A,5,6,TRAJECTORY,Example of a trajectory avoiding a dynamic obstacle. The obstacle has a box-like shape and is moving following,18,AUTOMATED_CAPTION_CANDIDATE; human visual confirmation required,1,UNKNOWN,UNKNOWN
P091,10.1109/tro.2021.3080235,A,6,6,UNCLASSIFIED,Collision-free constraints between agent 2 and both the obstacle 0 and agent 1. This ﬁgure is from the view of,20,AUTOMATED_CAPTION_CANDIDATE; human visual confirmation required,1,UNKNOWN,UNKNOWN
P091,10.1109/tro.2021.3080235,A,7,8,UNCLASSIFIED,Example of the trajectories found by the Octopus,8,AUTOMATED_CAPTION_CANDIDATE; human visual confirmation required,1,UNKNOWN,UNKNOWN
P091,10.1109/tro.2021.3080235,A,8,9,UNCLASSIFIED,Deconﬂiction between agents. Each agent includes the trajectories other agents have committed to as constraints,15,AUTOMATED_CAPTION_CANDIDATE; human visual confirmation required,1,UNKNOWN,UNKNOWN
P091,10.1109/tro.2021.3080235,A,9,9,UNCLASSIFIED,"At t = tA,h",4,AUTOMATED_CAPTION_CANDIDATE; human visual confirmation required,1,UNKNOWN,UNKNOWN
P091,10.1109/tro.2021.3080235,A,10,10,SCENARIO,Corridor environment of size 73 m× 4 m×,8,AUTOMATED_CAPTION_CANDIDATE; human visual confirmation required,1,UNKNOWN,UNKNOWN
P091,10.1109/tro.2021.3080235,A,11,10,UNCLASSIFIED,Boxplots and normalized histograms of the,6,AUTOMATED_CAPTION_CANDIDATE; human visual confirmation required,1,UNKNOWN,UNKNOWN
P091,10.1109/tro.2021.3080235,A,12,11,UNCLASSIFIED,Time to reach the goal and number of times,9,AUTOMATED_CAPTION_CANDIDATE; human visual confirmation required,1,UNKNOWN,UNKNOWN
P091,10.1109/tro.2021.3080235,A,13,12,UNCLASSIFIED,Time notation for the algorithms that have,7,AUTOMATED_CAPTION_CANDIDATE; human visual confirmation required,1,UNKNOWN,UNKNOWN
P091,10.1109/tro.2021.3080235,A,14,13,SCENARIO; QUANTITATIVE_RESULT,"Results for the circle environment, that contains 25 static obstacles (pillars) and 25 dynamic obstacles (boxes).",16,AUTOMATED_CAPTION_CANDIDATE; human visual confirmation required,1,UNKNOWN,UNKNOWN
P091,10.1109/tro.2021.3080235,A,15,13,SCENARIO; QUANTITATIVE_RESULT,"Results for the sphere environment, that contains 18 static obstacles (pillars) and 52 dynamic obstacles (boxes",16,AUTOMATED_CAPTION_CANDIDATE; human visual confirmation required,1,UNKNOWN,UNKNOWN
P092,10.1109/tsmc.2026.3720408,A,1,1,UNCLASSIFIED,Personal Space Zones in Human Proxemics.,6,AUTOMATED_CAPTION_CANDIDATE; human visual confirmation required,1,UNKNOWN,UNKNOWN
P092,10.1109/tsmc.2026.3720408,A,2,4,METHOD_FRAMEWORK,Overview of the proposed LR-MPC algorithm. The algorithm consists of two phases: offline risk learning and online adaptive inference. In the offline,22,AUTOMATED_CAPTION_CANDIDATE; human visual confirmation required,1,UNKNOWN,UNKNOWN
P092,10.1109/tsmc.2026.3720408,A,3,6,UNCLASSIFIED,Robot Crowd Navigation.,3,AUTOMATED_CAPTION_CANDIDATE; human visual confirmation required,1,UNKNOWN,UNKNOWN
P092,10.1109/tsmc.2026.3720408,A,4,8,SCENARIO,Zone Entry and Time Ratios in Obstacle-Free Environment with,9,AUTOMATED_CAPTION_CANDIDATE; human visual confirmation required,1,UNKNOWN,UNKNOWN
P092,10.1109/tsmc.2026.3720408,A,5,8,SCENARIO,Zone Entry and Time Ratios in Environment with Obstacles and,10,AUTOMATED_CAPTION_CANDIDATE; human visual confirmation required,1,UNKNOWN,UNKNOWN
P092,10.1109/tsmc.2026.3720408,A,6,8,SCENARIO; QUANTITATIVE_RESULT,"depict results in obstacle-free environments, with and",7,AUTOMATED_CAPTION_CANDIDATE; human visual confirmation required,1,UNKNOWN,UNKNOWN
P092,10.1109/tsmc.2026.3720408,A,7,9,SCENARIO,Zone Entry and Time Ratios in Environment with Obstacles and,10,AUTOMATED_CAPTION_CANDIDATE; human visual confirmation required,1,UNKNOWN,UNKNOWN
P092,10.1109/tsmc.2026.3720408,A,8,9,REAL_WORLD,Experimental platform for real-world experiment.,5,AUTOMATED_CAPTION_CANDIDATE; human visual confirmation required,1,UNKNOWN,UNKNOWN
P092,10.1109/tsmc.2026.3720408,A,9,10,QUALITATIVE_RESULT; REAL_WORLD,"Snapshots from real-world experiments using LR-MPC are presented at six representative time points: 2.06 s, 44.30 s, 52.36 s, 60.52 s, 64.56 s, and",24,AUTOMATED_CAPTION_CANDIDATE; human visual confirmation required,1,UNKNOWN,UNKNOWN
P092,10.1109/tsmc.2026.3720408,A,10,11,QUANTITATIVE_RESULT,"Comparison of the navigation processes of five algorithms: (a) ORCA, (b) SF, (c) AttnRNN, (d) HR-MPC, and (e) LR-MPC. The yellow circle",22,AUTOMATED_CAPTION_CANDIDATE; human visual confirmation required,5,UNKNOWN,UNKNOWN
P093,10.1109/tsmc.2025.3551291,A,1,3,UNCLASSIFIED,"Flowchart of DRL dynamic obstacle avoidance control algorithm. The critic network outputs the predicted value of Q at time step t, while the target",24,AUTOMATED_CAPTION_CANDIDATE; human visual confirmation required,1,UNKNOWN,UNKNOWN
P093,10.1109/tsmc.2025.3551291,A,2,4,TRAJECTORY,Trajectory constraints of nonholonomic kinematics.,5,AUTOMATED_CAPTION_CANDIDATE; human visual confirmation required,1,UNKNOWN,UNKNOWN
P093,10.1109/tsmc.2025.3551291,A,3,5,PROBLEM; SCENARIO,Simulation scenario and trajectories.,4,AUTOMATED_CAPTION_CANDIDATE; human visual confirmation required,1,UNKNOWN,UNKNOWN
P093,10.1109/tsmc.2025.3551291,A,4,7,TRAJECTORY,Trajectory of motion in experiments.,5,AUTOMATED_CAPTION_CANDIDATE; human visual confirmation required,1,UNKNOWN,UNKNOWN
P093,10.1109/tsmc.2025.3551291,A,5,7,UNCLASSIFIED,Average reward curves applying both pretrain and CBF methods.,9,AUTOMATED_CAPTION_CANDIDATE; human visual confirmation required,1,UNKNOWN,UNKNOWN
P093,10.1109/tsmc.2025.3551291,A,6,7,UNCLASSIFIED,Average reward curves applying pretrain but without the CBF method.,10,AUTOMATED_CAPTION_CANDIDATE; human visual confirmation required,1,UNKNOWN,UNKNOWN
P093,10.1109/tsmc.2025.3551291,A,7,8,UNCLASSIFIED,Average reward curves applying neither pretrain nor CBF methods.,9,AUTOMATED_CAPTION_CANDIDATE; human visual confirmation required,1,UNKNOWN,UNKNOWN
P094,10.1109/tsmc.2023.3299237,A,1,3,UNCLASSIFIED,Coordination system illustration and inspection preferences.,6,AUTOMATED_CAPTION_CANDIDATE; human visual confirmation required,1,UNKNOWN,UNKNOWN
P094,10.1109/tsmc.2023.3299237,A,2,9,PROBLEM; SCENARIO,Simulation scenario with synthetic features in red dot and camera,10,AUTOMATED_CAPTION_CANDIDATE; human visual confirmation required,1,UNKNOWN,UNKNOWN
P094,10.1109/tsmc.2023.3299237,A,3,9,UNCLASSIFIED,"Plane vectors nnnπ,a n ddπ in colors w.r.t ground-truth in black-dashed",11,AUTOMATED_CAPTION_CANDIDATE; human visual confirmation required,1,UNKNOWN,UNKNOWN
P094,10.1109/tsmc.2023.3299237,A,4,9,UNCLASSIFIED,Errors ennnπ and edπ under different translation velocities vx =,10,AUTOMATED_CAPTION_CANDIDATE; human visual confirmation required,1,UNKNOWN,UNKNOWN
P094,10.1109/tsmc.2023.3299237,A,5,9,UNCLASSIFIED,"Errors ennnπ and edπ under different feature richness, with ns =",11,AUTOMATED_CAPTION_CANDIDATE; human visual confirmation required,1,UNKNOWN,UNKNOWN
P094,10.1109/tsmc.2023.3299237,A,6,9,QUANTITATIVE_RESULT,Estimation result of the proposed result versus an EKF estimator,10,AUTOMATED_CAPTION_CANDIDATE; human visual confirmation required,1,UNKNOWN,UNKNOWN
P094,10.1109/tsmc.2023.3299237,A,7,9,UNCLASSIFIED,Errors ennnπ and edπ of the proposed method versus an EKF estimator,12,AUTOMATED_CAPTION_CANDIDATE; human visual confirmation required,1,UNKNOWN,UNKNOWN
P094,10.1109/tsmc.2023.3299237,A,8,10,UNCLASSIFIED,Plane estimation of our proposed method subject to a velocity,10,AUTOMATED_CAPTION_CANDIDATE; human visual confirmation required,1,UNKNOWN,UNKNOWN
P094,10.1109/tsmc.2023.3299237,A,9,10,UNCLASSIFIED,Median values of ennnπ and edπ for increasing level of measurement,11,AUTOMATED_CAPTION_CANDIDATE; human visual confirmation required,1,UNKNOWN,UNKNOWN
P094,10.1109/tsmc.2023.3299237,A,10,10,UNCLASSIFIED,Median values of ennnπ and edπ for increasing level of velocity,11,AUTOMATED_CAPTION_CANDIDATE; human visual confirmation required,1,UNKNOWN,UNKNOWN
P094,10.1109/tsmc.2023.3299237,A,11,10,TRAJECTORY,Plane-following trajectory w.r.t two connected planes.,6,AUTOMATED_CAPTION_CANDIDATE; human visual confirmation required,1,UNKNOWN,UNKNOWN
P094,10.1109/tsmc.2023.3299237,A,12,10,UNCLASSIFIED,Velocity and control output of plane following.,7,AUTOMATED_CAPTION_CANDIDATE; human visual confirmation required,1,UNKNOWN,UNKNOWN
P094,10.1109/tsmc.2023.3299237,A,13,10,SENSITIVITY,Plane parameters estimation with the original estimation in solid,9,AUTOMATED_CAPTION_CANDIDATE; human visual confirmation required,1,UNKNOWN,UNKNOWN
P094,10.1109/tsmc.2023.3299237,A,14,11,UNCLASSIFIED,Plane following error eee deﬁned in (36).,7,AUTOMATED_CAPTION_CANDIDATE; human visual confirmation required,1,UNKNOWN,UNKNOWN
P094,10.1109/tsmc.2023.3299237,A,15,11,UNCLASSIFIED,"DJI M100 platform with onboard sensors (cameras, LiDAR) and",9,AUTOMATED_CAPTION_CANDIDATE; human visual confirmation required,1,UNKNOWN,UNKNOWN
P094,10.1109/tsmc.2023.3299237,A,16,11,REAL_WORLD,Software & data ﬂow of the experiment platform for the inspection,11,AUTOMATED_CAPTION_CANDIDATE; human visual confirmation required,1,UNKNOWN,UNKNOWN
P094,10.1109/tsmc.2023.3299237,A,17,11,UNCLASSIFIED,Inspection trajectories (green curves) w.r.t. a building (white point,9,AUTOMATED_CAPTION_CANDIDATE; human visual confirmation required,1,UNKNOWN,UNKNOWN
P094,10.1109/tsmc.2023.3299237,A,18,11,SENSITIVITY,"Plane parameters updates nnn′π and ˆd′π, compared to the separation",10,AUTOMATED_CAPTION_CANDIDATE; human visual confirmation required,1,UNKNOWN,UNKNOWN
P094,10.1109/tsmc.2023.3299237,A,19,12,UNCLASSIFIED,"Plane estimation error, the normal vector estimation error ennnπ and",10,AUTOMATED_CAPTION_CANDIDATE; human visual confirmation required,1,UNKNOWN,UNKNOWN
P094,10.1109/tsmc.2023.3299237,A,20,12,TRAJECTORY,"Velocity of the inspection trajectory, with vr = 0.5m / s .",12,AUTOMATED_CAPTION_CANDIDATE; human visual confirmation required,1,UNKNOWN,UNKNOWN
P094,10.1109/tsmc.2023.3299237,A,21,12,UNCLASSIFIED,Control uuu with constraints ∥uuu∥∞ ≤ 0.5m /s2.,8,AUTOMATED_CAPTION_CANDIDATE; human visual confirmation required,1,UNKNOWN,UNKNOWN
P094,10.1109/tsmc.2023.3299237,A,22,12,UNCLASSIFIED,"errors eee, include separation distance error eee(1), round displacement",9,AUTOMATED_CAPTION_CANDIDATE; human visual confirmation required,1,UNKNOWN,UNKNOWN
P095,10.1109/tvt.2025.3596466,A,1,2,METHOD_FRAMEWORK; SCENARIO; TRAJECTORY; ROBUSTNESS,Overall framework for enhancing the robustness of UA V search path planning. (a) Environment. (b) Agent. (c) Agent after Adv-SR attacked. (d) A gent,24,AUTOMATED_CAPTION_CANDIDATE; human visual confirmation required,4,UNKNOWN,UNKNOWN
P095,10.1109/tvt.2025.3596466,A,2,3,PROBLEM; SCENARIO,Scenario of the UA V search for ground-trapped devices.,9,AUTOMATED_CAPTION_CANDIDATE; human visual confirmation required,1,UNKNOWN,UNKNOWN
P095,10.1109/tvt.2025.3596466,A,3,4,UNCLASSIFIED,"In this algorithm, the task execution process of the UA V",11,AUTOMATED_CAPTION_CANDIDATE; human visual confirmation required,1,UNKNOWN,UNKNOWN
P095,10.1109/tvt.2025.3596466,A,4,5,METHOD_FRAMEWORK,Adv-SR method framework.,3,AUTOMATED_CAPTION_CANDIDATE; human visual confirmation required,1,UNKNOWN,UNKNOWN
P095,10.1109/tvt.2025.3596466,A,5,7,METHOD_FRAMEWORK,Framework of the Def-SR method.,5,AUTOMATED_CAPTION_CANDIDATE; human visual confirmation required,1,UNKNOWN,UNKNOWN
P095,10.1109/tvt.2025.3596466,A,6,9,TRAJECTORY,Path and reward for ground-trapped device search path planning using,10,AUTOMATED_CAPTION_CANDIDATE; human visual confirmation required,1,UNKNOWN,UNKNOWN
P095,10.1109/tvt.2025.3596466,A,7,10,TRAJECTORY; QUANTITATIVE_RESULT; ROBUSTNESS,"Results from the UA V agent’s ﬂy path, rewards, number of located devices and number of ﬂight steps under the disturbance of three attack methods",25,AUTOMATED_CAPTION_CANDIDATE; human visual confirmation required,1,UNKNOWN,UNKNOWN
P095,10.1109/tvt.2025.3596466,A,8,10,METHOD_FRAMEWORK,Framework of the Def-SR method. (a) 50. (b) 100. (c) 150. (d) 200.,13,AUTOMATED_CAPTION_CANDIDATE; human visual confirmation required,4,UNKNOWN,UNKNOWN
P095,10.1109/tvt.2025.3596466,A,9,11,TRAJECTORY; QUANTITATIVE_RESULT,"Results from the UA V agent based on the DDQN algorithm under three defense methods in terms of the ﬂy path, reward, number of located devices and",27,AUTOMATED_CAPTION_CANDIDATE; human visual confirmation required,1,UNKNOWN,UNKNOWN
P095,10.1109/tvt.2025.3596466,A,10,12,UNCLASSIFIED,"The radar plot comparing the success rate of UA V localization, mission completion, and obstacle avoidance. (a) Localization rates. (b) Mission completion",22,AUTOMATED_CAPTION_CANDIDATE; human visual confirmation required,2,UNKNOWN,UNKNOWN
P096,10.1109/tvt.2025.3606201,A,1,3,PROBLEM; SCENARIO,demonstrates an exemplary scenario located in a cen-,8,AUTOMATED_CAPTION_CANDIDATE; human visual confirmation required,1,UNKNOWN,UNKNOWN
P096,10.1109/tvt.2025.3606201,A,2,4,SCENARIO; REAL_WORLD,"First, the real-world 3D building map and BS map are",10,AUTOMATED_CAPTION_CANDIDATE; human visual confirmation required,1,UNKNOWN,UNKNOWN
P096,10.1109/tvt.2025.3606201,A,3,11,SCENARIO,"3D building maps of the considered areas. (a) Kamppi, Helsinki: latitude (60.163N, 60.167N), longitude (24.924E, 24.936E). (b) Chiyoda, Tok yo: latitude",21,AUTOMATED_CAPTION_CANDIDATE; human visual confirmation required,2,UNKNOWN,UNKNOWN
P096,10.1109/tvt.2025.3606201,A,4,12,SCENARIO,"SINR maps and TOP maps, where the non-residential zones are trimmed from the 1 km 2 areas. (a) SINR map in Kamppi, Helsinki. (b) SINR map in",27,AUTOMATED_CAPTION_CANDIDATE; human visual confirmation required,2,UNKNOWN,UNKNOWN
P096,10.1109/tvt.2025.3606201,A,5,13,QUANTITATIVE_RESULT; ABLATION,"Reward comparison in different experiments: (a) performance study, (b)-(c) ablation study, (d) geographical study. (a) Reward comparison w ith DRL",20,AUTOMATED_CAPTION_CANDIDATE; human visual confirmation required,4,UNKNOWN,UNKNOWN
P096,10.1109/tvt.2025.3606201,A,6,14,QUANTITATIVE_RESULT; ABLATION,"Performance metrics in different experiments: (a) performance study, (b)-(c) scalability study, (d) ablation study. (a) Performance compa rison with DRL",20,AUTOMATED_CAPTION_CANDIDATE; human visual confirmation required,4,UNKNOWN,UNKNOWN
P096,10.1109/tvt.2025.3606201,A,7,15,UNCLASSIFIED,"UA V trajectories in the geographical study, where darker colors represent higher buildings. (a) UA V trajectories in Kamppi, Helsinki. (b) UA V trajectories",24,AUTOMATED_CAPTION_CANDIDATE; human visual confirmation required,2,UNKNOWN,UNKNOWN
P096,10.1109/tvt.2025.3606201,A,8,15,TRAJECTORY,Evaluation of the emergency braking mechanism. (a) Principle of the emergency braking mechanism. (b) Synthetic UA V trajectory for demonstra tion.,21,AUTOMATED_CAPTION_CANDIDATE; human visual confirmation required,2,UNKNOWN,UNKNOWN
P097,10.1109/tvt.2024.3389555,A,1,3,UNCLASSIFIED,Schematic diagram of relative position between the virtual leader UA V,11,AUTOMATED_CAPTION_CANDIDATE; human visual confirmation required,1,UNKNOWN,UNKNOWN
P097,10.1109/tvt.2024.3389555,A,2,4,UNCLASSIFIED,Schematic diagram of the follower UA V swarm formation controller.,10,AUTOMATED_CAPTION_CANDIDATE; human visual confirmation required,1,UNKNOWN,UNKNOWN
P097,10.1109/tvt.2024.3389555,A,3,4,UNCLASSIFIED,Schematic diagram of virtual leader-follower structure coordinate,7,AUTOMATED_CAPTION_CANDIDATE; human visual confirmation required,1,UNKNOWN,UNKNOWN
P097,10.1109/tvt.2024.3389555,A,4,4,UNCLASSIFIED,Schematic diagram of multi-UA V adaptive formation transformation,8,AUTOMATED_CAPTION_CANDIDATE; human visual confirmation required,1,UNKNOWN,UNKNOWN
P097,10.1109/tvt.2024.3389555,A,5,4,UNCLASSIFIED,Schematic diagram of the attraction mechanism and repulsion mech-,9,AUTOMATED_CAPTION_CANDIDATE; human visual confirmation required,1,UNKNOWN,UNKNOWN
P097,10.1109/tvt.2024.3389555,A,6,5,METHOD_FRAMEWORK,Hierarchical framework for multi-UA V formation.,6,AUTOMATED_CAPTION_CANDIDATE; human visual confirmation required,1,UNKNOWN,UNKNOWN
P097,10.1109/tvt.2024.3389555,A,7,5,UNCLASSIFIED,Network structure of a single agent in MA TD3.,9,AUTOMATED_CAPTION_CANDIDATE; human visual confirmation required,1,UNKNOWN,UNKNOWN
P097,10.1109/tvt.2024.3389555,A,8,7,SCENARIO,Environment perception model based on LSTM.,6,AUTOMATED_CAPTION_CANDIDATE; human visual confirmation required,1,UNKNOWN,UNKNOWN
P097,10.1109/tvt.2024.3389555,A,9,7,UNCLASSIFIED,Structure of PF-LSTM-MA TD3 network.,5,AUTOMATED_CAPTION_CANDIDATE; human visual confirmation required,1,UNKNOWN,UNKNOWN
P097,10.1109/tvt.2024.3389555,A,10,8,TRAJECTORY,Hierarchical PF-LSTM-MA TD3 training mechanism for multi-UA V adaptive cooperative formation trajectory planning.,13,AUTOMATED_CAPTION_CANDIDATE; human visual confirmation required,1,UNKNOWN,UNKNOWN
P097,10.1109/tvt.2024.3389555,A,11,10,UNCLASSIFIED,"Episode reward curves of MADDPG, MA TD3 and PF-LSTM-",9,AUTOMATED_CAPTION_CANDIDATE; human visual confirmation required,1,UNKNOWN,UNKNOWN
P097,10.1109/tvt.2024.3389555,A,12,11,TRAJECTORY,Simulation and analysis of the multi-UA V formation cooperative trajectory planning based on MADDPG. (a) 3-D view of trajectory planning. (b ),22,AUTOMATED_CAPTION_CANDIDATE; human visual confirmation required,1,UNKNOWN,UNKNOWN
P097,10.1109/tvt.2024.3389555,A,13,11,TRAJECTORY,Simulation and analysis of the multi-UA V formation cooperative trajectory planning based on MA TD3. (a) 3-D view of trajectory planning. (b) XZ-plane,23,AUTOMATED_CAPTION_CANDIDATE; human visual confirmation required,2,UNKNOWN,UNKNOWN
P097,10.1109/tvt.2024.3389555,A,14,12,TRAJECTORY,Simulation and analysis of the multi-UA V formation cooperative trajectory planning based on PF-LSTM-MA TD3. (a) 3-D view of trajectory plan ning.,22,AUTOMATED_CAPTION_CANDIDATE; human visual confirmation required,1,UNKNOWN,UNKNOWN
P097,10.1109/tvt.2024.3389555,A,15,12,UNCLASSIFIED,Multi-UA V formation trained by MADDPG and MA TD3 respectively cannot pass through the narrow passage. (a) Multi-UA V formation trained by,22,AUTOMATED_CAPTION_CANDIDATE; human visual confirmation required,1,UNKNOWN,UNKNOWN
P097,10.1109/tvt.2024.3389555,A,16,13,UNCLASSIFIED,Multi-UA V formation trained by PF-LSTM-MA TD3 succeeds in traversing the narrow passage. (a) T = 8 s (three-dimensional view). (b) T = 25 s,25,AUTOMATED_CAPTION_CANDIDATE; human visual confirmation required,2,UNKNOWN,UNKNOWN
P097,10.1109/tvt.2024.3389555,A,17,14,SCENARIO; TRAJECTORY,Simulation and analysis of the multi-UA V formation cooperative trajectory planning based on PF-LSTM-MA TD3 in an environment with narrow,20,AUTOMATED_CAPTION_CANDIDATE; human visual confirmation required,1,UNKNOWN,UNKNOWN
P098,10.1109/tvt.2023.3262778,A,1,4,UNCLASSIFIED,System model,2,AUTOMATED_CAPTION_CANDIDATE; human visual confirmation required,1,UNKNOWN,UNKNOWN
P098,10.1109/tvt.2023.3262778,A,2,9,METHOD_FRAMEWORK,The learning framework for joint network formation and,8,AUTOMATED_CAPTION_CANDIDATE; human visual confirmation required,1,UNKNOWN,UNKNOWN
P098,10.1109/tvt.2023.3262778,A,3,9,UNCLASSIFIED,Bayesian optimization enhanced MADDPG (BO-MADDPG).,5,AUTOMATED_CAPTION_CANDIDATE; human visual confirmation required,1,UNKNOWN,UNKNOWN
P098,10.1109/tvt.2023.3262778,A,4,11,UNCLASSIFIED,indicate the ﬂying locations of different UA Vs. Each,9,AUTOMATED_CAPTION_CANDIDATE; human visual confirmation required,1,UNKNOWN,UNKNOWN
P098,10.1109/tvt.2023.3262778,A,5,12,UNCLASSIFIED,shows the size of sensing data collected by different,9,AUTOMATED_CAPTION_CANDIDATE; human visual confirmation required,1,UNKNOWN,UNKNOWN
P098,10.1109/tvt.2023.3262778,A,6,12,QUANTITATIVE_RESULT,Convergence performance of different MADDPG algorithms.,6,AUTOMATED_CAPTION_CANDIDATE; human visual confirmation required,1,UNKNOWN,UNKNOWN
P098,10.1109/tvt.2023.3262778,A,7,13,UNCLASSIFIED,Adaptive network formation along the UA Vs’ trajectories.,8,AUTOMATED_CAPTION_CANDIDATE; human visual confirmation required,1,UNKNOWN,UNKNOWN
P098,10.1109/tvt.2023.3262778,A,8,13,UNCLASSIFIED,Reduced costs and enhanced load balance in Algorithm 1.,9,AUTOMATED_CAPTION_CANDIDATE; human visual confirmation required,1,UNKNOWN,UNKNOWN
P098,10.1109/tvt.2023.3262778,A,9,14,UNCLASSIFIED,Adaptive network formation improves the reward and ofﬂoad-,8,AUTOMATED_CAPTION_CANDIDATE; human visual confirmation required,1,UNKNOWN,UNKNOWN
P098,10.1109/tvt.2023.3262778,A,10,14,UNCLASSIFIED,Adaptive network formation improves the time efﬁciency,7,AUTOMATED_CAPTION_CANDIDATE; human visual confirmation required,1,UNKNOWN,UNKNOWN
P099,10.1109/tvt.2024.3383352,A,1,8,UNCLASSIFIED,The time-varying topologies.,3,AUTOMATED_CAPTION_CANDIDATE; human visual confirmation required,1,UNKNOWN,UNKNOWN
P099,10.1109/tvt.2024.3383352,A,2,8,UNCLASSIFIED,The process of achieving time-varying formation under fixed topology.,9,AUTOMATED_CAPTION_CANDIDATE; human visual confirmation required,1,UNKNOWN,UNKNOWN
P099,10.1109/tvt.2024.3383352,A,3,8,UNCLASSIFIED,The change of the input of the controller under fixed topology.,11,AUTOMATED_CAPTION_CANDIDATE; human visual confirmation required,1,UNKNOWN,UNKNOWN
P099,10.1109/tvt.2024.3383352,A,4,8,UNCLASSIFIED,The connection status of different links in 50 time steps.,10,AUTOMATED_CAPTION_CANDIDATE; human visual confirmation required,1,UNKNOWN,UNKNOWN
P099,10.1109/tvt.2024.3383352,A,5,8,UNCLASSIFIED,"illustrates the formation process, where the time-",7,AUTOMATED_CAPTION_CANDIDATE; human visual confirmation required,1,UNKNOWN,UNKNOWN
P099,10.1109/tvt.2024.3383352,A,6,9,UNCLASSIFIED,The control input under dynamics topologies.,6,AUTOMATED_CAPTION_CANDIDATE; human visual confirmation required,1,UNKNOWN,UNKNOWN
P099,10.1109/tvt.2024.3383352,A,7,9,UNCLASSIFIED,The process of achieving time-varying formation when 𝜏𝑚 = 2.,10,AUTOMATED_CAPTION_CANDIDATE; human visual confirmation required,1,UNKNOWN,UNKNOWN
P099,10.1109/tvt.2024.3383352,A,8,9,UNCLASSIFIED,The control input when 𝜏𝑚 = 2.,7,AUTOMATED_CAPTION_CANDIDATE; human visual confirmation required,1,UNKNOWN,UNKNOWN
P099,10.1109/tvt.2024.3383352,A,9,9,UNCLASSIFIED,"shows the acceptable formation error of one UA V , where",11,AUTOMATED_CAPTION_CANDIDATE; human visual confirmation required,1,UNKNOWN,UNKNOWN
P099,10.1109/tvt.2024.3383352,A,10,9,UNCLASSIFIED,The process of achieving time-varying formation when 𝜏𝑚 = 3.,10,AUTOMATED_CAPTION_CANDIDATE; human visual confirmation required,1,UNKNOWN,UNKNOWN
P099,10.1109/tvt.2024.3383352,A,11,10,UNCLASSIFIED,The formation error with 𝜏𝑚 = 3.,7,AUTOMATED_CAPTION_CANDIDATE; human visual confirmation required,1,UNKNOWN,UNKNOWN
P099,10.1109/tvt.2024.3383352,A,12,10,UNCLASSIFIED,Four UA Vs go to different points.,7,AUTOMATED_CAPTION_CANDIDATE; human visual confirmation required,1,UNKNOWN,UNKNOWN
P099,10.1109/tvt.2024.3383352,A,13,10,UNCLASSIFIED,"The UA V formation is divided into two sub-formations, which fly",11,AUTOMATED_CAPTION_CANDIDATE; human visual confirmation required,1,UNKNOWN,UNKNOWN
P099,10.1109/tvt.2024.3383352,A,14,10,UNCLASSIFIED,The flow chart of hardware experiment using Lighthouse positioning,9,AUTOMATED_CAPTION_CANDIDATE; human visual confirmation required,1,UNKNOWN,UNKNOWN
P099,10.1109/tvt.2024.3383352,A,15,11,UNCLASSIFIED,Four UA Vs achieve the time-varying formation in ’Crazyflie 2.1,10,AUTOMATED_CAPTION_CANDIDATE; human visual confirmation required,1,UNKNOWN,UNKNOWN
P099,10.1109/tvt.2024.3383352,A,16,11,TRAJECTORY,The physical trajectory error between the expected trajectory and,9,AUTOMATED_CAPTION_CANDIDATE; human visual confirmation required,1,UNKNOWN,UNKNOWN
P100,10.1109/tvt.2024.3419842,A,1,2,PROBLEM; SCENARIO,System scenario.,2,AUTOMATED_CAPTION_CANDIDATE; human visual confirmation required,1,UNKNOWN,UNKNOWN
P100,10.1109/tvt.2024.3419842,A,2,4,TRAJECTORY,The UA V’s ﬂying path with path discretization.,8,AUTOMATED_CAPTION_CANDIDATE; human visual confirmation required,1,UNKNOWN,UNKNOWN
P100,10.1109/tvt.2024.3419842,A,3,5,UNCLASSIFIED,The UA V’s mission execution time sequence.,7,AUTOMATED_CAPTION_CANDIDATE; human visual confirmation required,1,UNKNOWN,UNKNOWN
P100,10.1109/tvt.2024.3419842,A,4,6,SCENARIO,A map of the obstacle model for a geographical area.,10,AUTOMATED_CAPTION_CANDIDATE; human visual confirmation required,1,UNKNOWN,UNKNOWN
P100,10.1109/tvt.2024.3419842,A,5,11,UNCLASSIFIED,The iteration process of the proposed algorithm in situation I.,10,AUTOMATED_CAPTION_CANDIDATE; human visual confirmation required,1,UNKNOWN,UNKNOWN
P100,10.1109/tvt.2024.3419842,A,6,12,TRAJECTORY,The UA V’s trajectory with the proposed algorithm in situation I.,11,AUTOMATED_CAPTION_CANDIDATE; human visual confirmation required,1,UNKNOWN,UNKNOWN
P100,10.1109/tvt.2024.3419842,A,7,12,TRAJECTORY,The UA V’s trajectory with the AoI-EaTO algorithm in situation I.,11,AUTOMATED_CAPTION_CANDIDATE; human visual confirmation required,1,UNKNOWN,UNKNOWN
P100,10.1109/tvt.2024.3419842,A,8,12,UNCLASSIFIED,Ttotal∗vs Elimit.,2,AUTOMATED_CAPTION_CANDIDATE; human visual confirmation required,1,UNKNOWN,UNKNOWN
P100,10.1109/tvt.2024.3419842,A,9,12,UNCLASSIFIED,vavg vs Elimit.,3,AUTOMATED_CAPTION_CANDIDATE; human visual confirmation required,1,UNKNOWN,UNKNOWN
P100,10.1109/tvt.2024.3419842,A,10,13,UNCLASSIFIED,Ttotal∗vs T k,3,AUTOMATED_CAPTION_CANDIDATE; human visual confirmation required,1,UNKNOWN,UNKNOWN
P100,10.1109/tvt.2024.3419842,A,11,13,UNCLASSIFIED,vavg vs T k,4,AUTOMATED_CAPTION_CANDIDATE; human visual confirmation required,1,UNKNOWN,UNKNOWN
P100,10.1109/tvt.2024.3419842,A,12,13,TRAJECTORY,shows the UA V’s trajectory with the proposed algo-,9,AUTOMATED_CAPTION_CANDIDATE; human visual confirmation required,1,UNKNOWN,UNKNOWN
P100,10.1109/tvt.2024.3419842,A,13,13,UNCLASSIFIED,The iteration process of the proposed algorithm in situation III.,10,AUTOMATED_CAPTION_CANDIDATE; human visual confirmation required,1,UNKNOWN,UNKNOWN
P100,10.1109/tvt.2024.3419842,A,14,14,TRAJECTORY,The UA V’s trajectory in situation III.,7,AUTOMATED_CAPTION_CANDIDATE; human visual confirmation required,1,UNKNOWN,UNKNOWN
P100,10.1109/tvt.2024.3419842,A,15,13,UNCLASSIFIED,shows the UA V’s total ﬂying distance with the pro-,10,AUTOMATED_CAPTION_CANDIDATE; human visual confirmation required,1,UNKNOWN,UNKNOWN
P100,10.1109/tvt.2024.3419842,A,16,14,UNCLASSIFIED,shows the UA V’s total ﬂying time with the proposed,10,AUTOMATED_CAPTION_CANDIDATE; human visual confirmation required,1,UNKNOWN,UNKNOWN
P101,10.1109/tro.2021.3071615,B,1,2,PROBLEM; SCENARIO,Scenario of a smart agriculture farm that is facilitated with a proper,12,AUTOMATED_CAPTION_CANDIDATE; human visual confirmation required,1,UNKNOWN,UNKNOWN
P101,10.1109/tro.2021.3071615,B,2,3,METHOD_FRAMEWORK,Two-layer formation containment control framework proposed for,7,AUTOMATED_CAPTION_CANDIDATE; human visual confirmation required,1,UNKNOWN,UNKNOWN
P101,10.1109/tro.2021.3071615,B,3,5,UNCLASSIFIED,"Example of the clustering algorithm with ﬁve targets and 320 leaders,",11,AUTOMATED_CAPTION_CANDIDATE; human visual confirmation required,1,UNKNOWN,UNKNOWN
P101,10.1109/tro.2021.3071615,B,4,7,UNCLASSIFIED,Example shows a static cube formation in a 3-D space with eight,12,AUTOMATED_CAPTION_CANDIDATE; human visual confirmation required,1,UNKNOWN,UNKNOWN
P101,10.1109/tro.2021.3071615,B,5,8,UNCLASSIFIED,illustrates this process—six leader robots have attained,7,AUTOMATED_CAPTION_CANDIDATE; human visual confirmation required,1,UNKNOWN,UNKNOWN
P101,10.1109/tro.2021.3071615,B,6,10,PROBLEM; SCENARIO,Scenario shows the obstacle avoidance via the DAPF technique. The,10,AUTOMATED_CAPTION_CANDIDATE; human visual confirmation required,1,UNKNOWN,UNKNOWN
P101,10.1109/tro.2021.3071615,B,7,12,QUANTITATIVE_RESULT,"Webots simulation results of the search and rescue mission involving ﬁve rescuers, one explorer (virtual target, marked by red star), and one l ost robot.",25,AUTOMATED_CAPTION_CANDIDATE; human visual confirmation required,1,UNKNOWN,UNKNOWN
P101,10.1109/tro.2021.3071615,B,8,12,UNCLASSIFIED,V ariation of 2-norm of the formation tracking error ||ξL(t)|| ∀t ∈,12,AUTOMATED_CAPTION_CANDIDATE; human visual confirmation required,1,UNKNOWN,UNKNOWN
P101,10.1109/tro.2021.3071615,B,9,12,UNCLASSIFIED,Five different communication topologies have been chosen in the,9,AUTOMATED_CAPTION_CANDIDATE; human visual confirmation required,1,UNKNOWN,UNKNOWN
P101,10.1109/tro.2021.3071615,B,10,13,UNCLASSIFIED,Formation tracking accomplishment time of the leader robots with,9,AUTOMATED_CAPTION_CANDIDATE; human visual confirmation required,1,UNKNOWN,UNKNOWN
P101,10.1109/tro.2021.3071615,B,11,13,UNCLASSIFIED,Mona is an open-source miniature mobile robot suitable for multirobot,10,AUTOMATED_CAPTION_CANDIDATE; human visual confirmation required,1,UNKNOWN,UNKNOWN
P101,10.1109/tro.2021.3071615,B,12,14,UNCLASSIFIED,Hardware control loop associated with the experiment.,7,AUTOMATED_CAPTION_CANDIDATE; human visual confirmation required,1,UNKNOWN,UNKNOWN
P101,10.1109/tro.2021.3071615,B,13,15,UNCLASSIFIED,"Experimental observation of the search and rescue mission involving 12 robots (two red robots act as explorers, three green robots represent the lost",23,AUTOMATED_CAPTION_CANDIDATE; human visual confirmation required,1,UNKNOWN,UNKNOWN
P101,10.1109/tro.2021.3071615,B,14,15,UNCLASSIFIED,"Time evolution of 2-norms of (a) formation error of the rescuers (i.e.,",12,AUTOMATED_CAPTION_CANDIDATE; human visual confirmation required,1,UNKNOWN,UNKNOWN
P102,10.1109/tits.2025.3631889,B,1,4,UNCLASSIFIED,System Model.,2,AUTOMATED_CAPTION_CANDIDATE; human visual confirmation required,1,UNKNOWN,UNKNOWN
P102,10.1109/tits.2025.3631889,B,2,4,UNCLASSIFIED,LSU coverage deﬁnition.,3,AUTOMATED_CAPTION_CANDIDATE; human visual confirmation required,1,UNKNOWN,UNKNOWN
P102,10.1109/tits.2025.3631889,B,3,5,UNCLASSIFIED,illustrates the detailed communication between,5,AUTOMATED_CAPTION_CANDIDATE; human visual confirmation required,1,UNKNOWN,UNKNOWN
P102,10.1109/tits.2025.3631889,B,4,6,METHOD_FRAMEWORK,Learning architecture of the proposed framework.,6,AUTOMATED_CAPTION_CANDIDATE; human visual confirmation required,1,UNKNOWN,UNKNOWN
P102,10.1109/tits.2025.3631889,B,5,8,UNCLASSIFIED,ON /OFF mode of GEUs and SFI function.,8,AUTOMATED_CAPTION_CANDIDATE; human visual confirmation required,1,UNKNOWN,UNKNOWN
P102,10.1109/tits.2025.3631889,B,6,11,SCENARIO,Simulation environments: (a) environment 1; (b) environment 2.,8,AUTOMATED_CAPTION_CANDIDATE; human visual confirmation required,2,UNKNOWN,UNKNOWN
P102,10.1109/tits.2025.3631889,B,7,11,QUANTITATIVE_RESULT,Served o ﬄoading demand comparison for di ﬀerent PPO clip values.,11,AUTOMATED_CAPTION_CANDIDATE; human visual confirmation required,1,UNKNOWN,UNKNOWN
P102,10.1109/tits.2025.3631889,B,8,12,QUANTITATIVE_RESULT; SENSITIVITY,Weight parameters performance: (a) total reward comparison for,8,AUTOMATED_CAPTION_CANDIDATE; human visual confirmation required,1,UNKNOWN,UNKNOWN
P102,10.1109/tits.2025.3631889,B,9,12,UNCLASSIFIED,Number of covered unique GEUs in case of di ﬀerent number of,12,AUTOMATED_CAPTION_CANDIDATE; human visual confirmation required,1,UNKNOWN,UNKNOWN
P102,10.1109/tits.2025.3631889,B,10,12,QUANTITATIVE_RESULT,Total legitimate rate performance in case of di ﬀerent number of,11,AUTOMATED_CAPTION_CANDIDATE; human visual confirmation required,1,UNKNOWN,UNKNOWN
P102,10.1109/tits.2025.3631889,B,11,12,UNCLASSIFIED,Total malicious rate in case of di ﬀerent number of GEUs.,11,AUTOMATED_CAPTION_CANDIDATE; human visual confirmation required,1,UNKNOWN,UNKNOWN
P102,10.1109/tits.2025.3631889,B,12,12,UNCLASSIFIED,"and Fig. 13, along with Table V, analyze system",9,AUTOMATED_CAPTION_CANDIDATE; human visual confirmation required,1,UNKNOWN,UNKNOWN
P102,10.1109/tits.2025.3631889,B,13,13,UNCLASSIFIED,Number of ON mode of LJU over di ﬀerent number of LSUs cases.,13,AUTOMATED_CAPTION_CANDIDATE; human visual confirmation required,1,UNKNOWN,UNKNOWN
P102,10.1109/tits.2025.3631889,B,14,13,SCENARIO; QUANTITATIVE_RESULT,Comparison of performance in di ﬀerent environments: (a) delay,9,AUTOMATED_CAPTION_CANDIDATE; human visual confirmation required,1,UNKNOWN,UNKNOWN
P102,10.1109/tits.2025.3631889,B,15,14,QUANTITATIVE_RESULT,Slot allocation methods performance.,4,AUTOMATED_CAPTION_CANDIDATE; human visual confirmation required,1,UNKNOWN,UNKNOWN
P102,10.1109/tits.2025.3631889,B,16,14,UNCLASSIFIED,"Total reward of PPO, A2C, and HRF-PPO.",7,AUTOMATED_CAPTION_CANDIDATE; human visual confirmation required,1,UNKNOWN,UNKNOWN
P102,10.1109/tits.2025.3631889,B,17,14,QUANTITATIVE_RESULT,Average data reward comparison.,4,AUTOMATED_CAPTION_CANDIDATE; human visual confirmation required,1,UNKNOWN,UNKNOWN
P102,10.1109/tits.2025.3631889,B,18,15,UNCLASSIFIED,Secrecy rate for the proposed work compared with an existing,10,AUTOMATED_CAPTION_CANDIDATE; human visual confirmation required,1,UNKNOWN,UNKNOWN
P103,10.1109/tiv.2024.3405330,B,1,1,UNCLASSIFIED,We propose the use of predicted position and its associated,10,AUTOMATED_CAPTION_CANDIDATE; human visual confirmation required,1,UNKNOWN,UNKNOWN
P103,10.1109/tiv.2024.3405330,B,2,3,METHOD_FRAMEWORK,"Overview of the proposed framework. At each time step, current",10,AUTOMATED_CAPTION_CANDIDATE; human visual confirmation required,1,UNKNOWN,UNKNOWN
P103,10.1109/tiv.2024.3405330,B,3,4,METHOD_FRAMEWORK; NETWORK_ARCHITECTURE,"Our integrated prediction and planning framework. The DRL network architecture is based on the model introduced in [18], with novel additions and",22,AUTOMATED_CAPTION_CANDIDATE; human visual confirmation required,1,UNKNOWN,UNKNOWN
P103,10.1109/tiv.2024.3405330,B,4,8,UNCLASSIFIED,Predicted trajectories of (a) the polar collision grid (PCG) model,10,AUTOMATED_CAPTION_CANDIDATE; human visual confirmation required,1,UNKNOWN,UNKNOWN
P103,10.1109/tiv.2024.3405330,B,5,10,PROBLEM; SCENARIO; QUANTITATIVE_RESULT,Comparison of various model trajectories in identical test scenarios. The figure illustrates an autonomous vehicle (in black) navigating through a,20,AUTOMATED_CAPTION_CANDIDATE; human visual confirmation required,1,UNKNOWN,UNKNOWN
P103,10.1109/tiv.2024.3405330,B,6,11,PROBLEM; SCENARIO; TRAJECTORY; QUANTITATIVE_RESULT,Comparison of the Autonomous Vehicle’s (A V) trajectory behaviour in an identical test scenario. This figure presents the trajectory of the A V using,24,AUTOMATED_CAPTION_CANDIDATE; human visual confirmation required,1,UNKNOWN,UNKNOWN
P103,10.1109/tiv.2024.3405330,B,7,11,TRAJECTORY,Mean and 95% confidence interval of difference model’s path length,10,AUTOMATED_CAPTION_CANDIDATE; human visual confirmation required,1,UNKNOWN,UNKNOWN
P104,10.1109/tiv.2022.3232890,B,1,4,SCENARIO,The RISoUAV position and motion in the Cartesian coordinates: (a) 3D frame of the occupancy map (as the reference frame); (b) the yx−plane.,23,AUTOMATED_CAPTION_CANDIDATE; human visual confirmation required,2,UNKNOWN,UNKNOWN
P104,10.1109/tiv.2022.3232890,B,2,9,TRAJECTORY,RISoUAV navigation through the cylinder of the p2p tube path.,10,AUTOMATED_CAPTION_CANDIDATE; human visual confirmation required,1,UNKNOWN,UNKNOWN
P104,10.1109/tiv.2022.3232890,B,3,10,SCENARIO,The 3D map of the simulated dense urban area: (a) the 3D occupancy map and MT route from point A to point B; (b) the MT route in the XY plane. The,32,AUTOMATED_CAPTION_CANDIDATE; human visual confirmation required,2,UNKNOWN,UNKNOWN
P104,10.1109/tiv.2022.3232890,B,4,10,PROBLEM; SCENARIO; TRAJECTORY; QUANTITATIVE_RESULT,"Simulation results for the dense urban scenario: (a) stage 1, all possible p2p paths through random options; (b) ℵ prospective trajectories with valid",23,AUTOMATED_CAPTION_CANDIDATE; human visual confirmation required,2,UNKNOWN,UNKNOWN
P104,10.1109/tiv.2022.3232890,B,5,10,PROBLEM; SCENARIO; QUANTITATIVE_RESULT,Numerical result for the simulated scenario: (a) Energy consumption indicator for valid trajectories; (b) SNR at p2p waypoints of the selected trajectories;,22,AUTOMATED_CAPTION_CANDIDATE; human visual confirmation required,2,UNKNOWN,UNKNOWN
P104,10.1109/tiv.2022.3232890,B,6,11,TRAJECTORY; QUANTITATIVE_RESULT,Simulation results for assessing the DP performance in stage 1: (a) all possible p2p paths with 10 random options for each p2p path; (b) trajectory with,26,AUTOMATED_CAPTION_CANDIDATE; human visual confirmation required,2,UNKNOWN,UNKNOWN
P105,10.1109/tiv.2024.3383599,B,1,2,UNCLASSIFIED,Real-time terrain analysis using a probabilistic graph-based approach:,8,AUTOMATED_CAPTION_CANDIDATE; human visual confirmation required,1,UNKNOWN,UNKNOWN
P105,10.1109/tiv.2024.3383599,B,2,4,SENSITIVITY,"Two-stage segmentation scheme. First, stochastic estimation is used to update parameters of the height and slope of the ground plane and to dis card points",25,AUTOMATED_CAPTION_CANDIDATE; human visual confirmation required,1,UNKNOWN,UNKNOWN
P105,10.1109/tiv.2024.3383599,B,3,6,UNCLASSIFIED,Dense reconstruction of the ground using the predictions of the Ground,11,AUTOMATED_CAPTION_CANDIDATE; human visual confirmation required,1,UNKNOWN,UNKNOWN
P105,10.1109/tiv.2024.3383599,B,4,7,UNCLASSIFIED,Point cloud segmentation and Traversability graph in a highway with,10,AUTOMATED_CAPTION_CANDIDATE; human visual confirmation required,1,UNKNOWN,UNKNOWN
P105,10.1109/tiv.2024.3383599,B,5,8,SCENARIO,Traversability graph in an urban environment. Each node contains,9,AUTOMATED_CAPTION_CANDIDATE; human visual confirmation required,1,UNKNOWN,UNKNOWN
P105,10.1109/tiv.2024.3383599,B,6,12,UNCLASSIFIED,Point cloud captured with the ONA robot in the Barcelona Robot Lab.,12,AUTOMATED_CAPTION_CANDIDATE; human visual confirmation required,1,UNKNOWN,UNKNOWN
P105,10.1109/tiv.2024.3383599,B,7,12,UNCLASSIFIED,ONA robot during the Logismile demo in Esplugues de Llobregat.,10,AUTOMATED_CAPTION_CANDIDATE; human visual confirmation required,1,UNKNOWN,UNKNOWN
P105,10.1109/tiv.2024.3383599,B,8,12,UNCLASSIFIED,ONA robot navigating in Debrecen.,5,AUTOMATED_CAPTION_CANDIDATE; human visual confirmation required,1,UNKNOWN,UNKNOWN
P106,10.1109/tvt.2022.3228198,B,1,3,PROBLEM; SCENARIO,Dynamic task reallocation scenario description.,5,AUTOMATED_CAPTION_CANDIDATE; human visual confirmation required,1,UNKNOWN,UNKNOWN
P106,10.1109/tvt.2022.3228198,B,2,4,UNCLASSIFIED,Coordinated Dynamic Task Allocation Request Net. As a means of,10,AUTOMATED_CAPTION_CANDIDATE; human visual confirmation required,1,UNKNOWN,UNKNOWN
P106,10.1109/tvt.2022.3228198,B,3,6,UNCLASSIFIED,Deep Q Learning-based Response Net.,5,AUTOMATED_CAPTION_CANDIDATE; human visual confirmation required,1,UNKNOWN,UNKNOWN
P106,10.1109/tvt.2022.3228198,B,4,9,UNCLASSIFIED,The average Q value of the priority experience replay method and,11,AUTOMATED_CAPTION_CANDIDATE; human visual confirmation required,1,UNKNOWN,UNKNOWN
P106,10.1109/tvt.2022.3228198,B,5,10,UNCLASSIFIED,The cumulative reward.,3,AUTOMATED_CAPTION_CANDIDATE; human visual confirmation required,1,UNKNOWN,UNKNOWN
P106,10.1109/tvt.2022.3228198,B,6,10,UNCLASSIFIED,The ﬁtness value.,3,AUTOMATED_CAPTION_CANDIDATE; human visual confirmation required,1,UNKNOWN,UNKNOWN
P107,10.1109/tcst.2021.3091315,B,1,2,UNCLASSIFIED,Illustration of the observations made in Remark 1. The shape of,11,AUTOMATED_CAPTION_CANDIDATE; human visual confirmation required,1,UNKNOWN,UNKNOWN
P107,10.1109/tcst.2021.3091315,B,2,3,UNCLASSIFIED,Applications of chance-constrained op timization considered in this article. (a) Robot av oiding collision with a dynamic obstacle in a deter ministic,22,AUTOMATED_CAPTION_CANDIDATE; human visual confirmation required,1,UNKNOWN,UNKNOWN
P107,10.1109/tcst.2021.3091315,B,3,5,UNCLASSIFIED,Overview of our RKHS-based formulation.,5,AUTOMATED_CAPTION_CANDIDATE; human visual confirmation required,1,UNKNOWN,UNKNOWN
P107,10.1109/tcst.2021.3091315,B,4,10,PROBLEM; SCENARIO,(a) Collision avoidance scenario where t he robot needs to avoid collision with three moving obstacles. (b) Position samples of robot and obsta cles,24,AUTOMATED_CAPTION_CANDIDATE; human visual confirmation required,2,UNKNOWN,UNKNOWN
P107,10.1109/tcst.2021.3091315,B,5,10,QUANTITATIVE_RESULT,"Simulation results for collision avoidance with three moving obstacles shown in Fig. 4(b) under non-Gaussian uncertainty. In this example, w eh a v e",24,AUTOMATED_CAPTION_CANDIDATE; human visual confirmation required,1,UNKNOWN,UNKNOWN
P107,10.1109/tcst.2021.3091315,B,6,11,QUALITATIVE_RESULT; QUANTITATIVE_RESULT,Snapshots of collision avoidance simulation for (a) and (b) d = 3 and (e)–(h) d = 5. Note how increase in d results in increase in clearance between,28,AUTOMATED_CAPTION_CANDIDATE; human visual confirmation required,4,UNKNOWN,UNKNOWN
P107,10.1109/tcst.2021.3091315,B,7,12,UNCLASSIFIED,Illustration of the effect of ρ1 and ρ2 on η for collision avoidance application. (a)–(c) Effect for increasing values of d.,21,AUTOMATED_CAPTION_CANDIDATE; human visual confirmation required,2,UNKNOWN,UNKNOWN
P107,10.1109/tcst.2021.3091315,B,8,13,PROBLEM,(a) and (b) Average optimal cost obtained with different methods for c ollision avoidance application obs erved across 20 different problem,21,AUTOMATED_CAPTION_CANDIDATE; human visual confirmation required,2,UNKNOWN,UNKNOWN
P107,10.1109/tcst.2021.3091315,B,9,13,TRAJECTORY; QUANTITATIVE_RESULT,"Simulation results for inverse-dynamics-b ased path-tracking under non-Gaussian uncertain ty [Fig. 2(d)]. In this example, we repeatedly s olve the",20,AUTOMATED_CAPTION_CANDIDATE; human visual confirmation required,1,UNKNOWN,UNKNOWN
P107,10.1109/tcst.2021.3091315,B,10,14,TRAJECTORY; QUANTITATIVE_RESULT,Comparisons of optimal cost obtained for path-tracking application,8,AUTOMATED_CAPTION_CANDIDATE; human visual confirmation required,1,UNKNOWN,UNKNOWN
P107,10.1109/tcst.2021.3091315,B,11,15,UNCLASSIFIED,(a) Effect of incorporating w3 into the proposed RKHS formulation. It can be clearly obs erved that the average cost incurred is high when w3,25,AUTOMATED_CAPTION_CANDIDATE; human visual confirmation required,1,UNKNOWN,UNKNOWN
P107,10.1109/tcst.2021.3091315,B,12,15,UNCLASSIFIED,Plots showing consiste ncy of our RKHS embedding. As the,10,AUTOMATED_CAPTION_CANDIDATE; human visual confirmation required,1,UNKNOWN,UNKNOWN
P108,10.1109/tie.2022.3217585,B,1,3,UNCLASSIFIED,Diagram of the proposed NSB control scheme.,7,AUTOMATED_CAPTION_CANDIDATE; human visual confirmation required,1,UNKNOWN,UNKNOWN
P108,10.1109/tie.2022.3217585,B,2,4,UNCLASSIFIED,Schematic diagram of CA.,4,AUTOMATED_CAPTION_CANDIDATE; human visual confirmation required,1,UNKNOWN,UNKNOWN
P108,10.1109/tie.2022.3217585,B,3,7,UNCLASSIFIED,Communication topology of an MAS.,5,AUTOMATED_CAPTION_CANDIDATE; human visual confirmation required,1,UNKNOWN,UNKNOWN
P108,10.1109/tie.2022.3217585,B,4,7,UNCLASSIFIED,Formation trajectories with CA.,4,AUTOMATED_CAPTION_CANDIDATE; human visual confirmation required,1,UNKNOWN,UNKNOWN
P108,10.1109/tie.2022.3217585,B,5,7,UNCLASSIFIED,T racking errors with CA.,5,AUTOMATED_CAPTION_CANDIDATE; human visual confirmation required,1,UNKNOWN,UNKNOWN
P108,10.1109/tie.2022.3217585,B,6,7,UNCLASSIFIED,Distances between agents with/without CA. (a) ∥pij∥2w i t hC A .,12,AUTOMATED_CAPTION_CANDIDATE; human visual confirmation required,1,UNKNOWN,UNKNOWN
P108,10.1109/tie.2022.3217585,B,7,7,QUANTITATIVE_RESULT,Comparison of two time-varying formation task design meth-,8,AUTOMATED_CAPTION_CANDIDATE; human visual confirmation required,1,UNKNOWN,UNKNOWN
P108,10.1109/tie.2022.3217585,B,8,8,UNCLASSIFIED,Experimental platform.,2,AUTOMATED_CAPTION_CANDIDATE; human visual confirmation required,1,UNKNOWN,UNKNOWN
P108,10.1109/tie.2022.3217585,B,9,8,QUANTITATIVE_RESULT,Experimental results with/without CA. (a) With CA. (b) Without,9,AUTOMATED_CAPTION_CANDIDATE; human visual confirmation required,2,UNKNOWN,UNKNOWN
P108,10.1109/tie.2022.3217585,B,10,8,UNCLASSIFIED,Formation trajectories with/without obstacle avoidance.,5,AUTOMATED_CAPTION_CANDIDATE; human visual confirmation required,1,UNKNOWN,UNKNOWN
P109,10.1109/taes.2025.3650551,B,1,4,METHOD_FRAMEWORK,Framework of the A VSRL tracking control method.,8,AUTOMATED_CAPTION_CANDIDATE; human visual confirmation required,1,UNKNOWN,UNKNOWN
P109,10.1109/taes.2025.3650551,B,2,6,QUANTITATIVE_RESULT,Comparison of average reward curves across 3000 episodes.,8,AUTOMATED_CAPTION_CANDIDATE; human visual confirmation required,1,UNKNOWN,UNKNOWN
P109,10.1109/taes.2025.3650551,B,3,6,SCENARIO,Heatmap of RMSE values across combinations of attention head,9,AUTOMATED_CAPTION_CANDIDATE; human visual confirmation required,1,UNKNOWN,UNKNOWN
P109,10.1109/taes.2025.3650551,B,4,7,TRAJECTORY; QUANTITATIVE_RESULT,UA V trajectory tracking performance for ﬁve-pointed star path.,9,AUTOMATED_CAPTION_CANDIDATE; human visual confirmation required,1,UNKNOWN,UNKNOWN
P109,10.1109/taes.2025.3650551,B,5,7,QUANTITATIVE_RESULT,Attitude control results in numerical experiments.,6,AUTOMATED_CAPTION_CANDIDATE; human visual confirmation required,1,UNKNOWN,UNKNOWN
P109,10.1109/taes.2025.3650551,B,6,8,TRAJECTORY; QUANTITATIVE_RESULT,UA V trajectory tracking performance for time-varying smooth,8,AUTOMATED_CAPTION_CANDIDATE; human visual confirmation required,1,UNKNOWN,UNKNOWN
P109,10.1109/taes.2025.3650551,B,7,8,TRAJECTORY,Attitude control errors in time-varying smooth path tracking.,8,AUTOMATED_CAPTION_CANDIDATE; human visual confirmation required,1,UNKNOWN,UNKNOWN
P109,10.1109/taes.2025.3650551,B,8,9,REAL_WORLD,Real-world UA V tracking sequence: (Top) external UA V ﬂight status; and (bottom) onboard FPV visual tracking progression of the static,21,AUTOMATED_CAPTION_CANDIDATE; human visual confirmation required,1,UNKNOWN,UNKNOWN
P109,10.1109/taes.2025.3650551,B,9,9,TRAJECTORY; QUANTITATIVE_RESULT,Flight trajectory comparison: UA V (blue) and pedestrian,8,AUTOMATED_CAPTION_CANDIDATE; human visual confirmation required,1,UNKNOWN,UNKNOWN
P109,10.1109/taes.2025.3650551,B,10,9,UNCLASSIFIED,presents a visual sequence of the experiment,7,AUTOMATED_CAPTION_CANDIDATE; human visual confirmation required,1,UNKNOWN,UNKNOWN
P109,10.1109/taes.2025.3650551,B,11,10,TRAJECTORY; QUANTITATIVE_RESULT,Flight trajectory comparison: UA V (blue) and pedestrian,8,AUTOMATED_CAPTION_CANDIDATE; human visual confirmation required,1,UNKNOWN,UNKNOWN
P109,10.1109/taes.2025.3650551,B,12,10,UNCLASSIFIED,"Target position prediction error along X (top), Y (middle), and",10,AUTOMATED_CAPTION_CANDIDATE; human visual confirmation required,1,UNKNOWN,UNKNOWN
P110,10.1109/tvt.2021.3129504,B,1,3,UNCLASSIFIED,An example of target tracking with a swarm of rotary-wing UA Vs under,13,AUTOMATED_CAPTION_CANDIDATE; human visual confirmation required,1,UNKNOWN,UNKNOWN
P110,10.1109/tvt.2021.3129504,B,2,5,UNCLASSIFIED,A sketch of UA V propulsion power consumption.,8,AUTOMATED_CAPTION_CANDIDATE; human visual confirmation required,1,UNKNOWN,UNKNOWN
P110,10.1109/tvt.2021.3129504,B,3,11,TRAJECTORY,An example of tracking trajectory for UA Vs represented by relative distances with reference to the target.,17,AUTOMATED_CAPTION_CANDIDATE; human visual confirmation required,1,UNKNOWN,UNKNOWN
P110,10.1109/tvt.2021.3129504,B,4,11,QUANTITATIVE_RESULT,The reward comparison results among the proposed algorithm and the,10,AUTOMATED_CAPTION_CANDIDATE; human visual confirmation required,1,UNKNOWN,UNKNOWN
P110,10.1109/tvt.2021.3129504,B,5,12,UNCLASSIFIED,Power saving efﬁciency with respect to steps for different α’s.,10,AUTOMATED_CAPTION_CANDIDATE; human visual confirmation required,1,UNKNOWN,UNKNOWN
P110,10.1109/tvt.2021.3129504,B,6,12,UNCLASSIFIED,SIE distance rate with respect to steps for different values of α.,12,AUTOMATED_CAPTION_CANDIDATE; human visual confirmation required,1,UNKNOWN,UNKNOWN
P110,10.1109/tvt.2021.3129504,B,7,12,UNCLASSIFIED,Tracking success rate with repsect to steps for different values of α.,12,AUTOMATED_CAPTION_CANDIDATE; human visual confirmation required,1,UNKNOWN,UNKNOWN
P110,10.1109/tvt.2021.3129504,B,8,12,UNCLASSIFIED,Power saving efﬁciency with repsect to steps for different methods.,10,AUTOMATED_CAPTION_CANDIDATE; human visual confirmation required,1,UNKNOWN,UNKNOWN
P110,10.1109/tvt.2021.3129504,B,9,12,UNCLASSIFIED,Tracking success rate with repsect to steps for different methods.,10,AUTOMATED_CAPTION_CANDIDATE; human visual confirmation required,1,UNKNOWN,UNKNOWN
P110,10.1109/tvt.2021.3129504,B,10,13,TRAJECTORY,An example of 3-UA V 1-target tracking trajectory.,8,AUTOMATED_CAPTION_CANDIDATE; human visual confirmation required,1,UNKNOWN,UNKNOWN
P110,10.1109/tvt.2021.3129504,B,11,13,UNCLASSIFIED,SIE distance rate with repsect to steps for different methods.,10,AUTOMATED_CAPTION_CANDIDATE; human visual confirmation required,1,UNKNOWN,UNKNOWN
P111,10.1109/tits.2023.3336670,B,1,3,PROBLEM,The system modeling of the behavior planning and control problem,10,AUTOMATED_CAPTION_CANDIDATE; human visual confirmation required,1,UNKNOWN,UNKNOWN
P111,10.1109/tits.2023.3336670,B,2,4,METHOD_FRAMEWORK,Our proposed learning and control framework for the behavior,9,AUTOMATED_CAPTION_CANDIDATE; human visual confirmation required,1,UNKNOWN,UNKNOWN
P111,10.1109/tits.2023.3336670,B,3,6,UNCLASSIFIED,The truncated Qi(sNi,3,AUTOMATED_CAPTION_CANDIDATE; human visual confirmation required,1,UNKNOWN,UNKNOWN
P111,10.1109/tits.2023.3336670,B,4,9,PROBLEM; SCENARIO,The example scenario of a 3-lane freeway in CARLA [17]. Vehicles,11,AUTOMATED_CAPTION_CANDIDATE; human visual confirmation required,1,UNKNOWN,UNKNOWN
P111,10.1109/tits.2023.3336670,B,5,9,UNCLASSIFIED,The ego vehicle should keep a safe distance from the front vehicle,12,AUTOMATED_CAPTION_CANDIDATE; human visual confirmation required,1,UNKNOWN,UNKNOWN
P111,10.1109/tits.2023.3336670,B,6,10,UNCLASSIFIED,The ego vehicle is changing from lane #2 to lane #1. Its safety,13,AUTOMATED_CAPTION_CANDIDATE; human visual confirmation required,1,UNKNOWN,UNKNOWN
P111,10.1109/tits.2023.3336670,B,7,10,UNCLASSIFIED,Detailed structure of vision information processing. We combine,8,AUTOMATED_CAPTION_CANDIDATE; human visual confirmation required,1,UNKNOWN,UNKNOWN
P111,10.1109/tits.2023.3336670,B,8,12,UNCLASSIFIED,Our approach (safe MARL) improves the trafﬁc ﬂow and driving,10,AUTOMATED_CAPTION_CANDIDATE; human visual confirmation required,1,UNKNOWN,UNKNOWN
P111,10.1109/tits.2023.3336670,B,9,12,UNCLASSIFIED,Our approach (Safe MARL) can maintain a safe headway with,10,AUTOMATED_CAPTION_CANDIDATE; human visual confirmation required,1,UNKNOWN,UNKNOWN
P111,10.1109/tits.2023.3336670,B,10,12,UNCLASSIFIED,Our approach (safe MARL) gets a higher total episode reward,10,AUTOMATED_CAPTION_CANDIDATE; human visual confirmation required,1,UNKNOWN,UNKNOWN
P111,10.1109/tits.2023.3336670,B,11,12,PROBLEM; SCENARIO,The obstacle-at-corner scenario where there are obstacles in a left-,10,AUTOMATED_CAPTION_CANDIDATE; human visual confirmation required,1,UNKNOWN,UNKNOWN
P111,10.1109/tits.2023.3336670,B,12,13,TRAJECTORY,The trajectory is smooth when we separate the learning and control,11,AUTOMATED_CAPTION_CANDIDATE; human visual confirmation required,1,UNKNOWN,UNKNOWN
P111,10.1109/tits.2023.3336670,B,13,13,UNCLASSIFIED,"Without any information sharing, there is a trafﬁc jam in the left",12,AUTOMATED_CAPTION_CANDIDATE; human visual confirmation required,1,UNKNOWN,UNKNOWN
P112,10.1109/tcyb.2020.3041269,B,1,4,UNCLASSIFIED,The robot and the data -driven multiobjective learning configuration of,10,AUTOMATED_CAPTION_CANDIDATE; human visual confirmation required,1,UNKNOWN,UNKNOWN
P112,10.1109/tcyb.2020.3041269,B,2,4,UNCLASSIFIED,"Four sensor ranges on each side of the robot , the minimum sensor",13,AUTOMATED_CAPTION_CANDIDATE; human visual confirmation required,1,UNKNOWN,UNKNOWN
P112,10.1109/tcyb.2020.3041269,B,3,6,UNCLASSIFIED,Fuzzy sets for TS orientation control.,6,AUTOMATED_CAPTION_CANDIDATE; human visual confirmation required,1,UNKNOWN,UNKNOWN
P112,10.1109/tcyb.2020.3041269,B,4,6,UNCLASSIFIED,Fuzzy sets for TS speed control.,6,AUTOMATED_CAPTION_CANDIDATE; human visual confirmation required,1,UNKNOWN,UNKNOWN
P112,10.1109/tcyb.2020.3041269,B,5,7,UNCLASSIFIED,"Searching for two TS convex vertex points D1 and D2: as ds1< ds2, D1",14,AUTOMATED_CAPTION_CANDIDATE; human visual confirmation required,1,UNKNOWN,UNKNOWN
P112,10.1109/tcyb.2020.3041269,B,6,7,UNCLASSIFIED,The space defined to check if a convex vertex point is qualified as a,14,AUTOMATED_CAPTION_CANDIDATE; human visual confirmation required,1,UNKNOWN,UNKNOWN
P112,10.1109/tcyb.2020.3041269,B,7,8,UNCLASSIFIED,V ertex point checking and searching ranges and the OBF -vertex point,12,AUTOMATED_CAPTION_CANDIDATE; human visual confirmation required,1,UNKNOWN,UNKNOWN
P112,10.1109/tcyb.2020.3041269,B,8,8,UNCLASSIFIED,Flowchart of the behavior supervisor with the VPS behavior in the fast,12,AUTOMATED_CAPTION_CANDIDATE; human visual confirmation required,1,UNKNOWN,UNKNOWN
P112,10.1109/tcyb.2020.3041269,B,9,9,SCENARIO,"Trajectories of the robot in an unknown, test environment using (a) the",12,AUTOMATED_CAPTION_CANDIDATE; human visual confirmation required,1,UNKNOWN,UNKNOWN
P112,10.1109/tcyb.2020.3041269,B,10,10,UNCLASSIFIED,TS trajectories and the total number of control time steps required to,12,AUTOMATED_CAPTION_CANDIDATE; human visual confirmation required,1,UNKNOWN,UNKNOWN
P112,10.1109/tcyb.2020.3041269,B,11,10,UNCLASSIFIED,Navigation trajectories of the robot using the proposed fast navigation,10,AUTOMATED_CAPTION_CANDIDATE; human visual confirmation required,1,UNKNOWN,UNKNOWN
P112,10.1109/tcyb.2020.3041269,B,12,11,UNCLASSIFIED,Navigation trajectories of the robot using the proposed fast navigation,10,AUTOMATED_CAPTION_CANDIDATE; human visual confirmation required,1,UNKNOWN,UNKNOWN
P112,10.1109/tcyb.2020.3041269,B,13,11,UNCLASSIFIED,Navigation trajectories of the robot using the (a) proposed (b),10,AUTOMATED_CAPTION_CANDIDATE; human visual confirmation required,2,UNKNOWN,UNKNOWN
P112,10.1109/tcyb.2020.3041269,B,14,12,UNCLASSIFIED,Screenshots of navigating the real robot in an unknown test,10,AUTOMATED_CAPTION_CANDIDATE; human visual confirmation required,1,UNKNOWN,UNKNOWN
P112,10.1109/tcyb.2020.3041269,B,15,12,UNCLASSIFIED,"Stargazer sensor measurements (×), the predicted positions using the",9,AUTOMATED_CAPTION_CANDIDATE; human visual confirmation required,1,UNKNOWN,UNKNOWN
P112,10.1109/tcyb.2020.3041269,B,16,12,QUANTITATIVE_RESULT,Screenshots of the navigation result when the robot continuously met a,11,AUTOMATED_CAPTION_CANDIDATE; human visual confirmation required,1,UNKNOWN,UNKNOWN
P112,10.1109/tcyb.2020.3041269,B,17,13,UNCLASSIFIED,(a) Screenshots of navigating the robot using the proposed localization,10,AUTOMATED_CAPTION_CANDIDATE; human visual confirmation required,1,UNKNOWN,UNKNOWN
P112,10.1109/tcyb.2020.3041269,B,18,13,UNCLASSIFIED,(a) Screenshots of navigating the robot using the proposed localization,10,AUTOMATED_CAPTION_CANDIDATE; human visual confirmation required,1,UNKNOWN,UNKNOWN
P113,10.1109/tase.2024.3524000,B,1,4,UNCLASSIFIED,The diagram illustrates the reciprocal velocity obstacles for both static line obstacles and dynamic agents.,15,AUTOMATED_CAPTION_CANDIDATE; human visual confirmation required,1,UNKNOWN,UNKNOWN
P113,10.1109/tase.2024.3524000,B,2,5,UNCLASSIFIED,"Overview of the Spatial-Temporal RetNet architecture. It consists of the spatial state encoder module, temporal state encoder module, and fully",20,AUTOMATED_CAPTION_CANDIDATE; human visual confirmation required,1,UNKNOWN,UNKNOWN
P113,10.1109/tase.2024.3524000,B,3,7,PROBLEM; SCENARIO; TRAJECTORY,"The trajectory plots of 10 robots being guided by our policy, SARL, GA3C-CADRL, and NH-ORCA in the circle scenario.",19,AUTOMATED_CAPTION_CANDIDATE; human visual confirmation required,1,UNKNOWN,UNKNOWN
P113,10.1109/tase.2024.3524000,B,4,7,PROBLEM; SCENARIO; TRAJECTORY,"The trajectory plots and iteration steps of 12, 14, 16, and 18 robots guided by our policy in the circle scenario.",21,AUTOMATED_CAPTION_CANDIDATE; human visual confirmation required,1,UNKNOWN,UNKNOWN
P113,10.1109/tase.2024.3524000,B,5,7,PROBLEM; SCENARIO; TRAJECTORY,"The trajectory plots and iteration steps of 12, 14, 16, and 18 robots guided by RL-RVO in the circle scenario.",20,AUTOMATED_CAPTION_CANDIDATE; human visual confirmation required,1,UNKNOWN,UNKNOWN
P113,10.1109/tase.2024.3524000,B,6,8,QUANTITATIVE_RESULT,"The line plots of travel time and average speed, along with their variance, where (a)-(d) represent the results of guiding robot motion with different",24,AUTOMATED_CAPTION_CANDIDATE; human visual confirmation required,2,UNKNOWN,UNKNOWN
P113,10.1109/tase.2024.3524000,B,7,8,SCENARIO; TRAJECTORY,The trajectory plots of 10 robots being guided by our policy in environments containing varying numbers of static obstacles.,19,AUTOMATED_CAPTION_CANDIDATE; human visual confirmation required,1,UNKNOWN,UNKNOWN
P113,10.1109/tase.2024.3524000,B,8,8,TRAJECTORY,The trajectory plots of 6 and 10 robots being guided by our policy,13,AUTOMATED_CAPTION_CANDIDATE; human visual confirmation required,1,UNKNOWN,UNKNOWN
P113,10.1109/tase.2024.3524000,B,9,9,SCENARIO; TRAJECTORY; QUALITATIVE_RESULT,The trajectory plots and snapshots of 10 robots being guided by our policy in environments containing varying numbers of dynamic obstacles.,21,AUTOMATED_CAPTION_CANDIDATE; human visual confirmation required,1,UNKNOWN,UNKNOWN
P113,10.1109/tase.2024.3524000,B,10,10,UNCLASSIFIED,Diagram illustrating the setup of the physical system.,8,AUTOMATED_CAPTION_CANDIDATE; human visual confirmation required,1,UNKNOWN,UNKNOWN
P113,10.1109/tase.2024.3524000,B,11,10,QUALITATIVE_RESULT,Snapshot images of the motion process of 3 Crazyflie drones.,10,AUTOMATED_CAPTION_CANDIDATE; human visual confirmation required,1,UNKNOWN,UNKNOWN
P114,10.1109/tits.2023.3286898,B,1,9,PROBLEM; SCENARIO; QUANTITATIVE_RESULT,"Simulation results for Scenario 1 with the proposed method at time stamps τ = 0, τ = 40, τ = 55, and τ = 99.",25,AUTOMATED_CAPTION_CANDIDATE; human visual confirmation required,1,UNKNOWN,UNKNOWN
P114,10.1109/tits.2023.3286898,B,2,9,UNCLASSIFIED,"Steering angles, velocities, and accelerations of 3 vehicles and",9,AUTOMATED_CAPTION_CANDIDATE; human visual confirmation required,1,UNKNOWN,UNKNOWN
P114,10.1109/tits.2023.3286898,B,3,9,PROBLEM; SCENARIO,Variance of {yi } with respect to number of iterations in Scenario 1.,13,AUTOMATED_CAPTION_CANDIDATE; human visual confirmation required,1,UNKNOWN,UNKNOWN
P114,10.1109/tits.2023.3286898,B,4,10,PROBLEM; SCENARIO; QUANTITATIVE_RESULT,"Simulation results for Scenario 2 with the proposed method at time stamps τ = 0, τ = 25, τ = 45, τ = 65, τ = 75, and τ = 99.",31,AUTOMATED_CAPTION_CANDIDATE; human visual confirmation required,1,UNKNOWN,UNKNOWN
P114,10.1109/tits.2023.3286898,B,5,10,UNCLASSIFIED,"Steering angles, accelerations, and velocities of 12 vehicles in",9,AUTOMATED_CAPTION_CANDIDATE; human visual confirmation required,1,UNKNOWN,UNKNOWN
P114,10.1109/tits.2023.3286898,B,6,10,PROBLEM; SCENARIO,Minimal distance between vehicles in Scenario 2.,7,AUTOMATED_CAPTION_CANDIDATE; human visual confirmation required,1,UNKNOWN,UNKNOWN
P114,10.1109/tits.2023.3286898,B,7,10,PROBLEM; SCENARIO,Variance of {yi } with respect to number of iterations in Scenario 2.,13,AUTOMATED_CAPTION_CANDIDATE; human visual confirmation required,1,UNKNOWN,UNKNOWN
P114,10.1109/tits.2023.3286898,B,8,11,QUANTITATIVE_RESULT,Comparison between solutions obtained by the proposed method and,9,AUTOMATED_CAPTION_CANDIDATE; human visual confirmation required,1,UNKNOWN,UNKNOWN
P114,10.1109/tits.2023.3286898,B,9,11,UNCLASSIFIED,Computation time with respect to different numbers of vehicles for,10,AUTOMATED_CAPTION_CANDIDATE; human visual confirmation required,1,UNKNOWN,UNKNOWN
P114,10.1109/tits.2023.3286898,B,10,11,PROBLEM; SCENARIO; QUANTITATIVE_RESULT,Simulation results for Scenario 2 with different values of β at,11,AUTOMATED_CAPTION_CANDIDATE; human visual confirmation required,1,UNKNOWN,UNKNOWN
P115,10.1109/tac.2024.3427908,B,1,4,UNCLASSIFIED,Schematic representation of the control setup.,6,AUTOMATED_CAPTION_CANDIDATE; human visual confirmation required,1,UNKNOWN,UNKNOWN
P116,10.1109/tnnls.2021.3106818,B,1,3,METHOD_FRAMEWORK,SRL framework with a supervis or which decides on the actual applied,12,AUTOMATED_CAPTION_CANDIDATE; human visual confirmation required,1,UNKNOWN,UNKNOWN
P116,10.1109/tnnls.2021.3106818,B,2,5,METHOD_FRAMEWORK,Overview of the proposed appr oach. The low-dimensional repre-,9,AUTOMATED_CAPTION_CANDIDATE; human visual confirmation required,1,UNKNOWN,UNKNOWN
P116,10.1109/tnnls.2021.3106818,B,3,6,UNCLASSIFIED,Distances /Omega112 and /Omega113 are computed for three training data D1,11,AUTOMATED_CAPTION_CANDIDATE; human visual confirmation required,1,UNKNOWN,UNKNOWN
P116,10.1109/tnnls.2021.3106818,B,4,7,UNCLASSIFIED,Simpliﬁed state space Y is discretized into grid cells. The location of,12,AUTOMATED_CAPTION_CANDIDATE; human visual confirmation required,1,UNKNOWN,UNKNOWN
P116,10.1109/tnnls.2021.3106818,B,5,9,UNCLASSIFIED,"As given in (33), the subjective uncertainty μi in the BBA Bi of",13,AUTOMATED_CAPTION_CANDIDATE; human visual confirmation required,1,UNKNOWN,UNKNOWN
P116,10.1109/tnnls.2021.3106818,B,6,11,UNCLASSIFIED,System state x of a quadcopter is deﬁned using the ground frame,12,AUTOMATED_CAPTION_CANDIDATE; human visual confirmation required,1,UNKNOWN,UNKNOWN
P116,10.1109/tnnls.2021.3106818,B,7,11,UNCLASSIFIED,"(a) Initial realization of simpliﬁed states y1,..., ykt obtained from t-",11,AUTOMATED_CAPTION_CANDIDATE; human visual confirmation required,1,UNKNOWN,UNKNOWN
P116,10.1109/tnnls.2021.3106818,B,8,12,QUANTITATIVE_RESULT,Results of the online ada ptation. (a)–(d) Prior DSAF /Gamma1prior,10,AUTOMATED_CAPTION_CANDIDATE; human visual confirmation required,2,UNKNOWN,UNKNOWN
P116,10.1109/tnnls.2021.3106818,B,9,13,QUANTITATIVE_RESULT,"Comparison with physically inspired model order reducti on. (a) For physically inspired model order reduction, the DSAF /Gamma1d(v) is initialized",20,AUTOMATED_CAPTION_CANDIDATE; human visual confirmation required,1,UNKNOWN,UNKNOWN
P117,10.1109/tase.2025.3603024,B,1,2,UNCLASSIFIED,Illustration of Goal States and Stable Suboptimal Policies: States are,10,AUTOMATED_CAPTION_CANDIDATE; human visual confirmation required,1,UNKNOWN,UNKNOWN
P117,10.1109/tase.2025.3603024,B,2,9,UNCLASSIFIED,Five simulated multi-agent tasks.,4,AUTOMATED_CAPTION_CANDIDATE; human visual confirmation required,1,UNKNOWN,UNKNOWN
P117,10.1109/tase.2025.3603024,B,3,10,SCENARIO,"Episode reward in three tasks with MAPPO, MADDPG, MATD3 and their LYN versions.",13,AUTOMATED_CAPTION_CANDIDATE; human visual confirmation required,1,UNKNOWN,UNKNOWN
P117,10.1109/tase.2025.3603024,B,4,10,SCENARIO,"Goal state rate in three tasks with MAPPO, MADDPG, MATD3 and their LYN versions.",14,AUTOMATED_CAPTION_CANDIDATE; human visual confirmation required,1,UNKNOWN,UNKNOWN
P117,10.1109/tase.2025.3603024,B,5,11,UNCLASSIFIED,Episode reward in three tasks compared with ESP and HEPN.,10,AUTOMATED_CAPTION_CANDIDATE; human visual confirmation required,1,UNKNOWN,UNKNOWN
P117,10.1109/tase.2025.3603024,B,6,11,UNCLASSIFIED,Mean episode win rate on three di ﬀerent SMAC tasks.,10,AUTOMATED_CAPTION_CANDIDATE; human visual confirmation required,1,UNKNOWN,UNKNOWN
P117,10.1109/tase.2025.3603024,B,7,11,UNCLASSIFIED,"Learning curves (15 vehicles, 30 vehicles) and visualizations of two representative steps in the CC task.",16,AUTOMATED_CAPTION_CANDIDATE; human visual confirmation required,1,UNKNOWN,UNKNOWN
P117,10.1109/tase.2025.3603024,B,8,12,UNCLASSIFIED,Trajectories in collision avoidance task.,5,AUTOMATED_CAPTION_CANDIDATE; human visual confirmation required,1,UNKNOWN,UNKNOWN
P117,10.1109/tase.2025.3603024,B,9,12,UNCLASSIFIED,"Learning curves under 10, 20, 30, 40, and 50 agents in the RE task.",14,AUTOMATED_CAPTION_CANDIDATE; human visual confirmation required,1,UNKNOWN,UNKNOWN
P117,10.1109/tase.2025.3603024,B,10,12,UNCLASSIFIED,"Learning curves under 3, 5, 7 obstacles in the CA task.",11,AUTOMATED_CAPTION_CANDIDATE; human visual confirmation required,1,UNKNOWN,UNKNOWN
P117,10.1109/tase.2025.3603024,B,11,13,UNCLASSIFIED,Inﬂuence of learning rate and γ in RE Task.,9,AUTOMATED_CAPTION_CANDIDATE; human visual confirmation required,1,UNKNOWN,UNKNOWN
P117,10.1109/tase.2025.3603024,B,12,13,SENSITIVITY,Episode reward under di ﬀerent external reward parameters.,8,AUTOMATED_CAPTION_CANDIDATE; human visual confirmation required,1,UNKNOWN,UNKNOWN
P117,10.1109/tase.2025.3603024,B,13,14,SENSITIVITY,Goal state rate under di ﬀerent external reward parameters.,9,AUTOMATED_CAPTION_CANDIDATE; human visual confirmation required,1,UNKNOWN,UNKNOWN
P117,10.1109/tase.2025.3603024,B,14,15,REAL_WORLD,Real-world collision avoidance on E-puck swarm.,6,AUTOMATED_CAPTION_CANDIDATE; human visual confirmation required,1,UNKNOWN,UNKNOWN
P118,10.1109/tim.2024.3421433,B,1,4,PROBLEM; SCENARIO,Distributed multi-UA V communication coverage scenario.,6,AUTOMATED_CAPTION_CANDIDATE; human visual confirmation required,1,UNKNOWN,UNKNOWN
P118,10.1109/tim.2024.3421433,B,2,6,METHOD_FRAMEWORK,LTCC-UDUA framework for UA V-assisted communication systems.,7,AUTOMATED_CAPTION_CANDIDATE; human visual confirmation required,1,UNKNOWN,UNKNOWN
P118,10.1109/tim.2024.3421433,B,3,7,NETWORK_ARCHITECTURE,Actor-network architecture.,2,AUTOMATED_CAPTION_CANDIDATE; human visual confirmation required,1,UNKNOWN,UNKNOWN
P118,10.1109/tim.2024.3421433,B,4,7,NETWORK_ARCHITECTURE,Critic network architecture.,3,AUTOMATED_CAPTION_CANDIDATE; human visual confirmation required,1,UNKNOWN,UNKNOWN
P118,10.1109/tim.2024.3421433,B,5,9,UNCLASSIFIED,Accumulated reward per episode in LTCC-UDUA.,6,AUTOMATED_CAPTION_CANDIDATE; human visual confirmation required,1,UNKNOWN,UNKNOWN
P118,10.1109/tim.2024.3421433,B,6,9,UNCLASSIFIED,the changes in the accumulated reward of each UA V,10,AUTOMATED_CAPTION_CANDIDATE; human visual confirmation required,1,UNKNOWN,UNKNOWN
P118,10.1109/tim.2024.3421433,B,7,10,UNCLASSIFIED,"Associated GUs number under different settings. (a) The number of GUs is 50, UA Vs increased from 5 to 10. (b) The number of UA Vs is 7, GUs",29,AUTOMATED_CAPTION_CANDIDATE; human visual confirmation required,2,UNKNOWN,UNKNOWN
P118,10.1109/tim.2024.3421433,B,8,10,UNCLASSIFIED,"Fairness index under different settings. (a) The number of GUs is 50, UA Vs increased from 5 to 10. (b) The number of UA Vs is 7, GUs increased",29,AUTOMATED_CAPTION_CANDIDATE; human visual confirmation required,2,UNKNOWN,UNKNOWN
P118,10.1109/tim.2024.3421433,B,9,11,UNCLASSIFIED,"Total throughput under different settings. (a) The number of GUs is 50, UA Vs increased from 5 to 10. (b) The number of UA Vs is 7, GUs increased",29,AUTOMATED_CAPTION_CANDIDATE; human visual confirmation required,2,UNKNOWN,UNKNOWN
P118,10.1109/tim.2024.3421433,B,10,11,UNCLASSIFIED,"Impact of the communication range of GUs on: (a) number of associated GUs, (b) fairness index, and (c) total throughput.",20,AUTOMATED_CAPTION_CANDIDATE; human visual confirmation required,3,UNKNOWN,UNKNOWN
P119,10.1109/tmech.2023.3328168,B,1,3,UNCLASSIFIED,Reference systems definition.,3,AUTOMATED_CAPTION_CANDIDATE; human visual confirmation required,1,UNKNOWN,UNKNOWN
P119,10.1109/tmech.2023.3328168,B,2,4,PROBLEM,Block diagram of the autonomous system for the landing problem.,10,AUTOMATED_CAPTION_CANDIDATE; human visual confirmation required,1,UNKNOWN,UNKNOWN
P119,10.1109/tmech.2023.3328168,B,3,5,UNCLASSIFIED,Landing logic and commanded velocity of the Follower ( uv). The,11,AUTOMATED_CAPTION_CANDIDATE; human visual confirmation required,1,UNKNOWN,UNKNOWN
P119,10.1109/tmech.2023.3328168,B,4,8,UNCLASSIFIED,CARRIER-1 (Carrier) and ANT-X (Follower) UA Vs.,7,AUTOMATED_CAPTION_CANDIDATE; human visual confirmation required,1,UNKNOWN,UNKNOWN
P119,10.1109/tmech.2023.3328168,B,5,9,UNCLASSIFIED,True velocity of the Carrier and estimate obtained from the KF,11,AUTOMATED_CAPTION_CANDIDATE; human visual confirmation required,1,UNKNOWN,UNKNOWN
P119,10.1109/tmech.2023.3328168,B,6,9,UNCLASSIFIED,In-plane relative position ∥e⊥,4,AUTOMATED_CAPTION_CANDIDATE; human visual confirmation required,1,UNKNOWN,UNKNOWN
P119,10.1109/tmech.2023.3328168,B,7,10,UNCLASSIFIED,"In-plane position of the Follower (red), desired (green), estimated",9,AUTOMATED_CAPTION_CANDIDATE; human visual confirmation required,1,UNKNOWN,UNKNOWN
P119,10.1109/tmech.2023.3328168,B,8,10,UNCLASSIFIED,True and estimated in-plane relative position ∥e⊥,7,AUTOMATED_CAPTION_CANDIDATE; human visual confirmation required,1,UNKNOWN,UNKNOWN
P119,10.1109/tmech.2023.3328168,B,9,10,UNCLASSIFIED,True and estimated relative vertical position |ep3| time history from,10,AUTOMATED_CAPTION_CANDIDATE; human visual confirmation required,1,UNKNOWN,UNKNOWN
P119,10.1109/tmech.2023.3328168,B,10,10,UNCLASSIFIED,True and estimated in-plane relative position ∥e⊥,7,AUTOMATED_CAPTION_CANDIDATE; human visual confirmation required,1,UNKNOWN,UNKNOWN
P120,10.1109/tim.2022.3151934,B,1,3,SYSTEM_OVERVIEW,Diagram of the localizatio n system setup based on UWB nodes for,12,AUTOMATED_CAPTION_CANDIDATE; human visual confirmation required,1,UNKNOWN,UNKNOWN
P120,10.1109/tim.2022.3151934,B,2,3,UNCLASSIFIED,Deﬁnition the relative attitude between the world frame and the body,11,AUTOMATED_CAPTION_CANDIDATE; human visual confirmation required,1,UNKNOWN,UNKNOWN
P120,10.1109/tim.2022.3151934,B,3,4,UNCLASSIFIED,Setup of static experi ment for data collection.,8,AUTOMATED_CAPTION_CANDIDATE; human visual confirmation required,1,UNKNOWN,UNKNOWN
P120,10.1109/tim.2022.3151934,B,4,4,UNCLASSIFIED,Frequency distribution hist ogram and ﬁt curves based on the measured,11,AUTOMATED_CAPTION_CANDIDATE; human visual confirmation required,1,UNKNOWN,UNKNOWN
P120,10.1109/tim.2022.3151934,B,5,5,SYSTEM_OVERVIEW,"System architecture. Onboard computer c onsists of the UA V with guidance, navigation, and control modules. Ground station consists of motion",21,AUTOMATED_CAPTION_CANDIDATE; human visual confirmation required,1,UNKNOWN,UNKNOWN
P120,10.1109/tim.2022.3151934,B,6,5,UNCLASSIFIED,Composite ﬁlter architecture.,3,AUTOMATED_CAPTION_CANDIDATE; human visual confirmation required,1,UNKNOWN,UNKNOWN
P120,10.1109/tim.2022.3151934,B,7,5,UNCLASSIFIED,Graphical model of the measurement.,5,AUTOMATED_CAPTION_CANDIDATE; human visual confirmation required,1,UNKNOWN,UNKNOWN
P120,10.1109/tim.2022.3151934,B,8,7,UNCLASSIFIED,"Trajectories generated by the proposed approach (red), the EKF-DO",9,AUTOMATED_CAPTION_CANDIDATE; human visual confirmation required,1,UNKNOWN,UNKNOWN
P120,10.1109/tim.2022.3151934,B,9,7,UNCLASSIFIED,"Estimation RMSEs of the proposed approach (red), the",8,AUTOMATED_CAPTION_CANDIDATE; human visual confirmation required,1,UNKNOWN,UNKNOWN
P120,10.1109/tim.2022.3151934,B,10,8,UNCLASSIFIED,"Trajectories generated by the proposed approach (red), the EKF-DO",9,AUTOMATED_CAPTION_CANDIDATE; human visual confirmation required,1,UNKNOWN,UNKNOWN
P120,10.1109/tim.2022.3151934,B,11,8,UNCLASSIFIED,"Estimation RMSEs of the proposed approach (red), the",8,AUTOMATED_CAPTION_CANDIDATE; human visual confirmation required,1,UNKNOWN,UNKNOWN
P120,10.1109/tim.2022.3151934,B,12,8,UNCLASSIFIED,"Trajectories generated by th e proposed approach (red), the EKF-DO",10,AUTOMATED_CAPTION_CANDIDATE; human visual confirmation required,1,UNKNOWN,UNKNOWN
P120,10.1109/tim.2022.3151934,B,13,8,UNCLASSIFIED,"Estimation RMSEs of the proposed approach (red), the",8,AUTOMATED_CAPTION_CANDIDATE; human visual confirmation required,1,UNKNOWN,UNKNOWN
P120,10.1109/tim.2022.3151934,B,14,9,PROBLEM; SCENARIO,Deployment scenario of the test laboratory consisting of UWB,9,AUTOMATED_CAPTION_CANDIDATE; human visual confirmation required,1,UNKNOWN,UNKNOWN
P120,10.1109/tim.2022.3151934,B,15,9,QUANTITATIVE_RESULT,Tracking performance in Test 1. (a) Trajectories generated by,9,AUTOMATED_CAPTION_CANDIDATE; human visual confirmation required,1,UNKNOWN,UNKNOWN
P120,10.1109/tim.2022.3151934,B,16,10,QUANTITATIVE_RESULT,Tracking performance in Test 2. (a) Trajectories generated by,9,AUTOMATED_CAPTION_CANDIDATE; human visual confirmation required,1,UNKNOWN,UNKNOWN
P120,10.1109/tim.2022.3151934,B,17,10,QUANTITATIVE_RESULT,Tracking performance in Test 3. (a) Trajectories generated by,9,AUTOMATED_CAPTION_CANDIDATE; human visual confirmation required,1,UNKNOWN,UNKNOWN
