Paper_ID,DOI,Role,Journal,Year,Title,Total_pages,Total_pages_status,Main_text_estimated_pages,Main_text_pages_status,Number_of_main_sections,Main_section_count_status,Number_of_subsections,Subsection_count_status,Introduction_length_pages,Introduction_length_status,Related_Work_independent,Preliminaries_independent,Problem_Formulation_independent,Methodology_length_pages,Methodology_length_status,Theory_section_length_pages,Theory_length_status,Experiment_section_length_pages,Experiment_length_status,Conclusion_length_pages,Conclusion_length_status,Number_of_figures,Figure_count_status,Number_of_figure_panels,Figure_panel_status,Number_of_tables,Table_count_status,Number_of_equations,Equation_count_status,Number_of_algorithms,Algorithm_count_status,Number_of_theorems,Number_of_propositions,Number_of_lemmas,Number_of_baselines,Baseline_count_status,Ablation_presence,Sensitivity_presence,Robustness_presence,Generalization_presence,Runtime_presence,Complexity_analysis_presence,Simulation_presence,Physical_experiment_presence,Theoretical_analysis_signal,Algorithm_block_presence,Contribution_count,Contribution_count_available,Contribution_count_status,Major_claim_count,Major_claim_count_status,Claim_types_detected,Primary_research_type,Secondary_research_types,Primary_learning_tags,Introduction_rhetorical_sequence,Introduction_function_count,Figure_types_detected,Table_types_detected,Evidence_types_detected,Source_PDF,Extracted_characters,Evidence_region_status,Extractor_version,Extraction_notes
P001,10.1109/tac.2021.3097706,A,TAC,2021,Distributionally Robust Chance Constrained Data-Enabled Predictive Control,16,EXACT_PDF,13,ESTIMATED_FROM_INTRO_REFERENCES_BOUNDARIES,6,ESTIMATED_FROM_HEADING_EXTRACTION,8,ESTIMATED_FROM_HEADING_EXTRACTION,2.03,ESTIMATED,False,False,False,,UNKNOWN,,UNKNOWN,2.01,ESTIMATED,5.52,ESTIMATED,2,AUTOMATED_LABEL_COUNT,7,ESTIMATED_FROM_CAPTIONS,1,AUTOMATED_LABEL_COUNT,15,AUTOMATED_LOWER_BOUND,1,AUTOMATED_LABEL_COUNT,2,1,1,1,AUTOMATED_LOWER_BOUND,False,True,False,False,False,False,True,False,True,True,1,True,ESTIMATED from contribution sentences,2,ESTIMATED_FROM_CLAIM_TAXONOMY,ROBUSTNESS; SAFETY,UAV autonomy paper,Navigation / planning paper; Control theory paper; Engineering control paper; Robotics system paper; Hybrid method-system paper,STRUCTURE; METHOD; THEORY; ALGORITHM; FIGURE; TABLE; EXPERIMENT; ROBUSTNESS; RESULTS_WRITING; CONTROL; UAV; ROBOTICS; PLANNING; TRAJECTORY; OPTIMIZATION,TECHNICAL_PROBLEM > LIMITATION > PROPOSED_APPROACH > CORE_INSIGHT > SCIENTIFIC_CHALLENGE > CONTRIBUTIONS,6,ROBUSTNESS; TRAJECTORY,MAIN_COMPARISON,MAIN_COMPARISON; PARAMETER_SENSITIVITY,D:\ieee my skills\IEEE_TRANS_CORPUS\papers\TAC\Coulson_2021_TAC_Distributionally-Robust-Chance-Constrained-Data-Enabled-Predictive-Con.pdf,81725,EVALUATION_SECTION_BOUNDARY,2.3,Counts are exact only where explicitly labelled; section lengths and semantic classifications are estimates.
P002,10.1109/tac.2022.3144107,A,TAC,2022,Robust Consensus of High-Order Systems Under Output Constraints: Application to Rendezvous of Underactuated UAVs,14,EXACT_PDF,12,ESTIMATED_FROM_INTRO_REFERENCES_BOUNDARIES,5,ESTIMATED_FROM_HEADING_EXTRACTION,9,ESTIMATED_FROM_HEADING_EXTRACTION,1.54,ESTIMATED,False,False,True,,UNKNOWN,,UNKNOWN,,UNKNOWN,2.73,ESTIMATED,6,AUTOMATED_LABEL_COUNT,6,ESTIMATED_FROM_CAPTIONS,0,AUTOMATED_LABEL_COUNT,67,AUTOMATED_LOWER_BOUND,0,AUTOMATED_LABEL_COUNT,4,1,0,0,AUTOMATED_LOWER_BOUND,False,False,True,True,False,False,True,False,True,False,,False,UNKNOWN: no reliably delimited contribution block,5,ESTIMATED_FROM_CLAIM_TAXONOMY,ROBUSTNESS; STABILITY; SAFETY; COORDINATION; CONVERGENCE,UAV autonomy paper,Multi-agent decision paper; Navigation / planning paper; Control theory paper; Engineering control paper; Robotics system paper; Hybrid method-system paper,STRUCTURE; PROBLEM_FORMULATION; METHOD; THEORY; FIGURE; EXPERIMENT; ROBUSTNESS; GENERALIZATION; RESULTS_WRITING; CONTROL; MULTI_AGENT; UAV; ROBOTICS; PLANNING,APPLICATION_CONTEXT > LIMITATION > CONTRIBUTIONS > TECHNICAL_PROBLEM > PROPOSED_APPROACH,5,TRAJECTORY,UNKNOWN,ROBUSTNESS; GENERALIZATION,D:\ieee my skills\IEEE_TRANS_CORPUS\papers\TAC\Restrepo_2022_TAC_Robust-Consensus-of-High-Order-Systems-Under-Output-Constraints-Applic.pdf,76743,MAIN_TEXT_FALLBACK_NO_EVALUATION_HEADING,2.3,Counts are exact only where explicitly labelled; section lengths and semantic classifications are estimates.
P003,10.1109/tac.2026.3653296,A,TAC,2026,Optimization and Learning in Open Multiagent Systems,16,EXACT_PDF,13,ESTIMATED_FROM_INTRO_REFERENCES_BOUNDARIES,4,ESTIMATED_FROM_HEADING_EXTRACTION,14,ESTIMATED_FROM_HEADING_EXTRACTION,1.9,ESTIMATED,False,False,False,,UNKNOWN,,UNKNOWN,,UNKNOWN,4.37,ESTIMATED,7,AUTOMATED_LABEL_COUNT,9,ESTIMATED_FROM_CAPTIONS,2,AUTOMATED_LABEL_COUNT,22,AUTOMATED_LOWER_BOUND,1,AUTOMATED_LABEL_COUNT,3,2,2,1,AUTOMATED_LOWER_BOUND,False,True,False,True,False,False,True,False,True,True,,False,UNKNOWN: no reliably delimited contribution block,6,ESTIMATED_FROM_CLAIM_TAXONOMY,ACCURACY; ROBUSTNESS; GENERALIZATION; COORDINATION; CONVERGENCE; CONTROL_PERFORMANCE,RL / MARL method paper,Multi-agent decision paper; Control theory paper; Hybrid method-system paper,STRUCTURE; METHOD; THEORY; ALGORITHM; FIGURE; TABLE; EXPERIMENT; GENERALIZATION; RESULTS_WRITING; CONTROL; RL; MARL; MULTI_AGENT; TRAJECTORY; OPTIMIZATION,LIMITATION > TECHNICAL_PROBLEM > CONTRIBUTIONS > RESEARCH_GAP,4,QUANTITATIVE_RESULT,UNKNOWN,MAIN_COMPARISON; PARAMETER_SENSITIVITY; GENERALIZATION; CROSS_SCENARIO,D:\ieee my skills\IEEE_TRANS_CORPUS\papers\TAC\Deplano_2026_TAC_Optimization-and-Learning-in-Open-Multiagent-Systems.pdf,86402,MAIN_TEXT_FALLBACK_NO_EVALUATION_HEADING,2.3,Counts are exact only where explicitly labelled; section lengths and semantic classifications are estimates.
P004,10.1109/tac.2023.3317728,A,TAC,2023,A Sum-of-States Preservation Framework for Open Multiagent Systems With Nonlinear Heterogeneous Coupling,8,EXACT_PDF,7,ESTIMATED_FROM_INTRO_REFERENCES_BOUNDARIES,7,ESTIMATED_FROM_HEADING_EXTRACTION,4,ESTIMATED_FROM_HEADING_EXTRACTION,1.71,ESTIMATED,False,False,False,,UNKNOWN,,UNKNOWN,1.73,ESTIMATED,1.48,ESTIMATED,4,AUTOMATED_LABEL_COUNT,5,ESTIMATED_FROM_CAPTIONS,0,AUTOMATED_LABEL_COUNT,9,AUTOMATED_LOWER_BOUND,0,AUTOMATED_LABEL_COUNT,2,0,1,1,AUTOMATED_LOWER_BOUND,False,False,False,True,False,False,True,False,True,False,,False,UNKNOWN: no reliably delimited contribution block,4,ESTIMATED_FROM_CLAIM_TAXONOMY,ACCURACY; GENERALIZATION; COORDINATION; CONVERGENCE,RL / MARL method paper,Multi-agent decision paper; Control theory paper; Hybrid method-system paper,STRUCTURE; METHOD; THEORY; FIGURE; EXPERIMENT; GENERALIZATION; RESULTS_WRITING; CONTROL; RL; MARL; MULTI_AGENT; TRAJECTORY; OPTIMIZATION,APPLICATION_CONTEXT > TECHNICAL_PROBLEM > LIMITATION > PROPOSED_APPROACH > RESEARCH_GAP > CONTRIBUTIONS,6,UNKNOWN,UNKNOWN,GENERALIZATION,D:\ieee my skills\IEEE_TRANS_CORPUS\papers\TAC\Oliva_2023_TAC_A-Sum-of-States-Preservation-Framework-for-Open-Multiagent-Systems-Wit.pdf,41771,EVALUATION_SECTION_BOUNDARY,2.3,Counts are exact only where explicitly labelled; section lengths and semantic classifications are estimates.
P005,10.1109/tac.2024.3386024,A,TAC,2024,On Multirobot Path Planning Based on Petri Net Models and LTL Specifications,8,EXACT_PDF,6,ESTIMATED_FROM_INTRO_REFERENCES_BOUNDARIES,7,ESTIMATED_FROM_HEADING_EXTRACTION,0,ESTIMATED_FROM_HEADING_EXTRACTION,0.89,ESTIMATED,True,False,True,,UNKNOWN,,UNKNOWN,0.74,ESTIMATED,1.22,ESTIMATED,5,AUTOMATED_LABEL_COUNT,11,ESTIMATED_FROM_CAPTIONS,1,AUTOMATED_LABEL_COUNT,2,AUTOMATED_LOWER_BOUND,3,AUTOMATED_LABEL_COUNT,0,0,0,1,AUTOMATED_LOWER_BOUND,False,False,False,False,True,False,True,False,False,True,,False,UNKNOWN: no reliably delimited contribution block,1,ESTIMATED_FROM_CLAIM_TAXONOMY,SCALABILITY,RL / MARL method paper,Multi-agent decision paper; Navigation / planning paper; Trajectory optimization paper; Robotics system paper,STRUCTURE; PROBLEM_FORMULATION; METHOD; ALGORITHM; FIGURE; TABLE; EXPERIMENT; RESULTS_WRITING; RL; MARL; MULTI_AGENT; ROBOTICS; PLANNING,APPLICATION_CONTEXT > LIMITATION > PROPOSED_APPROACH > CONTRIBUTIONS > TECHNICAL_PROBLEM,5,SCENARIO,UNKNOWN,SCALABILITY; RUNTIME,D:\ieee my skills\IEEE_TRANS_CORPUS\papers\TAC\Hustiu_2024_TAC_On-Multirobot-Path-Planning-Based-on-Petri-Net-Models-and-LTL-Specific.pdf,41470,EVALUATION_SECTION_BOUNDARY,2.3,Counts are exact only where explicitly labelled; section lengths and semantic classifications are estimates.
P006,10.1109/taes.2024.3401668,A,TAES,2024,Optimized Fuzzy Attitude Control of Quadrotor Unmanned Aerial Vehicle Using Adaptive Reinforcement Learning Strategy,9,EXACT_PDF,7,ESTIMATED_FROM_INTRO_REFERENCES_BOUNDARIES,3,ESTIMATED_FROM_HEADING_EXTRACTION,6,ESTIMATED_FROM_HEADING_EXTRACTION,1.13,ESTIMATED,False,True,False,,UNKNOWN,,UNKNOWN,,UNKNOWN,,UNKNOWN,7,AUTOMATED_LABEL_COUNT,9,ESTIMATED_FROM_CAPTIONS,0,AUTOMATED_LABEL_COUNT,49,AUTOMATED_LOWER_BOUND,0,AUTOMATED_LABEL_COUNT,1,0,1,1,AUTOMATED_LOWER_BOUND,False,False,False,False,False,False,False,False,True,False,3,True,ESTIMATED from enumerated contribution block,1,ESTIMATED_FROM_CLAIM_TAXONOMY,COORDINATION,UAV autonomy paper,RL / MARL method paper; Engineering control paper,STRUCTURE; INTRODUCTION; METHOD; THEORY; FIGURE; EXPERIMENT; RESULTS_WRITING; CONTROL; RL; MARL; MULTI_AGENT; UAV; OPTIMIZATION,APPLICATION_CONTEXT > CORE_INSIGHT > LIMITATION > TECHNICAL_PROBLEM > CONTRIBUTIONS,5,QUANTITATIVE_RESULT; SENSITIVITY,UNKNOWN,MAIN_COMPARISON; ENVIRONMENT_VARIATION,D:\ieee my skills\IEEE_TRANS_CORPUS\papers\TAES\Wen_2024_TAES_Optimized-Fuzzy-Attitude-Control-of-Quadrotor-Unmanned-Aerial-Vehicle-.pdf,43965,MAIN_TEXT_FALLBACK_NO_EVALUATION_HEADING,2.3,Counts are exact only where explicitly labelled; section lengths and semantic classifications are estimates.
P007,10.1109/taes.2025.3569615,A,TAES,2025,Single-Agent Attention Actor–Critic: A Deep Reinforcement Learning-Based Solution for Low-Thrust Spacecraft Trajectory Optimization,16,EXACT_PDF,14,ESTIMATED_FROM_INTRO_REFERENCES_BOUNDARIES,6,ESTIMATED_FROM_HEADING_EXTRACTION,15,ESTIMATED_FROM_HEADING_EXTRACTION,1.85,ESTIMATED,True,True,False,,UNKNOWN,,UNKNOWN,,UNKNOWN,3.55,ESTIMATED,9,AUTOMATED_LABEL_COUNT,21,ESTIMATED_FROM_CAPTIONS,7,AUTOMATED_LABEL_COUNT,39,AUTOMATED_LOWER_BOUND,0,AUTOMATED_LABEL_COUNT,0,0,0,1,AUTOMATED_LOWER_BOUND,True,False,False,True,False,True,True,False,True,False,,False,UNKNOWN: no reliably delimited contribution block,1,ESTIMATED_FROM_CLAIM_TAXONOMY,STABILITY,RL / MARL method paper,Trajectory optimization paper,STRUCTURE; INTRODUCTION; METHOD; THEORY; FIGURE; TABLE; EXPERIMENT; ABLATION; GENERALIZATION; RESULTS_WRITING; RL; MARL; MULTI_AGENT; TRAJECTORY; OPTIMIZATION,APPLICATION_CONTEXT > TECHNICAL_PROBLEM > LIMITATION > CONTRIBUTIONS > EXISTING_APPROACHES,5,QUANTITATIVE_RESULT; SENSITIVITY; TRAJECTORY,COMPLEXITY; PARAMETERS,MAIN_COMPARISON; ABLATION; GENERALIZATION; COMPUTATIONAL_COMPLEXITY; QUALITATIVE_VISUALIZATION,D:\ieee my skills\IEEE_TRANS_CORPUS\papers\TAES\Zaidi_2025_TAES_Single-Agent-Attention-Actor-Critic-A-Deep-Reinforcement-Learning-Base.pdf,78662,MAIN_TEXT_FALLBACK_NO_EVALUATION_HEADING,2.3,Counts are exact only where explicitly labelled; section lengths and semantic classifications are estimates.
P008,10.1109/taes.2025.3624705,A,TAES,2026,Learning-Based Model Predictive Control for Cooperative Spacecraft Swarm Reconfiguration,17,EXACT_PDF,15,ESTIMATED_FROM_INTRO_REFERENCES_BOUNDARIES,3,ESTIMATED_FROM_HEADING_EXTRACTION,10,ESTIMATED_FROM_HEADING_EXTRACTION,2.49,ESTIMATED,False,True,True,,UNKNOWN,,UNKNOWN,,UNKNOWN,,UNKNOWN,10,AUTOMATED_LABEL_COUNT,16,ESTIMATED_FROM_CAPTIONS,4,AUTOMATED_LABEL_COUNT,47,AUTOMATED_LOWER_BOUND,1,AUTOMATED_LABEL_COUNT,1,0,0,2,AUTOMATED_LOWER_BOUND,False,False,True,True,True,True,True,False,True,True,,False,UNKNOWN: no reliably delimited contribution block,4,ESTIMATED_FROM_CLAIM_TAXONOMY,SCALABILITY; STABILITY; REAL_TIME; COORDINATION,UAV autonomy paper,RL / MARL method paper; Multi-agent decision paper; Trajectory optimization paper; Learning-based control paper; Engineering control paper,STRUCTURE; INTRODUCTION; PROBLEM_FORMULATION; METHOD; THEORY; ALGORITHM; FIGURE; TABLE; EXPERIMENT; ROBUSTNESS; GENERALIZATION; RESULTS_WRITING; CONTROL; RL; MARL; MULTI_AGENT,LIMITATION > APPLICATION_CONTEXT > EXISTING_APPROACHES > TECHNICAL_PROBLEM > CORE_INSIGHT > CONTRIBUTIONS > PROPOSED_APPROACH,7,NETWORK_ARCHITECTURE; QUANTITATIVE_RESULT,COMPLEXITY; MAIN_COMPARISON; PARAMETERS,MAIN_COMPARISON; ROBUSTNESS; GENERALIZATION; SCALABILITY; RUNTIME; COMPUTATIONAL_COMPLEXITY,D:\ieee my skills\IEEE_TRANS_CORPUS\papers\TAES\Ren_2026_TAES_Learning-Based-Model-Predictive-Control-for-Cooperative-Spacecraft-Swa.pdf,83412,MAIN_TEXT_FALLBACK_NO_EVALUATION_HEADING,2.3,Counts are exact only where explicitly labelled; section lengths and semantic classifications are estimates.
P009,10.1109/taes.2024.3485601,A,TAES,2025,Distributed Event-Triggered Model Predictive Control for Spacecraft Swarm,18,EXACT_PDF,16,ESTIMATED_FROM_INTRO_REFERENCES_BOUNDARIES,5,ESTIMATED_FROM_HEADING_EXTRACTION,15,ESTIMATED_FROM_HEADING_EXTRACTION,2.03,ESTIMATED,False,False,False,,UNKNOWN,,UNKNOWN,2.45,ESTIMATED,2.11,ESTIMATED,21,AUTOMATED_LABEL_COUNT,29,ESTIMATED_FROM_CAPTIONS,2,AUTOMATED_LABEL_COUNT,51,AUTOMATED_LOWER_BOUND,1,AUTOMATED_LABEL_COUNT,3,0,1,1,AUTOMATED_LOWER_BOUND,False,False,False,False,True,False,True,False,True,True,,False,UNKNOWN: no reliably delimited contribution block,5,ESTIMATED_FROM_CLAIM_TAXONOMY,ACCURACY; ROBUSTNESS; STABILITY; SAFETY; COORDINATION,UAV autonomy paper,Multi-agent decision paper; Trajectory optimization paper; Engineering control paper,STRUCTURE; INTRODUCTION; METHOD; THEORY; ALGORITHM; FIGURE; TABLE; EXPERIMENT; RESULTS_WRITING; CONTROL; MULTI_AGENT,LIMITATION > TECHNICAL_PROBLEM > CORE_INSIGHT > APPLICATION_CONTEXT > EXPERIMENTAL_PREVIEW,5,UNKNOWN,COMPLEXITY; PARAMETERS,MAIN_COMPARISON; RUNTIME,D:\ieee my skills\IEEE_TRANS_CORPUS\papers\TAES\Sun_2025_TAES_Distributed-Event-Triggered-Model-Predictive-Control-for-Spacecraft-Sw.pdf,80527,EVALUATION_SECTION_BOUNDARY,2.3,Counts are exact only where explicitly labelled; section lengths and semantic classifications are estimates.
P010,10.1109/taes.2025.3550128,A,TAES,2025,Real-Time Path Planning for Autonomous UAVs: An Event-Triggered Multimodal Adaptive Pigeon-Inspired Optimization Approach,10,EXACT_PDF,8,ESTIMATED_FROM_INTRO_REFERENCES_BOUNDARIES,3,ESTIMATED_FROM_HEADING_EXTRACTION,12,ESTIMATED_FROM_HEADING_EXTRACTION,1.75,ESTIMATED,False,False,True,,UNKNOWN,,UNKNOWN,,UNKNOWN,,UNKNOWN,9,AUTOMATED_LABEL_COUNT,30,ESTIMATED_FROM_CAPTIONS,1,AUTOMATED_LABEL_COUNT,16,AUTOMATED_LOWER_BOUND,1,AUTOMATED_LABEL_COUNT,0,0,0,1,AUTOMATED_LOWER_BOUND,False,False,False,True,True,True,True,False,True,True,3,True,ESTIMATED from enumerated contribution block,9,ESTIMATED_FROM_CLAIM_TAXONOMY,ACCURACY; ROBUSTNESS; SCALABILITY; STABILITY; SAFETY; REAL_TIME; REAL_WORLD; COORDINATION; CONVERGENCE,UAV autonomy paper,Navigation / planning paper; Robotics system paper,STRUCTURE; INTRODUCTION; PROBLEM_FORMULATION; METHOD; THEORY; ALGORITHM; FIGURE; TABLE; EXPERIMENT; RESULTS_WRITING; UAV; ROBOTICS; PLANNING; TRAJECTORY; OPTIMIZATION,APPLICATION_CONTEXT > TECHNICAL_PROBLEM > CONTRIBUTIONS > LIMITATION > EXPERIMENTAL_PREVIEW > RESEARCH_GAP,6,PROBLEM; QUANTITATIVE_RESULT; SCENARIO; TRAJECTORY,MAIN_COMPARISON,MAIN_COMPARISON; GENERALIZATION; SCALABILITY; RUNTIME; COMPUTATIONAL_COMPLEXITY; CROSS_SCENARIO,D:\ieee my skills\IEEE_TRANS_CORPUS\papers\TAES\Zhang_2025_TAES_Real-Time-Path-Planning-for-Autonomous-UAVs-An-Event-Triggered-Multimo.pdf,43754,MAIN_TEXT_FALLBACK_NO_EVALUATION_HEADING,2.3,Counts are exact only where explicitly labelled; section lengths and semantic classifications are estimates.
P011,10.1109/taes.2025.3633213,A,TAES,2026,A Deep-Reinforcement-Learning-Based UAV Trajectory Planning Method for Generalizable Radar Phantom Track Generation,16,EXACT_PDF,14,ESTIMATED_FROM_INTRO_REFERENCES_BOUNDARIES,4,ESTIMATED_FROM_HEADING_EXTRACTION,12,ESTIMATED_FROM_HEADING_EXTRACTION,1.4,ESTIMATED,False,False,True,,UNKNOWN,,UNKNOWN,,UNKNOWN,3.09,ESTIMATED,14,AUTOMATED_LABEL_COUNT,24,ESTIMATED_FROM_CAPTIONS,6,AUTOMATED_LABEL_COUNT,42,AUTOMATED_LOWER_BOUND,1,AUTOMATED_LABEL_COUNT,0,0,0,2,AUTOMATED_LOWER_BOUND,True,False,False,True,False,False,True,False,False,True,,False,UNKNOWN: no reliably delimited contribution block,4,ESTIMATED_FROM_CLAIM_TAXONOMY,GENERALIZATION; SCALABILITY; REAL_TIME; CONVERGENCE,UAV autonomy paper,RL / MARL method paper; Navigation / planning paper,STRUCTURE; INTRODUCTION; METHOD; ALGORITHM; FIGURE; TABLE; EXPERIMENT; ABLATION; GENERALIZATION; RESULTS_WRITING; RL; MARL; MULTI_AGENT; UAV; PLANNING; TRAJECTORY; OPTIMIZATION,APPLICATION_CONTEXT > LIMITATION > TECHNICAL_PROBLEM > EXISTING_APPROACHES > PROPOSED_APPROACH > CONTRIBUTIONS,6,PROBLEM; QUANTITATIVE_RESULT; SCENARIO; TRAJECTORY,COMPLEXITY; ENVIRONMENT_SETTINGS; MAIN_COMPARISON; PARAMETERS,MAIN_COMPARISON; ABLATION; GENERALIZATION; SCALABILITY,D:\ieee my skills\IEEE_TRANS_CORPUS\papers\TAES\Liu_2026_TAES_A-Deep-Reinforcement-Learning-Based-UAV-Trajectory-Planning-Method-for.pdf,72440,MAIN_TEXT_FALLBACK_NO_EVALUATION_HEADING,2.3,Counts are exact only where explicitly labelled; section lengths and semantic classifications are estimates.
P012,10.1109/tai.2023.3237665,A,TAI,2024,Robotic Control in Adversarial and Sparse Reward Environments: A Robust Goal-Conditioned Reinforcement Learning Approach,10,EXACT_PDF,8,ESTIMATED_FROM_INTRO_REFERENCES_BOUNDARIES,4,ESTIMATED_FROM_HEADING_EXTRACTION,8,ESTIMATED_FROM_HEADING_EXTRACTION,1.72,ESTIMATED,False,True,False,4.43,ESTIMATED,,UNKNOWN,,UNKNOWN,2.8,ESTIMATED,6,AUTOMATED_LABEL_COUNT,11,ESTIMATED_FROM_CAPTIONS,2,AUTOMATED_LABEL_COUNT,26,AUTOMATED_LOWER_BOUND,2,AUTOMATED_LABEL_COUNT,0,0,0,2,AUTOMATED_LOWER_BOUND,False,False,False,False,False,False,True,False,True,True,3,True,ESTIMATED from enumerated contribution block,1,ESTIMATED_FROM_CLAIM_TAXONOMY,ROBUSTNESS,RL / MARL method paper,Navigation / planning paper; Robotics system paper,STRUCTURE; METHOD; THEORY; ALGORITHM; FIGURE; TABLE; EXPERIMENT; ROBUSTNESS; RESULTS_WRITING; CONTROL; RL; MARL; MULTI_AGENT; ROBOTICS; PLANNING,APPLICATION_CONTEXT > TECHNICAL_PROBLEM > LIMITATION > CORE_INSIGHT > CONTRIBUTIONS > EXPERIMENTAL_PREVIEW,6,METHOD_FRAMEWORK; QUANTITATIVE_RESULT; ROBUSTNESS; SCENARIO,BASELINE_DESCRIPTION; COMPLEXITY; PARAMETERS,MAIN_COMPARISON,D:\ieee my skills\IEEE_TRANS_CORPUS\papers\TAI\He_2024_TAI_Robotic-Control-in-Adversarial-and-Sparse-Reward-Environments-A-Robust.pdf,46167,MAIN_TEXT_FALLBACK_NO_EVALUATION_HEADING,2.3,Counts are exact only where explicitly labelled; section lengths and semantic classifications are estimates.
P013,10.1109/tai.2024.3351797,A,TAI,2024,Learn From Safe Experience: Safe Reinforcement Learning for Task Automation of Surgical Robot,10,EXACT_PDF,9,ESTIMATED_FROM_INTRO_REFERENCES_BOUNDARIES,2,ESTIMATED_FROM_HEADING_EXTRACTION,12,ESTIMATED_FROM_HEADING_EXTRACTION,4.18,ESTIMATED,False,False,False,,UNKNOWN,,UNKNOWN,5.3,ESTIMATED,,UNKNOWN,8,AUTOMATED_LABEL_COUNT,12,ESTIMATED_FROM_CAPTIONS,1,AUTOMATED_LABEL_COUNT,13,AUTOMATED_LOWER_BOUND,1,AUTOMATED_LABEL_COUNT,0,0,0,2,AUTOMATED_LOWER_BOUND,False,False,False,True,False,False,True,True,True,True,,False,UNKNOWN: no reliably delimited contribution block,1,ESTIMATED_FROM_CLAIM_TAXONOMY,SAFETY,RL / MARL method paper,Navigation / planning paper; Robotics system paper,STRUCTURE; METHOD; THEORY; ALGORITHM; FIGURE; TABLE; EXPERIMENT; GENERALIZATION; REAL_WORLD; RESULTS_WRITING; RL; MARL; MULTI_AGENT; ROBOTICS; PLANNING,TECHNICAL_PROBLEM > LIMITATION > APPLICATION_CONTEXT > CONTRIBUTIONS > PROPOSED_APPROACH > EXISTING_APPROACHES > CORE_INSIGHT,7,QUANTITATIVE_RESULT; SCENARIO,UNKNOWN,MAIN_COMPARISON; GENERALIZATION; REAL_WORLD; SIM_TO_REAL,D:\ieee my skills\IEEE_TRANS_CORPUS\papers\TAI\Fan_2024_TAI_Learn-From-Safe-Experience-Safe-Reinforcement-Learning-for-Task-Automa.pdf,51390,EVALUATION_SECTION_BOUNDARY,2.3,Counts are exact only where explicitly labelled; section lengths and semantic classifications are estimates.
P014,10.1109/tai.2025.3607722,A,TAI,2026,Multirate Distributed Receding Horizon Reinforcement Learning for Optimal UAV–UGV Formation Control,16,EXACT_PDF,14,ESTIMATED_FROM_INTRO_REFERENCES_BOUNDARIES,4,ESTIMATED_FROM_HEADING_EXTRACTION,20,ESTIMATED_FROM_HEADING_EXTRACTION,2.12,ESTIMATED,False,False,True,,UNKNOWN,,UNKNOWN,2.47,ESTIMATED,5.13,ESTIMATED,8,AUTOMATED_LABEL_COUNT,27,ESTIMATED_FROM_CAPTIONS,2,AUTOMATED_LABEL_COUNT,36,AUTOMATED_LOWER_BOUND,2,AUTOMATED_LABEL_COUNT,3,0,0,1,AUTOMATED_LOWER_BOUND,False,False,False,False,False,False,True,False,True,True,3,True,ESTIMATED from enumerated contribution block,0,ESTIMATED_FROM_CLAIM_TAXONOMY,NONE_DETECTED,UAV autonomy paper,RL / MARL method paper; Multi-agent decision paper; Engineering control paper,STRUCTURE; METHOD; THEORY; ALGORITHM; FIGURE; TABLE; EXPERIMENT; RESULTS_WRITING; CONTROL; RL; MARL; MULTI_AGENT; UAV; TRAJECTORY; OPTIMIZATION,LIMITATION > CORE_INSIGHT > TECHNICAL_PROBLEM > PROPOSED_APPROACH > APPLICATION_CONTEXT > EXISTING_APPROACHES > CONTRIBUTIONS,7,METHOD_FRAMEWORK; PROBLEM; QUALITATIVE_RESULT; ROBUSTNESS; SCENARIO; TRAJECTORY,ENVIRONMENT_SETTINGS; MAIN_COMPARISON; PARAMETERS,MAIN_COMPARISON; SCALABILITY,D:\ieee my skills\IEEE_TRANS_CORPUS\papers\TAI\Zhang_2026_TAI_Multirate-Distributed-Receding-Horizon-Reinforcement-Learning-for-Opti.pdf,77615,EVALUATION_SECTION_BOUNDARY,2.3,Counts are exact only where explicitly labelled; section lengths and semantic classifications are estimates.
P015,10.1109/tai.2025.3607790,A,TAI,2026,Distributed Reinforcement Learning Optimal Cluster Consensus Control for Takagi–Sugeno Fuzzy Multiagent Systems,11,EXACT_PDF,11,ESTIMATED_WITH_MISSING_BOUNDARY,5,ESTIMATED_FROM_HEADING_EXTRACTION,3,ESTIMATED_FROM_HEADING_EXTRACTION,1.64,ESTIMATED,False,True,False,,UNKNOWN,1.95,ESTIMATED,3.69,ESTIMATED,,UNKNOWN,8,AUTOMATED_LABEL_COUNT,9,ESTIMATED_FROM_CAPTIONS,0,AUTOMATED_LABEL_COUNT,53,AUTOMATED_LOWER_BOUND,1,AUTOMATED_LABEL_COUNT,2,0,5,0,AUTOMATED_LOWER_BOUND,False,False,False,False,False,False,True,False,True,True,2,True,ESTIMATED from enumerated contribution block,2,ESTIMATED_FROM_CLAIM_TAXONOMY,STABILITY; COORDINATION,RL / MARL method paper,Multi-agent decision paper; Control theory paper; Hybrid method-system paper,STRUCTURE; METHOD; THEORY; ALGORITHM; FIGURE; EXPERIMENT; RESULTS_WRITING; CONTROL; RL; MARL; MULTI_AGENT; TRAJECTORY; OPTIMIZATION,APPLICATION_CONTEXT > TECHNICAL_PROBLEM > LIMITATION > CONTRIBUTIONS,4,UNKNOWN,UNKNOWN,,D:\ieee my skills\IEEE_TRANS_CORPUS\papers\TAI\Li_2026_TAI_Distributed-Reinforcement-Learning-Optimal-Cluster-Consensus-Control-f.pdf,46642,EVALUATION_SECTION_BOUNDARY,2.3,Counts are exact only where explicitly labelled; section lengths and semantic classifications are estimates.
P016,10.1109/tase.2025.3558945,A,TASE,2025,Dynamic Charging and Path Planning for UAV-Powered Rechargeable WSNs Using Multi-Agent Deep Reinforcement Learning,17,EXACT_PDF,14,ESTIMATED_FROM_INTRO_REFERENCES_BOUNDARIES,7,ESTIMATED_FROM_HEADING_EXTRACTION,22,ESTIMATED_FROM_HEADING_EXTRACTION,2.37,ESTIMATED,True,False,True,,UNKNOWN,,UNKNOWN,2.63,ESTIMATED,4.06,ESTIMATED,8,AUTOMATED_LABEL_COUNT,16,ESTIMATED_FROM_CAPTIONS,4,AUTOMATED_LABEL_COUNT,31,AUTOMATED_LOWER_BOUND,1,AUTOMATED_LABEL_COUNT,0,0,0,1,AUTOMATED_LOWER_BOUND,False,False,False,False,True,False,True,False,True,True,,False,UNKNOWN: no reliably delimited contribution block,5,ESTIMATED_FROM_CLAIM_TAXONOMY,SCALABILITY; STABILITY; REAL_WORLD; COORDINATION; CONVERGENCE,UAV autonomy paper,RL / MARL method paper; Multi-agent decision paper; Navigation / planning paper; Robotics system paper,STRUCTURE; METHOD; THEORY; ALGORITHM; FIGURE; TABLE; EXPERIMENT; RESULTS_WRITING; RL; MARL; MULTI_AGENT; UAV; ROBOTICS; PLANNING,APPLICATION_CONTEXT > LIMITATION > SCIENTIFIC_CHALLENGE > TECHNICAL_PROBLEM > RESEARCH_GAP > CORE_INSIGHT > PROPOSED_APPROACH > CONTRIBUTIONS > EXPERIMENTAL_PREVIEW > PAPER_ORGANIZATION,10,QUANTITATIVE_RESULT; TRAJECTORY,COMPLEXITY; MAIN_COMPARISON; PARAMETERS,MAIN_COMPARISON; SCALABILITY; RUNTIME,D:\ieee my skills\IEEE_TRANS_CORPUS\papers\TASE\Betalo_2025_TASE_Dynamic-Charging-and-Path-Planning-for-UAV-Powered-Rechargeable-WSNs-U.pdf,94729,EVALUATION_SECTION_BOUNDARY,2.3,Counts are exact only where explicitly labelled; section lengths and semantic classifications are estimates.
P017,10.1109/tase.2024.3432405,A,TASE,2025,Constrained Reinforcement Learning Using Distributional Representation for Trustworthy Quadrotor UAV Tracking Control,18,EXACT_PDF,15,ESTIMATED_FROM_INTRO_REFERENCES_BOUNDARIES,7,ESTIMATED_FROM_HEADING_EXTRACTION,15,ESTIMATED_FROM_HEADING_EXTRACTION,1.22,ESTIMATED,True,False,True,,UNKNOWN,,UNKNOWN,,UNKNOWN,4.09,ESTIMATED,9,AUTOMATED_LABEL_COUNT,11,ESTIMATED_FROM_CAPTIONS,5,AUTOMATED_LABEL_COUNT,35,AUTOMATED_LOWER_BOUND,2,AUTOMATED_LABEL_COUNT,3,6,1,2,AUTOMATED_LOWER_BOUND,False,False,False,True,False,True,True,True,True,True,3,True,ESTIMATED from enumerated contribution block,5,ESTIMATED_FROM_CLAIM_TAXONOMY,ROBUSTNESS; STABILITY; SAFETY; CONVERGENCE; CONTROL_PERFORMANCE,UAV autonomy paper,RL / MARL method paper; Engineering control paper,STRUCTURE; METHOD; THEORY; ALGORITHM; FIGURE; TABLE; EXPERIMENT; GENERALIZATION; REAL_WORLD; RESULTS_WRITING; CONTROL; RL; MARL; MULTI_AGENT; UAV,APPLICATION_CONTEXT > TECHNICAL_PROBLEM > LIMITATION > EXISTING_APPROACHES > EXPERIMENTAL_PREVIEW > SCIENTIFIC_CHALLENGE > PROPOSED_APPROACH > CONTRIBUTIONS,8,PROBLEM; QUANTITATIVE_RESULT; REAL_WORLD; ROBUSTNESS; SCENARIO; SENSITIVITY,COMPLEXITY; MAIN_COMPARISON; PARAMETERS,MAIN_COMPARISON; GENERALIZATION; SCALABILITY; COMPUTATIONAL_COMPLEXITY; REAL_WORLD; SIM_TO_REAL,D:\ieee my skills\IEEE_TRANS_CORPUS\papers\TASE\Wang_2025_TASE_Constrained-Reinforcement-Learning-Using-Distributional-Representation.pdf,91600,MAIN_TEXT_FALLBACK_NO_EVALUATION_HEADING,2.3,Counts are exact only where explicitly labelled; section lengths and semantic classifications are estimates.
P018,10.1109/tase.2025.3574280,A,TASE,2025,Multi-Agent Reinforcement Learning for Connected and Automated Vehicles Control: Recent Advancements and Future Prospects,21,EXACT_PDF,16,ESTIMATED_FROM_INTRO_REFERENCES_BOUNDARIES,5,ESTIMATED_FROM_HEADING_EXTRACTION,14,ESTIMATED_FROM_HEADING_EXTRACTION,1.71,ESTIMATED,False,False,False,2.91,ESTIMATED,,UNKNOWN,,UNKNOWN,6.7,ESTIMATED,7,AUTOMATED_LABEL_COUNT,14,ESTIMATED_FROM_CAPTIONS,4,AUTOMATED_LABEL_COUNT,5,AUTOMATED_LOWER_BOUND,0,AUTOMATED_LABEL_COUNT,0,0,0,4,AUTOMATED_LOWER_BOUND,False,False,False,True,True,True,True,True,False,False,,False,UNKNOWN: no reliably delimited contribution block,5,ESTIMATED_FROM_CLAIM_TAXONOMY,ROBUSTNESS; SCALABILITY; SAFETY; REAL_WORLD; COORDINATION,Autonomous vehicle paper,RL / MARL method paper; Multi-agent decision paper,STRUCTURE; METHOD; FIGURE; TABLE; EXPERIMENT; GENERALIZATION; REAL_WORLD; RESULTS_WRITING; CONTROL; RL; MARL; MULTI_AGENT,APPLICATION_CONTEXT > LIMITATION > TECHNICAL_PROBLEM > EXISTING_APPROACHES > CONTRIBUTIONS > PAPER_ORGANIZATION,6,PROBLEM; SCENARIO,ENVIRONMENT_SETTINGS; MAIN_COMPARISON,MAIN_COMPARISON; GENERALIZATION; SCALABILITY; RUNTIME; COMPUTATIONAL_COMPLEXITY; REAL_WORLD; SIM_TO_REAL,D:\ieee my skills\IEEE_TRANS_CORPUS\papers\TASE\Hua_2025_TASE_Multi-Agent-Reinforcement-Learning-for-Connected-and-Automated-Vehicle.pdf,123056,MAIN_TEXT_FALLBACK_NO_EVALUATION_HEADING,2.3,Counts are exact only where explicitly labelled; section lengths and semantic classifications are estimates.
P019,10.1109/tase.2026.3653413,A,TASE,2026,"A Dynamic Path Planning and Tracking Control of Autonomous Vehicles: An Integrated Approach Using Improved A                     *                     , Fuzzy DWA, and Fuzzy PID",14,EXACT_PDF,11,ESTIMATED_FROM_INTRO_REFERENCES_BOUNDARIES,6,ESTIMATED_FROM_HEADING_EXTRACTION,17,ESTIMATED_FROM_HEADING_EXTRACTION,1.13,ESTIMATED,True,False,False,,UNKNOWN,,UNKNOWN,3.49,ESTIMATED,2.88,ESTIMATED,15,AUTOMATED_LABEL_COUNT,44,ESTIMATED_FROM_CAPTIONS,7,AUTOMATED_LABEL_COUNT,12,AUTOMATED_LOWER_BOUND,0,AUTOMATED_LABEL_COUNT,0,0,0,3,AUTOMATED_LOWER_BOUND,False,False,False,True,True,False,True,True,False,False,3,True,ESTIMATED from enumerated contribution block,4,ESTIMATED_FROM_CLAIM_TAXONOMY,ACCURACY; ROBUSTNESS; STABILITY; REAL_TIME,Autonomous vehicle paper,Navigation / planning paper; Engineering control paper; Robotics system paper,STRUCTURE; METHOD; FIGURE; TABLE; EXPERIMENT; GENERALIZATION; REAL_WORLD; RESULTS_WRITING; CONTROL; ROBOTICS; PLANNING,APPLICATION_CONTEXT > LIMITATION > TECHNICAL_PROBLEM > CONTRIBUTIONS,4,METHOD_FRAMEWORK; QUANTITATIVE_RESULT; SYSTEM_OVERVIEW; TRAJECTORY,COMPLEXITY; PARAMETERS,MAIN_COMPARISON; GENERALIZATION; RUNTIME; REAL_WORLD,D:\ieee my skills\IEEE_TRANS_CORPUS\papers\TASE\Chen_2026_TASE_A-Dynamic-Path-Planning-and-Tracking-Control-of-Autonomous-Vehicles-An.pdf,73188,EVALUATION_SECTION_BOUNDARY,2.3,Counts are exact only where explicitly labelled; section lengths and semantic classifications are estimates.
P020,10.1109/tase.2026.3689345,A,TASE,2026,Agents Trainer: Automatically Training Multi-Agent Reinforcement Learning Models for Drone Swarm Using Language Model-Based Agents,15,EXACT_PDF,12,ESTIMATED_FROM_INTRO_REFERENCES_BOUNDARIES,5,ESTIMATED_FROM_HEADING_EXTRACTION,18,ESTIMATED_FROM_HEADING_EXTRACTION,0.83,ESTIMATED,True,False,False,2.57,ESTIMATED,,UNKNOWN,3.68,ESTIMATED,5.38,ESTIMATED,13,AUTOMATED_LABEL_COUNT,25,ESTIMATED_FROM_CAPTIONS,8,AUTOMATED_LABEL_COUNT,8,AUTOMATED_LOWER_BOUND,2,AUTOMATED_LABEL_COUNT,0,0,0,4,AUTOMATED_LOWER_BOUND,True,True,True,True,True,False,True,True,False,True,3,True,ESTIMATED from enumerated contribution block,5,ESTIMATED_FROM_CLAIM_TAXONOMY,GENERALIZATION; SCALABILITY; STABILITY; SAFETY; REAL_WORLD,UAV autonomy paper,RL / MARL method paper; Multi-agent decision paper,STRUCTURE; METHOD; ALGORITHM; FIGURE; TABLE; EXPERIMENT; ABLATION; ROBUSTNESS; GENERALIZATION; REAL_WORLD; RESULTS_WRITING; RL; MARL; MULTI_AGENT; UAV,TECHNICAL_PROBLEM > APPLICATION_CONTEXT > LIMITATION > PROPOSED_APPROACH > CONTRIBUTIONS,5,ABLATION; METHOD_FRAMEWORK; PROBLEM; QUALITATIVE_RESULT; QUANTITATIVE_RESULT; ROBUSTNESS; SCENARIO; SENSITIVITY,ABLATION; ENVIRONMENT_SETTINGS; MAIN_COMPARISON; PHYSICAL_EXPERIMENT,MAIN_COMPARISON; ABLATION; PARAMETER_SENSITIVITY; ROBUSTNESS; GENERALIZATION; SCALABILITY; RUNTIME; REAL_WORLD,D:\ieee my skills\IEEE_TRANS_CORPUS\papers\TASE\Lou_2026_TASE_Agents-Trainer-Automatically-Training-Multi-Agent-Reinforcement-Learni.pdf,71227,EVALUATION_SECTION_BOUNDARY,2.3,Counts are exact only where explicitly labelled; section lengths and semantic classifications are estimates.
P021,10.1109/tase.2025.3601665,A,TASE,2025,PG-ITD3: A Potential Field-Guided Deep Reinforcement Learning Approach for UAV Path Planning After Disaster,13,EXACT_PDF,11,ESTIMATED_FROM_INTRO_REFERENCES_BOUNDARIES,5,ESTIMATED_FROM_HEADING_EXTRACTION,16,ESTIMATED_FROM_HEADING_EXTRACTION,1.16,ESTIMATED,False,False,False,,UNKNOWN,,UNKNOWN,3.0,ESTIMATED,2.47,ESTIMATED,17,AUTOMATED_LABEL_COUNT,33,ESTIMATED_FROM_CAPTIONS,6,AUTOMATED_LABEL_COUNT,50,AUTOMATED_LOWER_BOUND,1,AUTOMATED_LABEL_COUNT,0,0,0,4,AUTOMATED_LOWER_BOUND,True,True,False,True,True,False,True,True,False,True,,False,UNKNOWN: contribution count not reliable,4,ESTIMATED_FROM_CLAIM_TAXONOMY,ROBUSTNESS; SAFETY; REAL_TIME; CONVERGENCE,UAV autonomy paper,RL / MARL method paper; Navigation / planning paper; Robotics system paper,STRUCTURE; METHOD; ALGORITHM; FIGURE; TABLE; EXPERIMENT; ABLATION; GENERALIZATION; REAL_WORLD; RESULTS_WRITING; RL; MARL; MULTI_AGENT; UAV; ROBOTICS; PLANNING,LIMITATION > TECHNICAL_PROBLEM > CONTRIBUTIONS > APPLICATION_CONTEXT > PROPOSED_APPROACH,5,METHOD_FRAMEWORK; PROBLEM; QUANTITATIVE_RESULT; SCENARIO; TRAJECTORY,ABLATION; ENVIRONMENT_SETTINGS; MAIN_COMPARISON; PARAMETERS,MAIN_COMPARISON; ABLATION; PARAMETER_SENSITIVITY; GENERALIZATION; SCALABILITY; RUNTIME; REAL_WORLD,D:\ieee my skills\IEEE_TRANS_CORPUS\papers\TASE\Ren_2025_TASE_PG-ITD3-A-Potential-Field-Guided-Deep-Reinforcement-Learning-Approach-.pdf,66659,EVALUATION_SECTION_BOUNDARY,2.3,Counts are exact only where explicitly labelled; section lengths and semantic classifications are estimates.
P022,10.1109/tase.2024.3424677,A,TASE,2025,Decision Making for Multi-Robot Fixture Planning Using Multi-Agent Reinforcement Learning,12,EXACT_PDF,10,ESTIMATED_FROM_INTRO_REFERENCES_BOUNDARIES,6,ESTIMATED_FROM_HEADING_EXTRACTION,11,ESTIMATED_FROM_HEADING_EXTRACTION,0.97,ESTIMATED,True,False,False,,UNKNOWN,,UNKNOWN,,UNKNOWN,1.75,ESTIMATED,9,AUTOMATED_LABEL_COUNT,18,ESTIMATED_FROM_CAPTIONS,3,AUTOMATED_LABEL_COUNT,16,AUTOMATED_LOWER_BOUND,1,AUTOMATED_LABEL_COUNT,1,0,1,1,AUTOMATED_LOWER_BOUND,True,False,False,True,False,True,True,False,True,True,,False,UNKNOWN: no reliably delimited contribution block,2,ESTIMATED_FROM_CLAIM_TAXONOMY,REAL_WORLD; COORDINATION,RL / MARL method paper,Multi-agent decision paper; Navigation / planning paper; Robotics system paper,STRUCTURE; METHOD; THEORY; ALGORITHM; FIGURE; TABLE; EXPERIMENT; ABLATION; GENERALIZATION; RESULTS_WRITING; RL; MARL; MULTI_AGENT; ROBOTICS; PLANNING,APPLICATION_CONTEXT > LIMITATION > TECHNICAL_PROBLEM > EXISTING_APPROACHES,4,PROBLEM; QUANTITATIVE_RESULT; SCENARIO,MAIN_COMPARISON,MAIN_COMPARISON; ABLATION; GENERALIZATION; SCALABILITY; COMPUTATIONAL_COMPLEXITY,D:\ieee my skills\IEEE_TRANS_CORPUS\papers\TASE\Canzini_2025_TASE_Decision-Making-for-Multi-Robot-Fixture-Planning-Using-Multi-Agent-Rei.pdf,64966,MAIN_TEXT_FALLBACK_NO_EVALUATION_HEADING,2.3,Counts are exact only where explicitly labelled; section lengths and semantic classifications are estimates.
P023,10.1109/tcns.2026.3722606,A,TCNS,2026,Disentangled Control of Multi-Agent Systems,10,EXACT_PDF,9,ESTIMATED_FROM_INTRO_REFERENCES_BOUNDARIES,5,ESTIMATED_FROM_HEADING_EXTRACTION,5,ESTIMATED_FROM_HEADING_EXTRACTION,1.39,ESTIMATED,False,True,False,,UNKNOWN,,UNKNOWN,2.61,ESTIMATED,2.38,ESTIMATED,8,AUTOMATED_LABEL_COUNT,7,ESTIMATED_FROM_CAPTIONS,0,AUTOMATED_LABEL_COUNT,19,AUTOMATED_LOWER_BOUND,0,AUTOMATED_LABEL_COUNT,1,1,1,0,AUTOMATED_LOWER_BOUND,False,False,False,False,False,False,True,True,True,False,3,True,ESTIMATED from contribution sentences,4,ESTIMATED_FROM_CLAIM_TAXONOMY,ROBUSTNESS; SAFETY; REAL_TIME; CONVERGENCE,Navigation / planning paper,Multi-agent decision paper; Engineering control paper; Robotics system paper; Hybrid method-system paper,STRUCTURE; INTRODUCTION; METHOD; THEORY; FIGURE; EXPERIMENT; REAL_WORLD; RESULTS_WRITING; CONTROL; MULTI_AGENT; ROBOTICS; PLANNING,APPLICATION_CONTEXT > CORE_INSIGHT > LIMITATION > TECHNICAL_PROBLEM > EXISTING_APPROACHES > CONTRIBUTIONS > PROPOSED_APPROACH > PAPER_ORGANIZATION > SCIENTIFIC_CHALLENGE,9,QUALITATIVE_RESULT; SCENARIO,UNKNOWN,REAL_WORLD,D:\ieee my skills\IEEE_TRANS_CORPUS\papers\TCNS\Lin_2026_TCNS_Disentangled-Control-of-Multi-Agent-Systems.pdf,48424,EVALUATION_SECTION_BOUNDARY,2.3,Counts are exact only where explicitly labelled; section lengths and semantic classifications are estimates.
P024,10.1109/tcns.2026.3697318,A,TCNS,2026,"Enhancing Security in Multi-Robot Systems through Co-Observation Planning, Reachability Analysis, and Network Flow",12,EXACT_PDF,11,ESTIMATED_FROM_INTRO_REFERENCES_BOUNDARIES,4,ESTIMATED_FROM_HEADING_EXTRACTION,18,ESTIMATED_FROM_HEADING_EXTRACTION,1.61,ESTIMATED,False,False,False,,UNKNOWN,,UNKNOWN,,UNKNOWN,,UNKNOWN,8,AUTOMATED_LABEL_COUNT,10,ESTIMATED_FROM_CAPTIONS,0,AUTOMATED_LABEL_COUNT,67,AUTOMATED_LOWER_BOUND,1,AUTOMATED_LABEL_COUNT,0,4,1,1,AUTOMATED_LOWER_BOUND,False,False,False,False,False,False,True,False,True,True,,False,UNKNOWN: no reliably delimited contribution block,3,ESTIMATED_FROM_CLAIM_TAXONOMY,EFFICIENCY; ROBUSTNESS; SAFETY,RL / MARL method paper,Multi-agent decision paper; Navigation / planning paper; Robotics system paper; Hybrid method-system paper,STRUCTURE; PROBLEM_FORMULATION; METHOD; THEORY; ALGORITHM; FIGURE; EXPERIMENT; ROBUSTNESS; RESULTS_WRITING; RL; MARL; MULTI_AGENT; ROBOTICS; PLANNING; TRAJECTORY; OPTIMIZATION,APPLICATION_CONTEXT > CORE_INSIGHT > LIMITATION > EXISTING_APPROACHES > PROPOSED_APPROACH > TECHNICAL_PROBLEM > CONTRIBUTIONS > PAPER_ORGANIZATION,8,QUANTITATIVE_RESULT; SCENARIO; TRAJECTORY,UNKNOWN,MAIN_COMPARISON,D:\ieee my skills\IEEE_TRANS_CORPUS\papers\TCNS\Yang_2026_TCNS_Enhancing-Security-in-Multi-Robot-Systems-through-Co-Observation-Plann.pdf,61528,MAIN_TEXT_FALLBACK_NO_EVALUATION_HEADING,2.3,Counts are exact only where explicitly labelled; section lengths and semantic classifications are estimates.
P025,10.1109/tcns.2024.3378392,A,TCNS,2024,Tracking Control of Cooperative Marine Vehicles Under Hard and Soft Constraints,13,EXACT_PDF,11,ESTIMATED_FROM_INTRO_REFERENCES_BOUNDARIES,5,ESTIMATED_FROM_HEADING_EXTRACTION,10,ESTIMATED_FROM_HEADING_EXTRACTION,1.67,ESTIMATED,False,False,True,,UNKNOWN,,UNKNOWN,1.34,ESTIMATED,1.97,ESTIMATED,15,AUTOMATED_LABEL_COUNT,16,ESTIMATED_FROM_CAPTIONS,1,AUTOMATED_LABEL_COUNT,70,AUTOMATED_LOWER_BOUND,0,AUTOMATED_LABEL_COUNT,0,1,2,1,AUTOMATED_LOWER_BOUND,False,False,False,False,False,False,True,False,True,False,,False,UNKNOWN: no reliably delimited contribution block,5,ESTIMATED_FROM_CLAIM_TAXONOMY,ACCURACY; STABILITY; SAFETY; COORDINATION; CONVERGENCE,RL / MARL method paper,Multi-agent decision paper; Control theory paper; Engineering control paper; Hybrid method-system paper,STRUCTURE; PROBLEM_FORMULATION; METHOD; THEORY; FIGURE; TABLE; EXPERIMENT; RESULTS_WRITING; CONTROL; RL; MARL; MULTI_AGENT,APPLICATION_CONTEXT > TECHNICAL_PROBLEM > LIMITATION > RESEARCH_GAP > PROPOSED_APPROACH > EXISTING_APPROACHES > CORE_INSIGHT,7,TRAJECTORY,UNKNOWN,MAIN_COMPARISON; QUALITATIVE_VISUALIZATION,D:\ieee my skills\IEEE_TRANS_CORPUS\papers\TCNS\Restrepo_2024_TCNS_Tracking-Control-of-Cooperative-Marine-Vehicles-Under-Hard-and-Soft-Co.pdf,59648,EVALUATION_SECTION_BOUNDARY,2.3,Counts are exact only where explicitly labelled; section lengths and semantic classifications are estimates.
P026,10.1109/tcns.2021.3124926,A,TCNS,2021,Multiagent Consensus Subject to Communication and Privacy Constraints,15,EXACT_PDF,14,ESTIMATED_FROM_INTRO_REFERENCES_BOUNDARIES,9,ESTIMATED_FROM_HEADING_EXTRACTION,11,ESTIMATED_FROM_HEADING_EXTRACTION,2.18,ESTIMATED,False,True,False,,UNKNOWN,,UNKNOWN,1.14,ESTIMATED,0.23,ESTIMATED,6,AUTOMATED_LABEL_COUNT,6,ESTIMATED_FROM_CAPTIONS,0,AUTOMATED_LABEL_COUNT,50,AUTOMATED_LOWER_BOUND,2,AUTOMATED_LABEL_COUNT,7,1,3,1,AUTOMATED_LOWER_BOUND,False,False,False,False,False,False,True,False,True,True,3,True,ESTIMATED from contribution sentences,2,ESTIMATED_FROM_CLAIM_TAXONOMY,ACCURACY; COORDINATION,Multi-agent decision paper,Control theory paper,STRUCTURE; METHOD; THEORY; ALGORITHM; FIGURE; EXPERIMENT; RESULTS_WRITING; CONTROL; MULTI_AGENT,APPLICATION_CONTEXT > LIMITATION > TECHNICAL_PROBLEM > CONTRIBUTIONS > EXISTING_APPROACHES > PROPOSED_APPROACH > PAPER_ORGANIZATION,7,UNKNOWN,UNKNOWN,MAIN_COMPARISON; QUALITATIVE_VISUALIZATION,D:\ieee my skills\IEEE_TRANS_CORPUS\papers\TCNS\Maity_2021_TCNS_Multiagent-Consensus-Subject-to-Communication-and-Privacy-Constraints.pdf,73296,EVALUATION_SECTION_BOUNDARY,2.3,Counts are exact only where explicitly labelled; section lengths and semantic classifications are estimates.
P027,10.1109/tcst.2025.3533378,A,TCST,2025,Robust Predictive Motion Planning by Learning Obstacle Uncertainty,15,EXACT_PDF,13,ESTIMATED_FROM_INTRO_REFERENCES_BOUNDARIES,8,ESTIMATED_FROM_HEADING_EXTRACTION,14,ESTIMATED_FROM_HEADING_EXTRACTION,1.1,ESTIMATED,True,False,True,,UNKNOWN,,UNKNOWN,2.29,ESTIMATED,2.5,ESTIMATED,15,AUTOMATED_LABEL_COUNT,26,ESTIMATED_FROM_CAPTIONS,5,AUTOMATED_LABEL_COUNT,15,AUTOMATED_LOWER_BOUND,0,AUTOMATED_LABEL_COUNT,0,1,1,1,AUTOMATED_LOWER_BOUND,False,False,False,False,True,False,True,True,True,False,,False,UNKNOWN: contribution count not reliable,3,ESTIMATED_FROM_CLAIM_TAXONOMY,EFFICIENCY; ROBUSTNESS; SAFETY,RL / MARL method paper,Navigation / planning paper; Trajectory optimization paper; Engineering control paper; Robotics system paper; Hybrid method-system paper,STRUCTURE; METHOD; THEORY; FIGURE; TABLE; EXPERIMENT; ROBUSTNESS; REAL_WORLD; RESULTS_WRITING; CONTROL; RL; MARL; MULTI_AGENT; ROBOTICS; PLANNING; TRAJECTORY; OPTIMIZATION,APPLICATION_CONTEXT > TECHNICAL_PROBLEM > LIMITATION > CONTRIBUTIONS > PAPER_ORGANIZATION,5,PROBLEM; QUANTITATIVE_RESULT; SCENARIO; TRAJECTORY,COMPLEXITY; MAIN_COMPARISON; PARAMETERS,MAIN_COMPARISON; RUNTIME; REAL_WORLD; CROSS_SCENARIO; QUALITATIVE_VISUALIZATION,D:\ieee my skills\IEEE_TRANS_CORPUS\papers\TCST\Zhou_2025_TCST_Robust-Predictive-Motion-Planning-by-Learning-Obstacle-Uncertainty.pdf,81812,EVALUATION_SECTION_BOUNDARY,2.3,Counts are exact only where explicitly labelled; section lengths and semantic classifications are estimates.
P028,10.1109/tcst.2022.3211130,A,TCST,2022,Distributed Nonlinear Trajectory Optimization for Multi-Robot Motion Planning,18,EXACT_PDF,14,ESTIMATED_FROM_INTRO_REFERENCES_BOUNDARIES,1,ESTIMATED_FROM_HEADING_EXTRACTION,15,ESTIMATED_FROM_HEADING_EXTRACTION,17.27,ESTIMATED,False,False,False,,UNKNOWN,,UNKNOWN,,UNKNOWN,,UNKNOWN,12,AUTOMATED_LABEL_COUNT,26,ESTIMATED_FROM_CAPTIONS,5,AUTOMATED_LABEL_COUNT,11,AUTOMATED_LOWER_BOUND,2,AUTOMATED_LABEL_COUNT,2,0,0,1,AUTOMATED_LOWER_BOUND,False,False,False,True,True,False,True,True,True,True,,False,UNKNOWN: no reliably delimited contribution block,2,ESTIMATED_FROM_CLAIM_TAXONOMY,SAFETY; COORDINATION,Autonomous vehicle paper,Multi-agent decision paper; Navigation / planning paper; Trajectory optimization paper; Engineering control paper; Robotics system paper; Hybrid method-system paper,STRUCTURE; PROBLEM_FORMULATION; METHOD; THEORY; ALGORITHM; FIGURE; TABLE; EXPERIMENT; GENERALIZATION; REAL_WORLD; RESULTS_WRITING; CONTROL; MULTI_AGENT; ROBOTICS; PLANNING; TRAJECTORY; OPTIMIZATION,APPLICATION_CONTEXT > TECHNICAL_PROBLEM > PROPOSED_APPROACH > LIMITATION > CORE_INSIGHT > EXPERIMENTAL_PREVIEW,6,METHOD_FRAMEWORK; PROBLEM; QUANTITATIVE_RESULT; SCENARIO; SENSITIVITY,MAIN_COMPARISON,MAIN_COMPARISON; GENERALIZATION; RUNTIME; REAL_WORLD; CROSS_SCENARIO,D:\ieee my skills\IEEE_TRANS_CORPUS\papers\TCST\Ferranti_2022_TCST_Distributed-Nonlinear-Trajectory-Optimization-for-Multi-Robot-Motion-P.pdf,86104,MAIN_TEXT_FALLBACK_NO_EVALUATION_HEADING,2.3,Counts are exact only where explicitly labelled; section lengths and semantic classifications are estimates.
P029,10.1109/tcst.2026.3661166,A,TCST,2026,Mixed-Integer MPC-Based Motion Planning Using Hybrid Zonotopes With Tight Relaxations,16,EXACT_PDF,13,ESTIMATED_FROM_INTRO_REFERENCES_BOUNDARIES,6,ESTIMATED_FROM_HEADING_EXTRACTION,13,ESTIMATED_FROM_HEADING_EXTRACTION,1.62,ESTIMATED,False,True,False,,UNKNOWN,,UNKNOWN,,UNKNOWN,2.59,ESTIMATED,5,AUTOMATED_LABEL_COUNT,10,ESTIMATED_FROM_CAPTIONS,5,AUTOMATED_LABEL_COUNT,24,AUTOMATED_LOWER_BOUND,6,AUTOMATED_LABEL_COUNT,2,2,2,2,AUTOMATED_LOWER_BOUND,False,True,False,True,False,False,True,False,True,True,,False,UNKNOWN: no reliably delimited contribution block,3,ESTIMATED_FROM_CLAIM_TAXONOMY,GENERALIZATION; REAL_TIME; CONVERGENCE,Autonomous vehicle paper,RL / MARL method paper; Navigation / planning paper; Trajectory optimization paper; Engineering control paper; Robotics system paper; Hybrid method-system paper,STRUCTURE; PROBLEM_FORMULATION; METHOD; THEORY; ALGORITHM; FIGURE; TABLE; EXPERIMENT; REAL_WORLD; RESULTS_WRITING; CONTROL; RL; MARL; MULTI_AGENT; ROBOTICS; PLANNING; TRAJECTORY; OPTIMIZATION,APPLICATION_CONTEXT > TECHNICAL_PROBLEM > LIMITATION > EXISTING_APPROACHES > CONTRIBUTIONS,5,PROBLEM; QUANTITATIVE_RESULT; SCENARIO,MAIN_COMPARISON,MAIN_COMPARISON; PARAMETER_SENSITIVITY; GENERALIZATION; SCALABILITY,D:\ieee my skills\IEEE_TRANS_CORPUS\papers\TCST\Robbins_2026_TCST_Mixed-Integer-MPC-Based-Motion-Planning-Using-Hybrid-Zonotopes-With-Ti.pdf,79001,MAIN_TEXT_FALLBACK_NO_EVALUATION_HEADING,2.3,Counts are exact only where explicitly labelled; section lengths and semantic classifications are estimates.
P030,10.1109/tcst.2023.3323766,A,TCST,2023,Coordinated Navigation Control of Cross-Domain Unmanned Systems via Guiding Vector Fields,14,EXACT_PDF,12,ESTIMATED_FROM_INTRO_REFERENCES_BOUNDARIES,6,ESTIMATED_FROM_HEADING_EXTRACTION,9,ESTIMATED_FROM_HEADING_EXTRACTION,2.13,ESTIMATED,False,True,False,,UNKNOWN,,UNKNOWN,1.56,ESTIMATED,0.3,ESTIMATED,9,AUTOMATED_LABEL_COUNT,13,ESTIMATED_FROM_CAPTIONS,0,AUTOMATED_LABEL_COUNT,63,AUTOMATED_LOWER_BOUND,0,AUTOMATED_LABEL_COUNT,1,0,4,0,AUTOMATED_LOWER_BOUND,False,False,False,True,False,False,True,False,True,False,3,True,ESTIMATED from enumerated contribution block,4,ESTIMATED_FROM_CLAIM_TAXONOMY,EFFICIENCY; REAL_TIME; COORDINATION; CONVERGENCE,UAV autonomy paper,RL / MARL method paper; Multi-agent decision paper; Navigation / planning paper; Engineering control paper; Robotics system paper; Hybrid method-system paper,STRUCTURE; PROBLEM_FORMULATION; METHOD; THEORY; FIGURE; EXPERIMENT; GENERALIZATION; REAL_WORLD; RESULTS_WRITING; CONTROL; RL; MARL; MULTI_AGENT; UAV; ROBOTICS; PLANNING,APPLICATION_CONTEXT > EXISTING_APPROACHES > LIMITATION > CORE_INSIGHT > TECHNICAL_PROBLEM > PROPOSED_APPROACH > CONTRIBUTIONS > PAPER_ORGANIZATION,8,QUALITATIVE_RESULT; TRAJECTORY,UNKNOWN,GENERALIZATION,D:\ieee my skills\IEEE_TRANS_CORPUS\papers\TCST\Hu_2023_TCST_Coordinated-Navigation-Control-of-Cross-Domain-Unmanned-Systems-via-Gu.pdf,67023,EVALUATION_SECTION_BOUNDARY,2.3,Counts are exact only where explicitly labelled; section lengths and semantic classifications are estimates.
P031,10.1109/tcst.2022.3216989,A,TCST,2022,Multitrajectory Model Predictive Control for Safe UAV Navigation in an Unknown Environment,16,EXACT_PDF,16,ESTIMATED_WITH_MISSING_BOUNDARY,3,ESTIMATED_FROM_HEADING_EXTRACTION,18,ESTIMATED_FROM_HEADING_EXTRACTION,3.05,ESTIMATED,False,False,False,,UNKNOWN,,UNKNOWN,,UNKNOWN,,UNKNOWN,15,AUTOMATED_LABEL_COUNT,23,ESTIMATED_FROM_CAPTIONS,1,AUTOMATED_LABEL_COUNT,32,AUTOMATED_LOWER_BOUND,2,AUTOMATED_LABEL_COUNT,0,0,1,1,AUTOMATED_LOWER_BOUND,False,False,False,False,True,True,True,False,True,True,1,True,ESTIMATED from contribution sentences,3,ESTIMATED_FROM_CLAIM_TAXONOMY,ROBUSTNESS; SAFETY; REAL_WORLD,UAV autonomy paper,Navigation / planning paper; Trajectory optimization paper; Engineering control paper; Robotics system paper; Hybrid method-system paper,STRUCTURE; PROBLEM_FORMULATION; METHOD; THEORY; ALGORITHM; FIGURE; TABLE; EXPERIMENT; REAL_WORLD; RESULTS_WRITING; CONTROL; UAV; ROBOTICS; PLANNING; TRAJECTORY; OPTIMIZATION,APPLICATION_CONTEXT > TECHNICAL_PROBLEM > LIMITATION > EXISTING_APPROACHES > PROPOSED_APPROACH > CONTRIBUTIONS,6,QUANTITATIVE_RESULT; RUNTIME; SCENARIO; TRAJECTORY,COMPLEXITY; PARAMETERS,MAIN_COMPARISON; RUNTIME; COMPUTATIONAL_COMPLEXITY; QUALITATIVE_VISUALIZATION,D:\ieee my skills\IEEE_TRANS_CORPUS\papers\TCST\Saccani_2022_TCST_Multitrajectory-Model-Predictive-Control-for-Safe-UAV-Navigation-in-an.pdf,72402,MAIN_TEXT_FALLBACK_NO_EVALUATION_HEADING,2.3,Counts are exact only where explicitly labelled; section lengths and semantic classifications are estimates.
P032,10.1109/tcst.2026.3659194,A,TCST,2026,Bézier Curve-Based Optimization Framework for Multirobot Motion Planning in Unknown Environments,11,EXACT_PDF,9,ESTIMATED_FROM_INTRO_REFERENCES_BOUNDARIES,5,ESTIMATED_FROM_HEADING_EXTRACTION,11,ESTIMATED_FROM_HEADING_EXTRACTION,1.97,ESTIMATED,False,False,False,3.35,ESTIMATED,,UNKNOWN,,UNKNOWN,1.71,ESTIMATED,8,AUTOMATED_LABEL_COUNT,14,ESTIMATED_FROM_CAPTIONS,4,AUTOMATED_LABEL_COUNT,14,AUTOMATED_LOWER_BOUND,1,AUTOMATED_LABEL_COUNT,0,0,0,1,AUTOMATED_LOWER_BOUND,False,False,False,False,True,True,True,True,False,True,,False,UNKNOWN: no reliably delimited contribution block,4,ESTIMATED_FROM_CLAIM_TAXONOMY,SAFETY; REAL_WORLD; CONVERGENCE; TRAJECTORY_QUALITY,Navigation / planning paper,Multi-agent decision paper; Robotics system paper; Hybrid method-system paper,STRUCTURE; PROBLEM_FORMULATION; METHOD; ALGORITHM; FIGURE; TABLE; EXPERIMENT; REAL_WORLD; RESULTS_WRITING; MULTI_AGENT; ROBOTICS; PLANNING; TRAJECTORY; OPTIMIZATION,APPLICATION_CONTEXT > TECHNICAL_PROBLEM > LIMITATION > EXISTING_APPROACHES > CONTRIBUTIONS,5,QUANTITATIVE_RESULT; SCENARIO; TRAJECTORY,MAIN_COMPARISON,MAIN_COMPARISON; SCALABILITY; RUNTIME; COMPUTATIONAL_COMPLEXITY; REAL_WORLD,D:\ieee my skills\IEEE_TRANS_CORPUS\papers\TCST\Mazen_2026_TCST_B-zier-Curve-Based-Optimization-Framework-for-Multirobot-Motion-Planni.pdf,59240,MAIN_TEXT_FALLBACK_NO_EVALUATION_HEADING,2.3,Counts are exact only where explicitly labelled; section lengths and semantic classifications are estimates.
P033,10.1109/tcyb.2023.3246985,A,TCYB,2023,Learning-Based Multi-UAV Flocking Control With Limited Visual Field and Instinctive Repulsion,16,EXACT_PDF,14,ESTIMATED_WITH_MISSING_BOUNDARY,2,ESTIMATED_FROM_HEADING_EXTRACTION,13,ESTIMATED_FROM_HEADING_EXTRACTION,3.64,ESTIMATED,False,False,False,,UNKNOWN,,UNKNOWN,,UNKNOWN,,UNKNOWN,6,AUTOMATED_LABEL_COUNT,27,ESTIMATED_FROM_CAPTIONS,5,AUTOMATED_LABEL_COUNT,36,AUTOMATED_LOWER_BOUND,1,AUTOMATED_LABEL_COUNT,0,0,0,3,AUTOMATED_LOWER_BOUND,False,False,True,True,False,False,True,False,True,True,3,True,ESTIMATED from enumerated contribution block,3,ESTIMATED_FROM_CLAIM_TAXONOMY,SUCCESS_RATE; EFFICIENCY; SAFETY,UAV autonomy paper,RL / MARL method paper; Multi-agent decision paper; Learning-based control paper; Engineering control paper,STRUCTURE; PROBLEM_FORMULATION; METHOD; THEORY; ALGORITHM; FIGURE; TABLE; EXPERIMENT; ROBUSTNESS; GENERALIZATION; RESULTS_WRITING; CONTROL; RL; MARL; MULTI_AGENT; UAV,APPLICATION_CONTEXT > TECHNICAL_PROBLEM > LIMITATION > RESEARCH_GAP > SCIENTIFIC_CHALLENGE > CONTRIBUTIONS > CORE_INSIGHT,7,GENERALIZATION; PROBLEM; QUANTITATIVE_RESULT; SCENARIO; SYSTEM_OVERVIEW,COMPLEXITY; ENVIRONMENT_SETTINGS; GENERALIZATION; MAIN_COMPARISON; PARAMETERS,MAIN_COMPARISON; ROBUSTNESS; GENERALIZATION; CROSS_SCENARIO,D:\ieee my skills\IEEE_TRANS_CORPUS\papers\TCYB\Bai_2023_TCYB_Learning-Based-Multi-UAV-Flocking-Control-With-Limited-Visual-Field-an.pdf,71349,MAIN_TEXT_FALLBACK_NO_EVALUATION_HEADING,2.3,Counts are exact only where explicitly labelled; section lengths and semantic classifications are estimates.
P034,10.1109/tcyb.2021.3132587,A,TCYB,2021,Distributed UAV Swarm Formation and Collision Avoidance Strategies Over Fixed and Switching Topologies,11,EXACT_PDF,11,ESTIMATED_WITH_MISSING_BOUNDARY,2,ESTIMATED_FROM_HEADING_EXTRACTION,8,ESTIMATED_FROM_HEADING_EXTRACTION,2.64,ESTIMATED,False,False,False,8.06,ESTIMATED,,UNKNOWN,,UNKNOWN,,UNKNOWN,11,AUTOMATED_LABEL_COUNT,27,ESTIMATED_FROM_CAPTIONS,1,AUTOMATED_LABEL_COUNT,17,AUTOMATED_LOWER_BOUND,1,AUTOMATED_LABEL_COUNT,2,0,2,1,AUTOMATED_LOWER_BOUND,False,True,False,False,False,False,True,False,True,True,,False,UNKNOWN: no reliably delimited contribution block,2,ESTIMATED_FROM_CLAIM_TAXONOMY,STABILITY; SAFETY,UAV autonomy paper,Multi-agent decision paper; Control theory paper; Engineering control paper; Hybrid method-system paper,STRUCTURE; METHOD; THEORY; ALGORITHM; FIGURE; TABLE; EXPERIMENT; REAL_WORLD; RESULTS_WRITING; CONTROL; MULTI_AGENT; UAV,LIMITATION > CORE_INSIGHT > RESEARCH_GAP > CONTRIBUTIONS,4,METHOD_FRAMEWORK; QUALITATIVE_RESULT,UNKNOWN,PARAMETER_SENSITIVITY,D:\ieee my skills\IEEE_TRANS_CORPUS\papers\TCYB\Wu_2021_TCYB_Distributed-UAV-Swarm-Formation-and-Collision-Avoidance-Strategies-Ove.pdf,56874,MAIN_TEXT_FALLBACK_NO_EVALUATION_HEADING,2.3,Counts are exact only where explicitly labelled; section lengths and semantic classifications are estimates.
P035,10.1109/tcyb.2021.3070385,A,TCYB,2021,Simultaneous Obstacle Avoidance and Target Tracking of Multiple Wheeled Mobile Robots With Certified Safety,15,EXACT_PDF,12,ESTIMATED_FROM_INTRO_REFERENCES_BOUNDARIES,12,ESTIMATED_FROM_HEADING_EXTRACTION,11,ESTIMATED_FROM_HEADING_EXTRACTION,0.6,ESTIMATED,False,False,False,0.8,ESTIMATED,,UNKNOWN,2.04,ESTIMATED,,UNKNOWN,15,AUTOMATED_LABEL_COUNT,50,ESTIMATED_FROM_CAPTIONS,2,AUTOMATED_LABEL_COUNT,28,AUTOMATED_LOWER_BOUND,2,AUTOMATED_LABEL_COUNT,1,0,2,1,AUTOMATED_LOWER_BOUND,False,False,True,True,False,True,True,True,True,True,,False,UNKNOWN: no reliably delimited contribution block,2,ESTIMATED_FROM_CLAIM_TAXONOMY,SAFETY; COORDINATION,Navigation / planning paper,Engineering control paper; Robotics system paper; Hybrid method-system paper,STRUCTURE; PROBLEM_FORMULATION; METHOD; THEORY; ALGORITHM; FIGURE; TABLE; EXPERIMENT; ROBUSTNESS; REAL_WORLD; RESULTS_WRITING; CONTROL; ROBOTICS; PLANNING; TRAJECTORY; OPTIMIZATION,APPLICATION_CONTEXT > LIMITATION,2,PROBLEM; QUALITATIVE_RESULT; QUANTITATIVE_RESULT; SCENARIO; TRAJECTORY,COMPLEXITY; MAIN_COMPARISON; PARAMETERS,ROBUSTNESS; GENERALIZATION; COMPUTATIONAL_COMPLEXITY; REAL_WORLD; ENVIRONMENT_VARIATION,D:\ieee my skills\IEEE_TRANS_CORPUS\papers\TCYB\Li_2021_TCYB_Simultaneous-Obstacle-Avoidance-and-Target-Tracking-of-Multiple-Wheele.pdf,73636,EVALUATION_SECTION_BOUNDARY,2.3,Counts are exact only where explicitly labelled; section lengths and semantic classifications are estimates.
P036,10.1109/tcyb.2021.3057219,A,TCYB,2021,Fixed-Time Cooperative Behavioral Control for Networked Autonomous Agents With Second-Order Nonlinear Dynamics,15,EXACT_PDF,13,ESTIMATED_FROM_INTRO_REFERENCES_BOUNDARIES,5,ESTIMATED_FROM_HEADING_EXTRACTION,9,ESTIMATED_FROM_HEADING_EXTRACTION,1.84,ESTIMATED,False,True,True,,UNKNOWN,,UNKNOWN,1.64,ESTIMATED,4.79,ESTIMATED,13,AUTOMATED_LABEL_COUNT,13,ESTIMATED_FROM_CAPTIONS,2,AUTOMATED_LABEL_COUNT,47,AUTOMATED_LOWER_BOUND,0,AUTOMATED_LABEL_COUNT,2,0,6,1,AUTOMATED_LOWER_BOUND,False,False,True,False,False,False,True,False,True,False,,False,UNKNOWN: no reliably delimited contribution block,6,ESTIMATED_FROM_CLAIM_TAXONOMY,ACCURACY; ROBUSTNESS; SAFETY; COORDINATION; CONVERGENCE; CONTROL_PERFORMANCE,RL / MARL method paper,Multi-agent decision paper; Navigation / planning paper; Engineering control paper; Robotics system paper; Hybrid method-system paper,STRUCTURE; PROBLEM_FORMULATION; METHOD; THEORY; FIGURE; TABLE; EXPERIMENT; ROBUSTNESS; RESULTS_WRITING; CONTROL; RL; MARL; MULTI_AGENT; ROBOTICS; PLANNING,APPLICATION_CONTEXT > LIMITATION > TECHNICAL_PROBLEM > EXISTING_APPROACHES > RESEARCH_GAP > PROPOSED_APPROACH > CONTRIBUTIONS,7,PROBLEM; SCENARIO,COMPLEXITY; MAIN_COMPARISON; PARAMETERS,MAIN_COMPARISON; ROBUSTNESS,D:\ieee my skills\IEEE_TRANS_CORPUS\papers\TCYB\Zhou_2021_TCYB_Fixed-Time-Cooperative-Behavioral-Control-for-Networked-Autonomous-Age.pdf,72614,EVALUATION_SECTION_BOUNDARY,2.3,Counts are exact only where explicitly labelled; section lengths and semantic classifications are estimates.
P037,10.1109/tcyb.2023.3263380,A,TCYB,2023,Optimal Task and Motion Planning and Execution for Multiagent Systems in Dynamic Environments,12,EXACT_PDF,12,ESTIMATED_WITH_MISSING_BOUNDARY,8,ESTIMATED_FROM_HEADING_EXTRACTION,15,ESTIMATED_FROM_HEADING_EXTRACTION,0.78,ESTIMATED,False,False,False,,UNKNOWN,,UNKNOWN,,UNKNOWN,,UNKNOWN,6,AUTOMATED_LABEL_COUNT,6,ESTIMATED_FROM_CAPTIONS,3,AUTOMATED_LABEL_COUNT,9,AUTOMATED_LOWER_BOUND,2,AUTOMATED_LABEL_COUNT,0,0,0,1,AUTOMATED_LOWER_BOUND,False,False,False,True,True,False,True,True,False,True,,False,UNKNOWN: no reliably delimited contribution block,2,ESTIMATED_FROM_CLAIM_TAXONOMY,REAL_WORLD; COORDINATION,RL / MARL method paper,Multi-agent decision paper; Navigation / planning paper; Robotics system paper; Hybrid method-system paper,STRUCTURE; METHOD; ALGORITHM; FIGURE; TABLE; EXPERIMENT; GENERALIZATION; REAL_WORLD; RESULTS_WRITING; RL; MARL; MULTI_AGENT; ROBOTICS; PLANNING; TRAJECTORY; OPTIMIZATION,APPLICATION_CONTEXT > TECHNICAL_PROBLEM > EXISTING_APPROACHES,3,METHOD_FRAMEWORK; QUANTITATIVE_RESULT,MAIN_COMPARISON,MAIN_COMPARISON; GENERALIZATION; RUNTIME; REAL_WORLD,D:\ieee my skills\IEEE_TRANS_CORPUS\papers\TCYB\Faroni_2023_TCYB_Optimal-Task-and-Motion-Planning-and-Execution-for-Multiagent-Systems-.pdf,70267,MAIN_TEXT_FALLBACK_NO_EVALUATION_HEADING,2.3,Counts are exact only where explicitly labelled; section lengths and semantic classifications are estimates.
P038,10.1109/tevc.2025.3535954,A,TEVC,2025,A Deep Reinforcement Learning-Assisted Multimodal Multiobjective Bilevel Optimization Method for Multirobot Task Allocation,15,EXACT_PDF,15,ESTIMATED_WITH_MISSING_BOUNDARY,2,ESTIMATED_FROM_HEADING_EXTRACTION,15,ESTIMATED_FROM_HEADING_EXTRACTION,7.39,ESTIMATED,False,False,False,,UNKNOWN,,UNKNOWN,6.87,ESTIMATED,,UNKNOWN,8,AUTOMATED_LABEL_COUNT,16,ESTIMATED_FROM_CAPTIONS,2,AUTOMATED_LABEL_COUNT,2,AUTOMATED_LOWER_BOUND,4,AUTOMATED_LABEL_COUNT,0,0,0,2,AUTOMATED_LOWER_BOUND,True,False,False,True,True,True,True,False,True,True,,False,UNKNOWN: no reliably delimited contribution block,0,ESTIMATED_FROM_CLAIM_TAXONOMY,NONE_DETECTED,RL / MARL method paper,Multi-agent decision paper; Navigation / planning paper; Robotics system paper,STRUCTURE; METHOD; THEORY; ALGORITHM; FIGURE; TABLE; EXPERIMENT; ABLATION; GENERALIZATION; RESULTS_WRITING; RL; MARL; MULTI_AGENT; ROBOTICS; PLANNING; TRAJECTORY; OPTIMIZATION,APPLICATION_CONTEXT > TECHNICAL_PROBLEM > EXISTING_APPROACHES > LIMITATION > RESEARCH_GAP > EXPERIMENTAL_PREVIEW > CONTRIBUTIONS,7,METHOD_FRAMEWORK,MAIN_COMPARISON,MAIN_COMPARISON; ABLATION; GENERALIZATION; RUNTIME; COMPUTATIONAL_COMPLEXITY; CROSS_SCENARIO,D:\ieee my skills\IEEE_TRANS_CORPUS\papers\TEVC\Yu_2025_TEVC_A-Deep-Reinforcement-Learning-Assisted-Multimodal-Multiobjective-Bilev.pdf,72905,EVALUATION_SECTION_BOUNDARY,2.3,Counts are exact only where explicitly labelled; section lengths and semantic classifications are estimates.
P039,10.1109/tevc.2025.3573828,A,TEVC,2026,Cross-Task Collaborative Optimization Based on Knowledge Transfer for Soft Robot Design,13,EXACT_PDF,13,ESTIMATED_WITH_MISSING_BOUNDARY,2,ESTIMATED_FROM_HEADING_EXTRACTION,10,ESTIMATED_FROM_HEADING_EXTRACTION,10.36,ESTIMATED,False,False,False,,UNKNOWN,,UNKNOWN,,UNKNOWN,2.3,ESTIMATED,5,AUTOMATED_LABEL_COUNT,13,ESTIMATED_FROM_CAPTIONS,7,AUTOMATED_LABEL_COUNT,9,AUTOMATED_LOWER_BOUND,2,AUTOMATED_LABEL_COUNT,0,0,0,2,AUTOMATED_LOWER_BOUND,True,False,True,True,True,False,True,False,False,True,,False,UNKNOWN: no reliably delimited contribution block,2,ESTIMATED_FROM_CLAIM_TAXONOMY,ACCURACY; SUCCESS_RATE,Navigation / planning paper,Robotics system paper,STRUCTURE; METHOD; ALGORITHM; FIGURE; TABLE; EXPERIMENT; ABLATION; ROBUSTNESS; GENERALIZATION; RESULTS_WRITING; ROBOTICS; PLANNING; TRAJECTORY; OPTIMIZATION,APPLICATION_CONTEXT > TECHNICAL_PROBLEM > EXISTING_APPROACHES > LIMITATION > CONTRIBUTIONS > PROPOSED_APPROACH > CORE_INSIGHT > EXPERIMENTAL_PREVIEW,8,METHOD_FRAMEWORK; QUANTITATIVE_RESULT,COMPLEXITY; PARAMETERS,MAIN_COMPARISON; ABLATION; ROBUSTNESS; GENERALIZATION; RUNTIME,D:\ieee my skills\IEEE_TRANS_CORPUS\papers\TEVC\Zhao_2026_TEVC_Cross-Task-Collaborative-Optimization-Based-on-Knowledge-Transfer-for-.pdf,69233,MAIN_TEXT_FALLBACK_NO_EVALUATION_HEADING,2.3,Counts are exact only where explicitly labelled; section lengths and semantic classifications are estimates.
P040,10.1109/tevc.2025.3534026,A,TEVC,2025,A Novel Knowledge-Based Genetic Algorithm for Robot Path Planning in Complex Environments,15,EXACT_PDF,15,ESTIMATED_WITH_MISSING_BOUNDARY,1,ESTIMATED_FROM_HEADING_EXTRACTION,13,ESTIMATED_FROM_HEADING_EXTRACTION,14.74,ESTIMATED,False,False,False,,UNKNOWN,,UNKNOWN,,UNKNOWN,,UNKNOWN,19,AUTOMATED_LABEL_COUNT,57,ESTIMATED_FROM_CAPTIONS,1,AUTOMATED_LABEL_COUNT,4,AUTOMATED_LOWER_BOUND,1,AUTOMATED_LABEL_COUNT,0,0,0,1,AUTOMATED_LOWER_BOUND,False,True,False,True,True,False,True,True,False,True,,False,UNKNOWN: no reliably delimited contribution block,1,ESTIMATED_FROM_CLAIM_TAXONOMY,CONVERGENCE,Navigation / planning paper,Robotics system paper,STRUCTURE; METHOD; ALGORITHM; FIGURE; TABLE; EXPERIMENT; REAL_WORLD; RESULTS_WRITING; ROBOTICS; PLANNING,TECHNICAL_PROBLEM > LIMITATION > APPLICATION_CONTEXT > CONTRIBUTIONS > EXISTING_APPROACHES > RESEARCH_GAP > EXPERIMENTAL_PREVIEW,7,QUALITATIVE_RESULT; QUANTITATIVE_RESULT; REAL_WORLD; SCENARIO; TRAJECTORY,MAIN_COMPARISON,MAIN_COMPARISON; PARAMETER_SENSITIVITY; GENERALIZATION; RUNTIME; REAL_WORLD,D:\ieee my skills\IEEE_TRANS_CORPUS\papers\TEVC\Li_2025_TEVC_A-Novel-Knowledge-Based-Genetic-Algorithm-for-Robot-Path-Planning-in-C.pdf,76681,MAIN_TEXT_FALLBACK_NO_EVALUATION_HEADING,2.3,Counts are exact only where explicitly labelled; section lengths and semantic classifications are estimates.
P041,10.1109/tfuzz.2025.3585934,A,TFS,2026,Multiagent Fuzzy Reinforcement Learning With LLM for Cooperative Navigation of Endovascular Robotics,11,EXACT_PDF,10,ESTIMATED_FROM_INTRO_REFERENCES_BOUNDARIES,6,ESTIMATED_FROM_HEADING_EXTRACTION,12,ESTIMATED_FROM_HEADING_EXTRACTION,1.11,ESTIMATED,True,False,False,4.25,ESTIMATED,,UNKNOWN,,UNKNOWN,1.84,ESTIMATED,5,AUTOMATED_LABEL_COUNT,21,ESTIMATED_FROM_CAPTIONS,3,AUTOMATED_LABEL_COUNT,8,AUTOMATED_LOWER_BOUND,0,AUTOMATED_LABEL_COUNT,0,0,0,3,AUTOMATED_LOWER_BOUND,False,True,False,True,True,True,True,False,True,False,,False,UNKNOWN: no reliably delimited contribution block,4,ESTIMATED_FROM_CLAIM_TAXONOMY,ACCURACY; ROBUSTNESS; SAFETY; COORDINATION,RL / MARL method paper,Multi-agent decision paper; Navigation / planning paper; Robotics system paper,STRUCTURE; METHOD; THEORY; FIGURE; TABLE; EXPERIMENT; GENERALIZATION; RESULTS_WRITING; RL; MARL; MULTI_AGENT; ROBOTICS; PLANNING,LIMITATION > APPLICATION_CONTEXT > RESEARCH_GAP > TECHNICAL_PROBLEM > CONTRIBUTIONS > EXISTING_APPROACHES,6,METHOD_FRAMEWORK; PROBLEM; REAL_WORLD; SCENARIO,MAIN_COMPARISON,MAIN_COMPARISON; PARAMETER_SENSITIVITY; GENERALIZATION; RUNTIME; COMPUTATIONAL_COMPLEXITY; FAILURE_CASE; QUALITATIVE_VISUALIZATION,D:\ieee my skills\IEEE_TRANS_CORPUS\papers\TFS\Yao_2026_TFS_Multiagent-Fuzzy-Reinforcement-Learning-With-LLM-for-Cooperative-Navig.pdf,54615,MAIN_TEXT_FALLBACK_NO_EVALUATION_HEADING,2.3,Counts are exact only where explicitly labelled; section lengths and semantic classifications are estimates.
P042,10.1109/tfuzz.2024.3450892,A,TFS,2025,Deep Reinforcement Learning With Fuzzy Feature Fusion for Cooperative Control in Traffic Light and Connected Autonomous Vehicles,15,EXACT_PDF,13,ESTIMATED_FROM_INTRO_REFERENCES_BOUNDARIES,5,ESTIMATED_FROM_HEADING_EXTRACTION,16,ESTIMATED_FROM_HEADING_EXTRACTION,1.18,ESTIMATED,True,False,False,7.39,ESTIMATED,,UNKNOWN,,UNKNOWN,2.46,ESTIMATED,8,AUTOMATED_LABEL_COUNT,18,ESTIMATED_FROM_CAPTIONS,4,AUTOMATED_LABEL_COUNT,12,AUTOMATED_LOWER_BOUND,1,AUTOMATED_LABEL_COUNT,0,0,0,1,AUTOMATED_LOWER_BOUND,True,False,False,True,True,False,True,True,False,True,,False,UNKNOWN: no reliably delimited contribution block,3,ESTIMATED_FROM_CLAIM_TAXONOMY,ROBUSTNESS; REAL_WORLD; COORDINATION,Autonomous vehicle paper,RL / MARL method paper; Multi-agent decision paper,STRUCTURE; METHOD; ALGORITHM; FIGURE; TABLE; EXPERIMENT; ABLATION; GENERALIZATION; REAL_WORLD; RESULTS_WRITING; CONTROL; RL; MARL; MULTI_AGENT,APPLICATION_CONTEXT > LIMITATION > CORE_INSIGHT > CONTRIBUTIONS,4,PROBLEM; QUANTITATIVE_RESULT; REAL_WORLD; ROBUSTNESS; SCENARIO,ENVIRONMENT_SETTINGS; PARAMETERS; PHYSICAL_EXPERIMENT,MAIN_COMPARISON; ABLATION; GENERALIZATION; RUNTIME; REAL_WORLD,D:\ieee my skills\IEEE_TRANS_CORPUS\papers\TFS\Xu_2025_TFS_Deep-Reinforcement-Learning-With-Fuzzy-Feature-Fusion-for-Cooperative-.pdf,84844,MAIN_TEXT_FALLBACK_NO_EVALUATION_HEADING,2.3,Counts are exact only where explicitly labelled; section lengths and semantic classifications are estimates.
P043,10.1109/tfuzz.2025.3642241,A,TFS,2026,Logic-Adaptive Discrete Neural Dynamics for Distributed Cooperative Control of Multirobot Systems via Minimum Infinity Norm Optimization,9,EXACT_PDF,9,ESTIMATED_WITH_MISSING_BOUNDARY,3,ESTIMATED_FROM_HEADING_EXTRACTION,6,ESTIMATED_FROM_HEADING_EXTRACTION,1.9,ESTIMATED,False,False,True,,UNKNOWN,,UNKNOWN,,UNKNOWN,,UNKNOWN,5,AUTOMATED_LABEL_COUNT,15,ESTIMATED_FROM_CAPTIONS,4,AUTOMATED_LABEL_COUNT,32,AUTOMATED_LOWER_BOUND,0,AUTOMATED_LABEL_COUNT,2,0,0,1,AUTOMATED_LOWER_BOUND,False,False,False,True,False,False,True,True,True,False,,False,UNKNOWN: no reliably delimited contribution block,9,ESTIMATED_FROM_CLAIM_TAXONOMY,ACCURACY; ROBUSTNESS; SCALABILITY; STABILITY; SAFETY; REAL_TIME; COORDINATION; CONVERGENCE; CONTROL_PERFORMANCE,Navigation / planning paper,Multi-agent decision paper; Learning-based control paper; Engineering control paper; Robotics system paper; Hybrid method-system paper,STRUCTURE; METHOD; THEORY; FIGURE; TABLE; EXPERIMENT; REAL_WORLD; RESULTS_WRITING; CONTROL; MULTI_AGENT; ROBOTICS; PLANNING; TRAJECTORY; OPTIMIZATION,APPLICATION_CONTEXT > TECHNICAL_PROBLEM > LIMITATION > CONTRIBUTIONS,4,METHOD_FRAMEWORK; QUANTITATIVE_RESULT; TRAJECTORY,UNKNOWN,GENERALIZATION; SCALABILITY; REAL_WORLD,D:\ieee my skills\IEEE_TRANS_CORPUS\papers\TFS\Ma_2026_TFS_Logic-Adaptive-Discrete-Neural-Dynamics-for-Distributed-Cooperative-Co.pdf,44159,MAIN_TEXT_FALLBACK_NO_EVALUATION_HEADING,2.3,Counts are exact only where explicitly labelled; section lengths and semantic classifications are estimates.
P044,10.1109/tfuzz.2021.3067724,A,TFS,2022,Design and Optimization of Robust Path Tracking Control for Autonomous Vehicles With Fuzzy Uncertainty,13,EXACT_PDF,11,ESTIMATED_FROM_INTRO_REFERENCES_BOUNDARIES,5,ESTIMATED_FROM_HEADING_EXTRACTION,9,ESTIMATED_FROM_HEADING_EXTRACTION,2.14,ESTIMATED,False,False,False,,UNKNOWN,,UNKNOWN,1.74,ESTIMATED,3.2,ESTIMATED,16,AUTOMATED_LABEL_COUNT,20,ESTIMATED_FROM_CAPTIONS,2,AUTOMATED_LABEL_COUNT,62,AUTOMATED_LOWER_BOUND,0,AUTOMATED_LABEL_COUNT,1,0,1,1,AUTOMATED_LOWER_BOUND,False,False,False,False,False,False,True,True,True,False,,False,UNKNOWN: no reliably delimited contribution block,2,ESTIMATED_FROM_CLAIM_TAXONOMY,ACCURACY; ROBUSTNESS,Autonomous vehicle paper,Engineering control paper,STRUCTURE; METHOD; THEORY; FIGURE; TABLE; EXPERIMENT; ROBUSTNESS; REAL_WORLD; RESULTS_WRITING; CONTROL; TRAJECTORY; OPTIMIZATION,APPLICATION_CONTEXT > TECHNICAL_PROBLEM > EXISTING_APPROACHES > LIMITATION,4,QUANTITATIVE_RESULT; ROBUSTNESS; SCENARIO; TRAJECTORY,COMPLEXITY; PARAMETERS,MAIN_COMPARISON; REAL_WORLD,D:\ieee my skills\IEEE_TRANS_CORPUS\papers\TFS\Yang_2022_TFS_Design-and-Optimization-of-Robust-Path-Tracking-Control-for-Autonomous.pdf,57187,EVALUATION_SECTION_BOUNDARY,2.3,Counts are exact only where explicitly labelled; section lengths and semantic classifications are estimates.
P045,10.1109/tie.2024.3363761,A,TIE,2024,Semantic-Driven Autonomous Visual Navigation for Unmanned Aerial Vehicles,11,EXACT_PDF,11,ESTIMATED_WITH_MISSING_BOUNDARY,8,ESTIMATED_FROM_HEADING_EXTRACTION,8,ESTIMATED_FROM_HEADING_EXTRACTION,0.46,ESTIMATED,False,False,False,,UNKNOWN,,UNKNOWN,0.79,ESTIMATED,0.15,ESTIMATED,8,AUTOMATED_LABEL_COUNT,21,ESTIMATED_FROM_CAPTIONS,0,AUTOMATED_LABEL_COUNT,7,AUTOMATED_LOWER_BOUND,0,AUTOMATED_LABEL_COUNT,0,0,0,1,AUTOMATED_LOWER_BOUND,False,False,False,True,False,False,True,True,False,False,,False,UNKNOWN: no reliably delimited contribution block,2,ESTIMATED_FROM_CLAIM_TAXONOMY,EFFICIENCY; REAL_WORLD,UAV autonomy paper,RL / MARL method paper; Navigation / planning paper; Robotics system paper; Hybrid method-system paper,STRUCTURE; METHOD; FIGURE; EXPERIMENT; GENERALIZATION; REAL_WORLD; RESULTS_WRITING; RL; MARL; MULTI_AGENT; UAV; ROBOTICS; PLANNING; TRAJECTORY; OPTIMIZATION,APPLICATION_CONTEXT > EXISTING_APPROACHES > LIMITATION > TECHNICAL_PROBLEM > RESEARCH_GAP,5,METHOD_FRAMEWORK; QUANTITATIVE_RESULT; SCENARIO,UNKNOWN,MAIN_COMPARISON; GENERALIZATION; REAL_WORLD,D:\ieee my skills\IEEE_TRANS_CORPUS\papers\TIE\Yue_2024_TIE_Semantic-Driven-Autonomous-Visual-Navigation-for-Unmanned-Aerial-Vehic.pdf,66179,EVALUATION_SECTION_BOUNDARY,2.3,Counts are exact only where explicitly labelled; section lengths and semantic classifications are estimates.
P046,10.1109/tie.2025.3536628,A,TIE,2025,Model Predictive Optimization and Terminal Sliding Mode Motion Control for Mobile Robot With Obstacle Avoidance,11,EXACT_PDF,11,ESTIMATED_WITH_MISSING_BOUNDARY,3,ESTIMATED_FROM_HEADING_EXTRACTION,6,ESTIMATED_FROM_HEADING_EXTRACTION,5.82,ESTIMATED,False,False,False,,UNKNOWN,,UNKNOWN,1.26,ESTIMATED,,UNKNOWN,17,AUTOMATED_LABEL_COUNT,19,ESTIMATED_FROM_CAPTIONS,1,AUTOMATED_LABEL_COUNT,35,AUTOMATED_LOWER_BOUND,0,AUTOMATED_LABEL_COUNT,1,0,0,3,AUTOMATED_LOWER_BOUND,False,False,False,True,True,False,True,True,True,False,,False,UNKNOWN: no reliably delimited contribution block,5,ESTIMATED_FROM_CLAIM_TAXONOMY,ACCURACY; ROBUSTNESS; GENERALIZATION; CONVERGENCE; CONTROL_PERFORMANCE,Navigation / planning paper,Trajectory optimization paper; Engineering control paper; Robotics system paper; Hybrid method-system paper,STRUCTURE; METHOD; THEORY; FIGURE; TABLE; EXPERIMENT; GENERALIZATION; REAL_WORLD; RESULTS_WRITING; CONTROL; ROBOTICS; PLANNING; TRAJECTORY; OPTIMIZATION,APPLICATION_CONTEXT > LIMITATION > CONTRIBUTIONS > TECHNICAL_PROBLEM > EXISTING_APPROACHES,5,GENERALIZATION; QUANTITATIVE_RESULT,UNKNOWN,MAIN_COMPARISON; GENERALIZATION; RUNTIME; REAL_WORLD,D:\ieee my skills\IEEE_TRANS_CORPUS\papers\TIE\Li_2025_TIE_Model-Predictive-Optimization-and-Terminal-Sliding-Mode-Motion-Control.pdf,43148,EVALUATION_SECTION_BOUNDARY,2.3,Counts are exact only where explicitly labelled; section lengths and semantic classifications are estimates.
P047,10.1109/tie.2023.3306405,A,TIE,2023,Real-Time Dynamic Obstacle Avoidance for Robot Manipulators Based on Cascaded Nonlinear MPC With Artificial Potential Field,11,EXACT_PDF,8,ESTIMATED_FROM_INTRO_REFERENCES_BOUNDARIES,5,ESTIMATED_FROM_HEADING_EXTRACTION,9,ESTIMATED_FROM_HEADING_EXTRACTION,1.88,ESTIMATED,False,False,False,,UNKNOWN,,UNKNOWN,2.53,ESTIMATED,2.52,ESTIMATED,11,AUTOMATED_LABEL_COUNT,22,ESTIMATED_FROM_CAPTIONS,0,AUTOMATED_LABEL_COUNT,27,AUTOMATED_LOWER_BOUND,0,AUTOMATED_LABEL_COUNT,0,0,0,2,AUTOMATED_LOWER_BOUND,False,False,False,False,True,False,True,True,True,False,3,True,ESTIMATED from enumerated contribution block,4,ESTIMATED_FROM_CLAIM_TAXONOMY,ACCURACY; SAFETY; REAL_TIME; REAL_WORLD,Navigation / planning paper,Trajectory optimization paper; Engineering control paper; Robotics system paper; Hybrid method-system paper,STRUCTURE; METHOD; THEORY; FIGURE; EXPERIMENT; REAL_WORLD; RESULTS_WRITING; CONTROL; ROBOTICS; PLANNING; TRAJECTORY; OPTIMIZATION,APPLICATION_CONTEXT > LIMITATION > TECHNICAL_PROBLEM > CORE_INSIGHT > PROPOSED_APPROACH > CONTRIBUTIONS > PAPER_ORGANIZATION,7,METHOD_FRAMEWORK; QUANTITATIVE_RESULT; RUNTIME,UNKNOWN,MAIN_COMPARISON; RUNTIME; REAL_WORLD,D:\ieee my skills\IEEE_TRANS_CORPUS\papers\TIE\Zhu_2023_TIE_Real-Time-Dynamic-Obstacle-Avoidance-for-Robot-Manipulators-Based-on-C.pdf,48555,EVALUATION_SECTION_BOUNDARY,2.3,Counts are exact only where explicitly labelled; section lengths and semantic classifications are estimates.
P048,10.1109/tie.2025.3639779,A,TIE,2026,EDEN: Efficient Dual-Layer Exploration Planning for Fast UAV Autonomous Exploration in Large 3-D Environments,11,EXACT_PDF,8,ESTIMATED_FROM_INTRO_REFERENCES_BOUNDARIES,7,ESTIMATED_FROM_HEADING_EXTRACTION,10,ESTIMATED_FROM_HEADING_EXTRACTION,1.19,ESTIMATED,True,False,False,,UNKNOWN,,UNKNOWN,2.13,ESTIMATED,2.83,ESTIMATED,6,AUTOMATED_LABEL_COUNT,14,ESTIMATED_FROM_CAPTIONS,2,AUTOMATED_LABEL_COUNT,10,AUTOMATED_LOWER_BOUND,0,AUTOMATED_LABEL_COUNT,2,0,0,1,AUTOMATED_LOWER_BOUND,False,False,False,False,True,False,True,True,True,False,4,True,ESTIMATED from enumerated contribution block,4,ESTIMATED_FROM_CLAIM_TAXONOMY,EFFICIENCY; SAFETY; REAL_TIME; REAL_WORLD,UAV autonomy paper,Navigation / planning paper; Robotics system paper; Hybrid method-system paper,STRUCTURE; INTRODUCTION; METHOD; THEORY; FIGURE; TABLE; EXPERIMENT; REAL_WORLD; RESULTS_WRITING; UAV; ROBOTICS; PLANNING; TRAJECTORY; OPTIMIZATION,EXISTING_APPROACHES > LIMITATION > TECHNICAL_PROBLEM > CORE_INSIGHT > PROPOSED_APPROACH > APPLICATION_CONTEXT > EXPERIMENTAL_PREVIEW > CONTRIBUTIONS,8,METHOD_FRAMEWORK; QUANTITATIVE_RESULT; REAL_WORLD; SCENARIO; TRAJECTORY,COMPLEXITY; PARAMETERS,MAIN_COMPARISON; RUNTIME; REAL_WORLD,D:\ieee my skills\IEEE_TRANS_CORPUS\papers\TIE\Dong_2026_TIE_EDEN-Efficient-Dual-Layer-Exploration-Planning-for-Fast-UAV-Autonomous.pdf,56227,EVALUATION_SECTION_BOUNDARY,2.3,Counts are exact only where explicitly labelled; section lengths and semantic classifications are estimates.
P049,10.1109/tie.2021.3070508,A,TIE,2021,OpenStreetMap-Based Autonomous Navigation for the Four Wheel-Legged Robot Via 3D-Lidar and CCD Camera,10,EXACT_PDF,10,ESTIMATED_WITH_MISSING_BOUNDARY,1,ESTIMATED_FROM_HEADING_EXTRACTION,7,ESTIMATED_FROM_HEADING_EXTRACTION,9.69,ESTIMATED,False,False,False,,UNKNOWN,,UNKNOWN,,UNKNOWN,,UNKNOWN,13,AUTOMATED_LABEL_COUNT,22,ESTIMATED_FROM_CAPTIONS,0,AUTOMATED_LABEL_COUNT,10,AUTOMATED_LOWER_BOUND,0,AUTOMATED_LABEL_COUNT,0,0,0,1,AUTOMATED_LOWER_BOUND,False,False,True,False,False,False,False,False,False,False,3,True,ESTIMATED from enumerated contribution block,2,ESTIMATED_FROM_CLAIM_TAXONOMY,ACCURACY; ROBUSTNESS,RL / MARL method paper,Navigation / planning paper; Robotics system paper; Hybrid method-system paper,STRUCTURE; METHOD; FIGURE; EXPERIMENT; ROBUSTNESS; REAL_WORLD; RESULTS_WRITING; RL; MARL; MULTI_AGENT; ROBOTICS; PLANNING; TRAJECTORY; OPTIMIZATION,APPLICATION_CONTEXT > LIMITATION > TECHNICAL_PROBLEM > EXPERIMENTAL_PREVIEW > PROPOSED_APPROACH > CONTRIBUTIONS > EXISTING_APPROACHES,7,METHOD_FRAMEWORK; QUANTITATIVE_RESULT; SCENARIO,UNKNOWN,MAIN_COMPARISON; ROBUSTNESS; DISTURBANCE,D:\ieee my skills\IEEE_TRANS_CORPUS\papers\TIE\Li_2021_TIE_OpenStreetMap-Based-Autonomous-Navigation-for-the-Four-Wheel-Legged-Ro.pdf,48244,MAIN_TEXT_FALLBACK_NO_EVALUATION_HEADING,2.3,Counts are exact only where explicitly labelled; section lengths and semantic classifications are estimates.
P050,10.1109/tie.2023.3299048,A,TIE,2023,Vision-Based Reactive Temporal Logic Motion Planning for Quadruped Robots in Unstructured Dynamic Environments,11,EXACT_PDF,8,ESTIMATED_FROM_INTRO_REFERENCES_BOUNDARIES,3,ESTIMATED_FROM_HEADING_EXTRACTION,7,ESTIMATED_FROM_HEADING_EXTRACTION,6.37,ESTIMATED,False,False,False,,UNKNOWN,,UNKNOWN,1.67,ESTIMATED,2.49,ESTIMATED,7,AUTOMATED_LABEL_COUNT,19,ESTIMATED_FROM_CAPTIONS,0,AUTOMATED_LABEL_COUNT,5,AUTOMATED_LOWER_BOUND,3,AUTOMATED_LABEL_COUNT,1,0,0,0,AUTOMATED_LOWER_BOUND,False,False,False,False,True,False,True,True,True,True,3,True,ESTIMATED from enumerated contribution block,2,ESTIMATED_FROM_CLAIM_TAXONOMY,REAL_TIME; REAL_WORLD,RL / MARL method paper,Navigation / planning paper; Robotics system paper; Hybrid method-system paper,STRUCTURE; PROBLEM_FORMULATION; METHOD; THEORY; ALGORITHM; FIGURE; EXPERIMENT; REAL_WORLD; RESULTS_WRITING; RL; MARL; MULTI_AGENT; ROBOTICS; PLANNING; TRAJECTORY; OPTIMIZATION,TECHNICAL_PROBLEM > APPLICATION_CONTEXT > LIMITATION > EXISTING_APPROACHES > CONTRIBUTIONS > CORE_INSIGHT > PROPOSED_APPROACH,7,SCENARIO; TRAJECTORY,UNKNOWN,RUNTIME; REAL_WORLD; QUALITATIVE_VISUALIZATION,D:\ieee my skills\IEEE_TRANS_CORPUS\papers\TIE\Zhou_2023_TIE_Vision-Based-Reactive-Temporal-Logic-Motion-Planning-for-Quadruped-Rob.pdf,51873,EVALUATION_SECTION_BOUNDARY,2.3,Counts are exact only where explicitly labelled; section lengths and semantic classifications are estimates.
P051,10.1109/tii.2024.3438241,A,TII,2024,Reinforcement Learning-Based Fault-Tolerant Control for Quadrotor UAVs Under Actuator Fault,10,EXACT_PDF,8,ESTIMATED_FROM_INTRO_REFERENCES_BOUNDARIES,2,ESTIMATED_FROM_HEADING_EXTRACTION,7,ESTIMATED_FROM_HEADING_EXTRACTION,7.11,ESTIMATED,False,False,False,,UNKNOWN,,UNKNOWN,,UNKNOWN,2.5,ESTIMATED,12,AUTOMATED_LABEL_COUNT,14,ESTIMATED_FROM_CAPTIONS,0,AUTOMATED_LABEL_COUNT,25,AUTOMATED_LOWER_BOUND,1,AUTOMATED_LABEL_COUNT,1,0,0,2,AUTOMATED_LOWER_BOUND,False,False,True,False,True,False,True,True,True,True,,False,UNKNOWN: no reliably delimited contribution block,5,ESTIMATED_FROM_CLAIM_TAXONOMY,ACCURACY; ROBUSTNESS; STABILITY; REAL_TIME; REAL_WORLD,UAV autonomy paper,RL / MARL method paper; Learning-based control paper,STRUCTURE; METHOD; THEORY; ALGORITHM; FIGURE; EXPERIMENT; ROBUSTNESS; REAL_WORLD; RESULTS_WRITING; CONTROL; RL; MARL; MULTI_AGENT; UAV,APPLICATION_CONTEXT > LIMITATION > TECHNICAL_PROBLEM > PROPOSED_APPROACH > EXPERIMENTAL_PREVIEW,5,QUANTITATIVE_RESULT,UNKNOWN,MAIN_COMPARISON; ROBUSTNESS; RUNTIME; REAL_WORLD; DISTURBANCE,D:\ieee my skills\IEEE_TRANS_CORPUS\papers\TII\Liu_2024_TII_Reinforcement-Learning-Based-Fault-Tolerant-Control-for-Quadrotor-UAVs.pdf,42233,MAIN_TEXT_FALLBACK_NO_EVALUATION_HEADING,2.3,Counts are exact only where explicitly labelled; section lengths and semantic classifications are estimates.
P052,10.1109/tii.2026.3658768,A,TII,2026,Direct Data-Driven Trajectory Tracking Control for Autonomous Vehicles via Algebraic Regulator Under Limited Data,12,EXACT_PDF,12,ESTIMATED_WITH_MISSING_BOUNDARY,1,ESTIMATED_FROM_HEADING_EXTRACTION,8,ESTIMATED_FROM_HEADING_EXTRACTION,11.3,ESTIMATED,False,False,False,,UNKNOWN,,UNKNOWN,,UNKNOWN,,UNKNOWN,8,AUTOMATED_LABEL_COUNT,16,ESTIMATED_FROM_CAPTIONS,0,AUTOMATED_LABEL_COUNT,57,AUTOMATED_LOWER_BOUND,0,AUTOMATED_LABEL_COUNT,2,0,0,2,AUTOMATED_LOWER_BOUND,False,False,False,True,False,False,True,True,True,False,,False,UNKNOWN: no reliably delimited contribution block,1,ESTIMATED_FROM_CLAIM_TAXONOMY,COORDINATION,Autonomous vehicle paper,Engineering control paper,STRUCTURE; PROBLEM_FORMULATION; METHOD; THEORY; FIGURE; EXPERIMENT; GENERALIZATION; REAL_WORLD; RESULTS_WRITING; CONTROL; TRAJECTORY; OPTIMIZATION,APPLICATION_CONTEXT > LIMITATION > PROPOSED_APPROACH > TECHNICAL_PROBLEM > CONTRIBUTIONS > CORE_INSIGHT > EXPERIMENTAL_PREVIEW,7,PROBLEM; QUANTITATIVE_RESULT; SCENARIO; TRAJECTORY,UNKNOWN,MAIN_COMPARISON; GENERALIZATION; REAL_WORLD; CROSS_SCENARIO,D:\ieee my skills\IEEE_TRANS_CORPUS\papers\TII\Chen_2026_TII_Direct-Data-Driven-Trajectory-Tracking-Control-for-Autonomous-Vehicles.pdf,58817,MAIN_TEXT_FALLBACK_NO_EVALUATION_HEADING,2.3,Counts are exact only where explicitly labelled; section lengths and semantic classifications are estimates.
P053,10.1109/tii.2025.3593966,A,TII,2025,Hybrid Deep Reinforcement Learning for UAV Inspection in Large-Scale Wind Farms: Deployment and Routing Optimization,11,EXACT_PDF,9,ESTIMATED_FROM_INTRO_REFERENCES_BOUNDARIES,3,ESTIMATED_FROM_HEADING_EXTRACTION,8,ESTIMATED_FROM_HEADING_EXTRACTION,1.82,ESTIMATED,False,False,True,,UNKNOWN,,UNKNOWN,,UNKNOWN,2.35,ESTIMATED,6,AUTOMATED_LABEL_COUNT,16,ESTIMATED_FROM_CAPTIONS,1,AUTOMATED_LABEL_COUNT,24,AUTOMATED_LOWER_BOUND,1,AUTOMATED_LABEL_COUNT,0,0,0,1,AUTOMATED_LOWER_BOUND,False,False,True,False,True,False,True,False,False,True,3,True,ESTIMATED from enumerated contribution block,2,ESTIMATED_FROM_CLAIM_TAXONOMY,ROBUSTNESS; SCALABILITY,UAV autonomy paper,RL / MARL method paper,STRUCTURE; METHOD; ALGORITHM; FIGURE; TABLE; EXPERIMENT; ROBUSTNESS; RESULTS_WRITING; RL; MARL; MULTI_AGENT; UAV; TRAJECTORY; OPTIMIZATION,LIMITATION > TECHNICAL_PROBLEM > APPLICATION_CONTEXT > PROPOSED_APPROACH > CONTRIBUTIONS,5,QUANTITATIVE_RESULT; TRAJECTORY,UNKNOWN,MAIN_COMPARISON; ROBUSTNESS; SCALABILITY; RUNTIME,D:\ieee my skills\IEEE_TRANS_CORPUS\papers\TII\Zhang_2025_TII_Hybrid-Deep-Reinforcement-Learning-for-UAV-Inspection-in-Large-Scale-W.pdf,54380,MAIN_TEXT_FALLBACK_NO_EVALUATION_HEADING,2.3,Counts are exact only where explicitly labelled; section lengths and semantic classifications are estimates.
P054,10.1109/tii.2024.3468453,A,TII,2025,Robotic Locomotion Skill Learning Using Unsupervised Reinforcement Learning With Controllable Latent Space Partition,10,EXACT_PDF,9,ESTIMATED_FROM_INTRO_REFERENCES_BOUNDARIES,3,ESTIMATED_FROM_HEADING_EXTRACTION,8,ESTIMATED_FROM_HEADING_EXTRACTION,2.46,ESTIMATED,False,False,False,5.59,ESTIMATED,,UNKNOWN,,UNKNOWN,1.35,ESTIMATED,8,AUTOMATED_LABEL_COUNT,16,ESTIMATED_FROM_CAPTIONS,0,AUTOMATED_LABEL_COUNT,29,AUTOMATED_LOWER_BOUND,1,AUTOMATED_LABEL_COUNT,0,0,0,3,AUTOMATED_LOWER_BOUND,True,False,False,True,False,False,True,False,False,True,3,True,ESTIMATED from enumerated contribution block,2,ESTIMATED_FROM_CLAIM_TAXONOMY,ACCURACY; REAL_WORLD,RL / MARL method paper,Navigation / planning paper; Robotics system paper,STRUCTURE; METHOD; ALGORITHM; FIGURE; EXPERIMENT; ABLATION; GENERALIZATION; RESULTS_WRITING; CONTROL; RL; MARL; MULTI_AGENT; ROBOTICS; PLANNING,CORE_INSIGHT > APPLICATION_CONTEXT > LIMITATION > TECHNICAL_PROBLEM > PROPOSED_APPROACH > RESEARCH_GAP > CONTRIBUTIONS,7,ABLATION; METHOD_FRAMEWORK; QUANTITATIVE_RESULT; REAL_WORLD; SCENARIO; TRAJECTORY,UNKNOWN,MAIN_COMPARISON; ABLATION; GENERALIZATION; SCALABILITY; QUALITATIVE_VISUALIZATION,D:\ieee my skills\IEEE_TRANS_CORPUS\papers\TII\He_2025_TII_Robotic-Locomotion-Skill-Learning-Using-Unsupervised-Reinforcement-Lea.pdf,52033,MAIN_TEXT_FALLBACK_NO_EVALUATION_HEADING,2.3,Counts are exact only where explicitly labelled; section lengths and semantic classifications are estimates.
P055,10.1109/tii.2023.3248120,A,TII,2023,Evolutionary Optimization of Fuzzy Reinforcement Learning and Its Application to Time-Varying Tracking Control of Industrial Parallel Robotic Manipulators,9,EXACT_PDF,9,ESTIMATED_WITH_MISSING_BOUNDARY,3,ESTIMATED_FROM_HEADING_EXTRACTION,9,ESTIMATED_FROM_HEADING_EXTRACTION,1.6,ESTIMATED,False,False,False,,UNKNOWN,,UNKNOWN,,UNKNOWN,,UNKNOWN,11,AUTOMATED_LABEL_COUNT,15,ESTIMATED_FROM_CAPTIONS,0,AUTOMATED_LABEL_COUNT,31,AUTOMATED_LOWER_BOUND,0,AUTOMATED_LABEL_COUNT,0,0,0,1,AUTOMATED_LOWER_BOUND,False,False,False,False,False,False,True,True,True,False,,False,UNKNOWN: no reliably delimited contribution block,3,ESTIMATED_FROM_CLAIM_TAXONOMY,ACCURACY; ROBUSTNESS; REAL_TIME,RL / MARL method paper,Navigation / planning paper; Engineering control paper; Robotics system paper,STRUCTURE; METHOD; THEORY; FIGURE; EXPERIMENT; REAL_WORLD; RESULTS_WRITING; CONTROL; RL; MARL; MULTI_AGENT; ROBOTICS; PLANNING; TRAJECTORY; OPTIMIZATION,LIMITATION > APPLICATION_CONTEXT > TECHNICAL_PROBLEM,3,QUANTITATIVE_RESULT; TRAJECTORY,UNKNOWN,MAIN_COMPARISON; REAL_WORLD,D:\ieee my skills\IEEE_TRANS_CORPUS\papers\TII\Huang_2023_TII_Evolutionary-Optimization-of-Fuzzy-Reinforcement-Learning-and-Its-Appl.pdf,38441,MAIN_TEXT_FALLBACK_NO_EVALUATION_HEADING,2.3,Counts are exact only where explicitly labelled; section lengths and semantic classifications are estimates.
P056,10.1109/tii.2022.3143175,A,TII,2022,Cooperative Multiagent Deep Reinforcement Learning for Reliable Surveillance via Autonomous Multi-UAV Control,10,EXACT_PDF,8,ESTIMATED_FROM_INTRO_REFERENCES_BOUNDARIES,5,ESTIMATED_FROM_HEADING_EXTRACTION,14,ESTIMATED_FROM_HEADING_EXTRACTION,1.61,ESTIMATED,False,False,False,,UNKNOWN,,UNKNOWN,2.17,ESTIMATED,2.61,ESTIMATED,6,AUTOMATED_LABEL_COUNT,15,ESTIMATED_FROM_CAPTIONS,2,AUTOMATED_LABEL_COUNT,13,AUTOMATED_LOWER_BOUND,1,AUTOMATED_LABEL_COUNT,0,0,0,1,AUTOMATED_LOWER_BOUND,False,False,False,False,False,False,True,False,False,True,,False,UNKNOWN: no reliably delimited contribution block,2,ESTIMATED_FROM_CLAIM_TAXONOMY,ROBUSTNESS; COORDINATION,UAV autonomy paper,RL / MARL method paper; Multi-agent decision paper,STRUCTURE; METHOD; ALGORITHM; FIGURE; TABLE; EXPERIMENT; RESULTS_WRITING; CONTROL; RL; MARL; MULTI_AGENT; UAV,LIMITATION > APPLICATION_CONTEXT > EXISTING_APPROACHES > TECHNICAL_PROBLEM > RESEARCH_GAP > CONTRIBUTIONS > PROPOSED_APPROACH > PAPER_ORGANIZATION,8,QUANTITATIVE_RESULT,COMPLEXITY; ENVIRONMENT_SETTINGS; MAIN_COMPARISON; PARAMETERS,MAIN_COMPARISON,D:\ieee my skills\IEEE_TRANS_CORPUS\papers\TII\Yun_2022_TII_Cooperative-Multiagent-Deep-Reinforcement-Learning-for-Reliable-Survei.pdf,55496,EVALUATION_SECTION_BOUNDARY,2.3,Counts are exact only where explicitly labelled; section lengths and semantic classifications are estimates.
P057,10.1109/tim.2025.3584117,A,TIM,2025,LiDAR-Based Autonomous Exploration Method of Mobile Robot Using Deep Reinforcement Learning in Unknown Environments,16,EXACT_PDF,14,ESTIMATED_FROM_INTRO_REFERENCES_BOUNDARIES,5,ESTIMATED_FROM_HEADING_EXTRACTION,7,ESTIMATED_FROM_HEADING_EXTRACTION,2.36,ESTIMATED,False,False,True,5.94,ESTIMATED,,UNKNOWN,4.67,ESTIMATED,2.14,ESTIMATED,18,AUTOMATED_LABEL_COUNT,36,ESTIMATED_FROM_CAPTIONS,4,AUTOMATED_LABEL_COUNT,21,AUTOMATED_LOWER_BOUND,4,AUTOMATED_LABEL_COUNT,0,0,0,3,AUTOMATED_LOWER_BOUND,False,False,False,True,True,False,True,True,False,True,8,True,ESTIMATED from enumerated contribution block,4,ESTIMATED_FROM_CLAIM_TAXONOMY,ROBUSTNESS; REAL_TIME; REAL_WORLD; TRAJECTORY_QUALITY,RL / MARL method paper,Navigation / planning paper; Robotics system paper,STRUCTURE; PROBLEM_FORMULATION; METHOD; ALGORITHM; FIGURE; TABLE; EXPERIMENT; GENERALIZATION; REAL_WORLD; RESULTS_WRITING; RL; MARL; MULTI_AGENT; ROBOTICS; PLANNING,APPLICATION_CONTEXT > TECHNICAL_PROBLEM > LIMITATION > EXISTING_APPROACHES > CORE_INSIGHT > CONTRIBUTIONS,6,PROBLEM; QUANTITATIVE_RESULT; REAL_WORLD; SCENARIO; TRAJECTORY,COMPLEXITY; ENVIRONMENT_SETTINGS; MAIN_COMPARISON; PARAMETERS,MAIN_COMPARISON; GENERALIZATION; RUNTIME; REAL_WORLD; QUALITATIVE_VISUALIZATION,D:\ieee my skills\IEEE_TRANS_CORPUS\papers\TIM\Zhang_2025_TIM_LiDAR-Based-Autonomous-Exploration-Method-of-Mobile-Robot-Using-Deep-R.pdf,75264,EVALUATION_SECTION_BOUNDARY,2.3,Counts are exact only where explicitly labelled; section lengths and semantic classifications are estimates.
P058,10.1109/tim.2024.3522370,A,TIM,2025,Cooperative Obstacle Avoidance of Unmanned System Swarm via Reinforcement Learning Under Unknown Environments,15,EXACT_PDF,13,ESTIMATED_FROM_INTRO_REFERENCES_BOUNDARIES,6,ESTIMATED_FROM_HEADING_EXTRACTION,12,ESTIMATED_FROM_HEADING_EXTRACTION,2.04,ESTIMATED,False,False,False,,UNKNOWN,,UNKNOWN,3.66,ESTIMATED,2.83,ESTIMATED,26,AUTOMATED_LABEL_COUNT,48,ESTIMATED_FROM_CAPTIONS,5,AUTOMATED_LABEL_COUNT,41,AUTOMATED_LOWER_BOUND,0,AUTOMATED_LABEL_COUNT,0,0,0,1,AUTOMATED_LOWER_BOUND,False,False,False,False,False,False,True,True,False,False,,False,UNKNOWN: no reliably delimited contribution block,3,ESTIMATED_FROM_CLAIM_TAXONOMY,SAFETY; COORDINATION; CONVERGENCE,RL / MARL method paper,Multi-agent decision paper; Navigation / planning paper; Robotics system paper; Hybrid method-system paper,STRUCTURE; METHOD; FIGURE; TABLE; EXPERIMENT; REAL_WORLD; RESULTS_WRITING; RL; MARL; MULTI_AGENT; ROBOTICS; PLANNING,APPLICATION_CONTEXT > LIMITATION > TECHNICAL_PROBLEM > CORE_INSIGHT,4,METHOD_FRAMEWORK; PROBLEM; QUALITATIVE_RESULT; QUANTITATIVE_RESULT; SCENARIO; SENSITIVITY; TRAJECTORY,COMPLEXITY; PARAMETERS,REAL_WORLD,D:\ieee my skills\IEEE_TRANS_CORPUS\papers\TIM\Zhang_2025_TIM_Cooperative-Obstacle-Avoidance-of-Unmanned-System-Swarm-via-Reinforcem.pdf,54633,EVALUATION_SECTION_BOUNDARY,2.3,Counts are exact only where explicitly labelled; section lengths and semantic classifications are estimates.
P059,10.1109/tim.2023.3265741,A,TIM,2023,Deep Reinforcement Learning of UAV Tracking Control Under Wind Disturbances Environments,13,EXACT_PDF,11,ESTIMATED_FROM_INTRO_REFERENCES_BOUNDARIES,4,ESTIMATED_FROM_HEADING_EXTRACTION,11,ESTIMATED_FROM_HEADING_EXTRACTION,2.18,ESTIMATED,False,False,False,,UNKNOWN,,UNKNOWN,4.5,ESTIMATED,2.66,ESTIMATED,17,AUTOMATED_LABEL_COUNT,26,ESTIMATED_FROM_CAPTIONS,4,AUTOMATED_LABEL_COUNT,14,AUTOMATED_LOWER_BOUND,1,AUTOMATED_LABEL_COUNT,0,0,0,1,AUTOMATED_LOWER_BOUND,True,False,True,True,True,False,True,True,True,True,,False,UNKNOWN: no reliably delimited contribution block,6,ESTIMATED_FROM_CLAIM_TAXONOMY,ACCURACY; EFFICIENCY; ROBUSTNESS; SAFETY; REAL_WORLD; COORDINATION,UAV autonomy paper,RL / MARL method paper; Engineering control paper,STRUCTURE; METHOD; THEORY; ALGORITHM; FIGURE; TABLE; EXPERIMENT; ABLATION; ROBUSTNESS; GENERALIZATION; REAL_WORLD; RESULTS_WRITING; CONTROL; RL; MARL; MULTI_AGENT; UAV,APPLICATION_CONTEXT > TECHNICAL_PROBLEM > LIMITATION > CONTRIBUTIONS > EXPERIMENTAL_PREVIEW,5,METHOD_FRAMEWORK; QUALITATIVE_RESULT; QUANTITATIVE_RESULT; REAL_WORLD; SCENARIO; SENSITIVITY; TRAJECTORY,MAIN_COMPARISON,MAIN_COMPARISON; ABLATION; ROBUSTNESS; GENERALIZATION; RUNTIME; REAL_WORLD; QUALITATIVE_VISUALIZATION,D:\ieee my skills\IEEE_TRANS_CORPUS\papers\TIM\Ma_2023_TIM_Deep-Reinforcement-Learning-of-UAV-Tracking-Control-Under-Wind-Disturb.pdf,64147,EVALUATION_SECTION_BOUNDARY,2.3,Counts are exact only where explicitly labelled; section lengths and semantic classifications are estimates.
P060,10.1109/tim.2025.3562241,A,TIM,2025,Optimal Trajectory Planning and Multimodal Force Control for Robotic Large Surface Rapid Grinding,15,EXACT_PDF,13,ESTIMATED_FROM_INTRO_REFERENCES_BOUNDARIES,6,ESTIMATED_FROM_HEADING_EXTRACTION,13,ESTIMATED_FROM_HEADING_EXTRACTION,1.74,ESTIMATED,False,False,False,,UNKNOWN,,UNKNOWN,4.3,ESTIMATED,2.68,ESTIMATED,18,AUTOMATED_LABEL_COUNT,45,ESTIMATED_FROM_CAPTIONS,4,AUTOMATED_LABEL_COUNT,36,AUTOMATED_LOWER_BOUND,0,AUTOMATED_LABEL_COUNT,0,0,0,1,AUTOMATED_LOWER_BOUND,False,False,False,False,False,False,True,True,True,False,3,True,ESTIMATED from enumerated contribution block,1,ESTIMATED_FROM_CLAIM_TAXONOMY,EFFICIENCY,Navigation / planning paper,Trajectory optimization paper; Robotics system paper,STRUCTURE; METHOD; THEORY; FIGURE; TABLE; EXPERIMENT; REAL_WORLD; RESULTS_WRITING; CONTROL; ROBOTICS; PLANNING; TRAJECTORY; OPTIMIZATION,APPLICATION_CONTEXT > LIMITATION > PROPOSED_APPROACH > RESEARCH_GAP > CONTRIBUTIONS,5,METHOD_FRAMEWORK; QUANTITATIVE_RESULT; ROBUSTNESS; SCENARIO; TRAJECTORY,COMPLEXITY; MAIN_COMPARISON; PARAMETERS,MAIN_COMPARISON; REAL_WORLD,D:\ieee my skills\IEEE_TRANS_CORPUS\papers\TIM\Liu_2025_TIM_Optimal-Trajectory-Planning-and-Multimodal-Force-Control-for-Robotic-L.pdf,74364,EVALUATION_SECTION_BOUNDARY,2.3,Counts are exact only where explicitly labelled; section lengths and semantic classifications are estimates.
P061,10.1109/tits.2024.3524562,A,TITS,2025,Extrinsic-and-Intrinsic Reward-Based Multi-Agent Reinforcement Learning for Multi-UAV Cooperative Target Encirclement,13,EXACT_PDF,11,ESTIMATED_FROM_INTRO_REFERENCES_BOUNDARIES,6,ESTIMATED_FROM_HEADING_EXTRACTION,11,ESTIMATED_FROM_HEADING_EXTRACTION,1.71,ESTIMATED,True,False,True,,UNKNOWN,,UNKNOWN,2.6,ESTIMATED,2.34,ESTIMATED,14,AUTOMATED_LABEL_COUNT,19,ESTIMATED_FROM_CAPTIONS,1,AUTOMATED_LABEL_COUNT,26,AUTOMATED_LOWER_BOUND,1,AUTOMATED_LABEL_COUNT,0,0,0,3,AUTOMATED_LOWER_BOUND,False,False,False,True,False,False,True,False,True,True,,False,UNKNOWN: no reliably delimited contribution block,4,ESTIMATED_FROM_CLAIM_TAXONOMY,ACCURACY; EFFICIENCY; SAFETY; COORDINATION,UAV autonomy paper,RL / MARL method paper; Multi-agent decision paper,STRUCTURE; PROBLEM_FORMULATION; METHOD; THEORY; ALGORITHM; FIGURE; TABLE; EXPERIMENT; GENERALIZATION; RESULTS_WRITING; RL; MARL; MULTI_AGENT; UAV,APPLICATION_CONTEXT > TECHNICAL_PROBLEM > LIMITATION > CONTRIBUTIONS,4,METHOD_FRAMEWORK,COMPLEXITY; PARAMETERS,GENERALIZATION,D:\ieee my skills\IEEE_TRANS_CORPUS\papers\TITS\Chen_2025_TITS_Extrinsic-and-Intrinsic-Reward-Based-Multi-Agent-Reinforcement-Learnin.pdf,68046,EVALUATION_SECTION_BOUNDARY,2.3,Counts are exact only where explicitly labelled; section lengths and semantic classifications are estimates.
P062,10.1109/tits.2023.3276416,A,TITS,2023,CoTV: Cooperative Control for Traffic Light Signals and Connected Autonomous Vehicles Using Deep Reinforcement Learning,12,EXACT_PDF,10,ESTIMATED_FROM_INTRO_REFERENCES_BOUNDARIES,12,ESTIMATED_FROM_HEADING_EXTRACTION,14,ESTIMATED_FROM_HEADING_EXTRACTION,0.79,ESTIMATED,True,False,False,1.34,ESTIMATED,,UNKNOWN,1.34,ESTIMATED,1.16,ESTIMATED,12,AUTOMATED_LABEL_COUNT,13,ESTIMATED_FROM_CAPTIONS,6,AUTOMATED_LABEL_COUNT,2,AUTOMATED_LOWER_BOUND,1,AUTOMATED_LABEL_COUNT,0,0,0,2,AUTOMATED_LOWER_BOUND,False,False,False,False,False,False,True,True,False,True,,False,UNKNOWN: no reliably delimited contribution block,5,ESTIMATED_FROM_CLAIM_TAXONOMY,EFFICIENCY; STABILITY; SAFETY; REAL_TIME; COORDINATION,Autonomous vehicle paper,RL / MARL method paper; Multi-agent decision paper,STRUCTURE; METHOD; ALGORITHM; FIGURE; TABLE; EXPERIMENT; REAL_WORLD; RESULTS_WRITING; CONTROL; RL; MARL; MULTI_AGENT,APPLICATION_CONTEXT > LIMITATION > EXISTING_APPROACHES > SCIENTIFIC_CHALLENGE,4,MOTIVATION; PROBLEM; SCENARIO,BASELINE_DESCRIPTION; ENVIRONMENT_SETTINGS; MAIN_COMPARISON,MAIN_COMPARISON; SCALABILITY; REAL_WORLD,D:\ieee my skills\IEEE_TRANS_CORPUS\papers\TITS\Guo_2023_TITS_CoTV-Cooperative-Control-for-Traffic-Light-Signals-and-Connected-Auton.pdf,62471,EVALUATION_SECTION_BOUNDARY,2.3,Counts are exact only where explicitly labelled; section lengths and semantic classifications are estimates.
P063,10.1109/tits.2024.3505929,A,TITS,2025,Multi-Agent Reinforcement Learning With Spatial–Temporal Attention for Flocking With Collision Avoidance of a Scalable Fixed-Wing UAV Fleet,14,EXACT_PDF,12,ESTIMATED_FROM_INTRO_REFERENCES_BOUNDARIES,5,ESTIMATED_FROM_HEADING_EXTRACTION,10,ESTIMATED_FROM_HEADING_EXTRACTION,2.2,ESTIMATED,False,False,True,3.35,ESTIMATED,,UNKNOWN,3.76,ESTIMATED,2.57,ESTIMATED,9,AUTOMATED_LABEL_COUNT,43,ESTIMATED_FROM_CAPTIONS,3,AUTOMATED_LABEL_COUNT,37,AUTOMATED_LOWER_BOUND,1,AUTOMATED_LABEL_COUNT,0,0,0,3,AUTOMATED_LOWER_BOUND,True,False,False,True,False,False,True,True,False,True,,False,UNKNOWN: no reliably delimited contribution block,6,ESTIMATED_FROM_CLAIM_TAXONOMY,EFFICIENCY; ROBUSTNESS; GENERALIZATION; SCALABILITY; SAFETY; COORDINATION,UAV autonomy paper,RL / MARL method paper; Multi-agent decision paper,STRUCTURE; PROBLEM_FORMULATION; METHOD; ALGORITHM; FIGURE; TABLE; EXPERIMENT; ABLATION; GENERALIZATION; REAL_WORLD; RESULTS_WRITING; RL; MARL; MULTI_AGENT; UAV,TECHNICAL_PROBLEM > LIMITATION > APPLICATION_CONTEXT > RESEARCH_GAP > EXISTING_APPROACHES > PROPOSED_APPROACH > CONTRIBUTIONS > EXPERIMENTAL_PREVIEW,8,ABLATION; GENERALIZATION; NETWORK_ARCHITECTURE; PROBLEM; QUALITATIVE_RESULT; QUANTITATIVE_RESULT; SCENARIO,ABLATION; ENVIRONMENT_SETTINGS; GENERALIZATION; PARAMETERS,MAIN_COMPARISON; ABLATION; GENERALIZATION; SCALABILITY; REAL_WORLD; CROSS_SCENARIO,D:\ieee my skills\IEEE_TRANS_CORPUS\papers\TITS\Yan_2025_TITS_Multi-Agent-Reinforcement-Learning-With-Spatial-Temporal-Attention-for.pdf,67948,EVALUATION_SECTION_BOUNDARY,2.3,Counts are exact only where explicitly labelled; section lengths and semantic classifications are estimates.
P064,10.1109/tits.2020.3039617,A,TITS,2021,Data Freshness and Energy-Efficient UAV Navigation Optimization: A Deep Reinforcement Learning Approach,11,EXACT_PDF,9,ESTIMATED_FROM_INTRO_REFERENCES_BOUNDARIES,7,ESTIMATED_FROM_HEADING_EXTRACTION,14,ESTIMATED_FROM_HEADING_EXTRACTION,0.93,ESTIMATED,True,False,True,,UNKNOWN,,UNKNOWN,2.51,ESTIMATED,2.48,ESTIMATED,7,AUTOMATED_LABEL_COUNT,10,ESTIMATED_FROM_CAPTIONS,3,AUTOMATED_LABEL_COUNT,27,AUTOMATED_LOWER_BOUND,1,AUTOMATED_LABEL_COUNT,0,0,0,1,AUTOMATED_LOWER_BOUND,False,False,False,False,False,False,True,False,False,True,,False,UNKNOWN: no reliably delimited contribution block,2,ESTIMATED_FROM_CLAIM_TAXONOMY,EFFICIENCY; REAL_TIME,UAV autonomy paper,RL / MARL method paper; Navigation / planning paper; Robotics system paper,STRUCTURE; PROBLEM_FORMULATION; METHOD; ALGORITHM; FIGURE; TABLE; EXPERIMENT; RESULTS_WRITING; RL; MARL; MULTI_AGENT; UAV; ROBOTICS; PLANNING; TRAJECTORY; OPTIMIZATION,APPLICATION_CONTEXT > LIMITATION > SCIENTIFIC_CHALLENGE > CONTRIBUTIONS > TECHNICAL_PROBLEM > CORE_INSIGHT > EXPERIMENTAL_PREVIEW > PAPER_ORGANIZATION > PROPOSED_APPROACH,9,QUANTITATIVE_RESULT,ENVIRONMENT_SETTINGS,MAIN_COMPARISON; ENVIRONMENT_VARIATION,D:\ieee my skills\IEEE_TRANS_CORPUS\papers\TITS\Abedin_2021_TITS_Data-Freshness-and-Energy-Efficient-UAV-Navigation-Optimization-A-Deep.pdf,61944,EVALUATION_SECTION_BOUNDARY,2.3,Counts are exact only where explicitly labelled; section lengths and semantic classifications are estimates.
P065,10.1109/tits.2023.3266195,A,TITS,2023,Hierarchical Motion Planning and Tracking for Autonomous Vehicles Using Global Heuristic Based Potential Field and Reinforcement Learning Based Predictive Control,20,EXACT_PDF,18,ESTIMATED_FROM_INTRO_REFERENCES_BOUNDARIES,5,ESTIMATED_FROM_HEADING_EXTRACTION,15,ESTIMATED_FROM_HEADING_EXTRACTION,3.5,ESTIMATED,False,False,False,,UNKNOWN,,UNKNOWN,5.46,ESTIMATED,4.13,ESTIMATED,21,AUTOMATED_LABEL_COUNT,23,ESTIMATED_FROM_CAPTIONS,13,AUTOMATED_LABEL_COUNT,38,AUTOMATED_LOWER_BOUND,1,AUTOMATED_LABEL_COUNT,0,0,0,5,AUTOMATED_LOWER_BOUND,False,False,False,True,True,False,True,True,True,True,4,True,ESTIMATED from enumerated contribution block,6,ESTIMATED_FROM_CLAIM_TAXONOMY,EFFICIENCY; ROBUSTNESS; REAL_TIME; REAL_WORLD; COORDINATION; CONTROL_PERFORMANCE,Autonomous vehicle paper,RL / MARL method paper; Navigation / planning paper; Learning-based control paper; Robotics system paper,STRUCTURE; METHOD; THEORY; ALGORITHM; FIGURE; TABLE; EXPERIMENT; REAL_WORLD; RESULTS_WRITING; CONTROL; RL; MARL; MULTI_AGENT; ROBOTICS; PLANNING,APPLICATION_CONTEXT > TECHNICAL_PROBLEM > LIMITATION > CONTRIBUTIONS > EXISTING_APPROACHES > PAPER_ORGANIZATION,6,GENERALIZATION; METHOD_FRAMEWORK; PROBLEM; QUANTITATIVE_RESULT; REAL_WORLD; SCENARIO; TRAJECTORY,COMPLEXITY; MAIN_COMPARISON; PARAMETERS,MAIN_COMPARISON; GENERALIZATION; RUNTIME; REAL_WORLD; CROSS_SCENARIO,D:\ieee my skills\IEEE_TRANS_CORPUS\papers\TITS\Du_2023_TITS_Hierarchical-Motion-Planning-and-Tracking-for-Autonomous-Vehicles-Usin.pdf,94529,EVALUATION_SECTION_BOUNDARY,2.3,Counts are exact only where explicitly labelled; section lengths and semantic classifications are estimates.
P066,10.1109/tiv.2025.3598768,A,TIV,2025,Securing End-to-End Reinforcement Learning-Driven Autonomous Driving: A Control Command Utility-Based Intrusion Response System,11,EXACT_PDF,11,ESTIMATED_WITH_MISSING_BOUNDARY,3,ESTIMATED_FROM_HEADING_EXTRACTION,16,ESTIMATED_FROM_HEADING_EXTRACTION,5.68,ESTIMATED,False,False,False,,UNKNOWN,,UNKNOWN,0.61,ESTIMATED,,UNKNOWN,6,AUTOMATED_LABEL_COUNT,9,ESTIMATED_FROM_CAPTIONS,3,AUTOMATED_LABEL_COUNT,13,AUTOMATED_LOWER_BOUND,0,AUTOMATED_LABEL_COUNT,0,0,0,1,AUTOMATED_LOWER_BOUND,False,True,False,True,True,True,True,True,False,False,,False,UNKNOWN: no reliably delimited contribution block,2,ESTIMATED_FROM_CLAIM_TAXONOMY,ROBUSTNESS; SAFETY,Autonomous vehicle paper,RL / MARL method paper; Hybrid method-system paper,STRUCTURE; METHOD; FIGURE; TABLE; EXPERIMENT; ROBUSTNESS; GENERALIZATION; REAL_WORLD; RESULTS_WRITING; CONTROL; RL; MARL; MULTI_AGENT,APPLICATION_CONTEXT > LIMITATION > EXISTING_APPROACHES > TECHNICAL_PROBLEM > RESEARCH_GAP > CONTRIBUTIONS > PROPOSED_APPROACH > EXPERIMENTAL_PREVIEW > SCIENTIFIC_CHALLENGE,9,METHOD_FRAMEWORK; QUANTITATIVE_RESULT,COMPLEXITY; MAIN_COMPARISON; PARAMETERS,MAIN_COMPARISON; PARAMETER_SENSITIVITY; GENERALIZATION; SCALABILITY; RUNTIME; COMPUTATIONAL_COMPLEXITY; REAL_WORLD,D:\ieee my skills\IEEE_TRANS_CORPUS\papers\TIV\Zhang_2025_TIV_Securing-End-to-End-Reinforcement-Learning-Driven-Autonomous-Driving-A.pdf,65157,EVALUATION_SECTION_BOUNDARY,2.3,Counts are exact only where explicitly labelled; section lengths and semantic classifications are estimates.
P067,10.1109/tiv.2024.3373512,A,TIV,2024,Enhancing System-Level Safety in Mixed-Autonomy Platoon via Safe Reinforcement Learning,13,EXACT_PDF,9,ESTIMATED_FROM_INTRO_REFERENCES_BOUNDARIES,6,ESTIMATED_FROM_HEADING_EXTRACTION,12,ESTIMATED_FROM_HEADING_EXTRACTION,1.74,ESTIMATED,False,True,False,,UNKNOWN,,UNKNOWN,2.07,ESTIMATED,3.67,ESTIMATED,11,AUTOMATED_LABEL_COUNT,35,ESTIMATED_FROM_CAPTIONS,0,AUTOMATED_LABEL_COUNT,25,AUTOMATED_LOWER_BOUND,0,AUTOMATED_LABEL_COUNT,0,0,0,3,AUTOMATED_LOWER_BOUND,False,False,False,True,False,False,True,False,False,False,1,True,ESTIMATED from contribution sentences,6,ESTIMATED_FROM_CLAIM_TAXONOMY,EFFICIENCY; GENERALIZATION; STABILITY; SAFETY; REAL_TIME; REAL_WORLD,Autonomous vehicle paper,RL / MARL method paper; Learning-based control paper; Control theory paper; Engineering control paper; Hybrid method-system paper,STRUCTURE; PROBLEM_FORMULATION; METHOD; THEORY; FIGURE; EXPERIMENT; GENERALIZATION; RESULTS_WRITING; CONTROL; RL; MARL; MULTI_AGENT,LIMITATION > TECHNICAL_PROBLEM > APPLICATION_CONTEXT > EXISTING_APPROACHES > PROPOSED_APPROACH > CONTRIBUTIONS > PAPER_ORGANIZATION,7,METHOD_FRAMEWORK; PROBLEM; QUANTITATIVE_RESULT; SCENARIO,UNKNOWN,MAIN_COMPARISON; GENERALIZATION,D:\ieee my skills\IEEE_TRANS_CORPUS\papers\TIV\Zhou_2024_TIV_Enhancing-System-Level-Safety-in-Mixed-Autonomy-Platoon-via-Safe-Reinf.pdf,63222,EVALUATION_SECTION_BOUNDARY,2.3,Counts are exact only where explicitly labelled; section lengths and semantic classifications are estimates.
P068,10.1109/tiv.2022.3214777,A,TIV,2022,Mixed-Integer and Conditional Trajectory Planning for an Autonomous Mining Truck in Loading/Dumping Scenarios: A Global Optimization Approach,11,EXACT_PDF,9,ESTIMATED_FROM_INTRO_REFERENCES_BOUNDARIES,5,ESTIMATED_FROM_HEADING_EXTRACTION,14,ESTIMATED_FROM_HEADING_EXTRACTION,1.49,ESTIMATED,True,False,True,,UNKNOWN,,UNKNOWN,1.67,ESTIMATED,2.9,ESTIMATED,9,AUTOMATED_LABEL_COUNT,11,ESTIMATED_FROM_CAPTIONS,3,AUTOMATED_LABEL_COUNT,13,AUTOMATED_LOWER_BOUND,1,AUTOMATED_LABEL_COUNT,0,0,0,1,AUTOMATED_LOWER_BOUND,False,False,False,False,True,False,True,True,False,True,2,True,ESTIMATED from enumerated contribution block,3,ESTIMATED_FROM_CLAIM_TAXONOMY,EFFICIENCY; REAL_TIME; REAL_WORLD,Navigation / planning paper,Trajectory optimization paper; Robotics system paper; Hybrid method-system paper,STRUCTURE; METHOD; ALGORITHM; FIGURE; TABLE; EXPERIMENT; REAL_WORLD; RESULTS_WRITING; ROBOTICS; PLANNING; TRAJECTORY; OPTIMIZATION,APPLICATION_CONTEXT > SCIENTIFIC_CHALLENGE > LIMITATION > TECHNICAL_PROBLEM > CONTRIBUTIONS,5,QUANTITATIVE_RESULT; TRAJECTORY,ENVIRONMENT_SETTINGS; MAIN_COMPARISON,MAIN_COMPARISON; RUNTIME; REAL_WORLD,D:\ieee my skills\IEEE_TRANS_CORPUS\papers\TIV\Li_2022_TIV_Mixed-Integer-and-Conditional-Trajectory-Planning-for-an-Autonomous-Mi.pdf,54062,EVALUATION_SECTION_BOUNDARY,2.3,Counts are exact only where explicitly labelled; section lengths and semantic classifications are estimates.
P069,10.1109/tiv.2023.3314709,A,TIV,2023,Interaction-Aware Motion Planning for Autonomous Vehicles With Multi-Modal Obstacle Uncertainty Predictions,15,EXACT_PDF,12,ESTIMATED_FROM_INTRO_REFERENCES_BOUNDARIES,7,ESTIMATED_FROM_HEADING_EXTRACTION,16,ESTIMATED_FROM_HEADING_EXTRACTION,2.26,ESTIMATED,False,False,True,0.72,ESTIMATED,,UNKNOWN,2.77,ESTIMATED,2.54,ESTIMATED,18,AUTOMATED_LABEL_COUNT,35,ESTIMATED_FROM_CAPTIONS,2,AUTOMATED_LABEL_COUNT,8,AUTOMATED_LOWER_BOUND,1,AUTOMATED_LABEL_COUNT,0,0,0,1,AUTOMATED_LOWER_BOUND,False,False,False,True,True,True,True,True,False,True,,False,UNKNOWN: no reliably delimited contribution block,3,ESTIMATED_FROM_CLAIM_TAXONOMY,EFFICIENCY; ROBUSTNESS; SAFETY,Autonomous vehicle paper,RL / MARL method paper; Navigation / planning paper; Trajectory optimization paper; Engineering control paper; Robotics system paper,STRUCTURE; METHOD; ALGORITHM; FIGURE; TABLE; EXPERIMENT; ROBUSTNESS; GENERALIZATION; REAL_WORLD; RESULTS_WRITING; CONTROL; RL; MARL; MULTI_AGENT; ROBOTICS; PLANNING; TRAJECTORY; OPTIMIZATION,APPLICATION_CONTEXT > LIMITATION > TECHNICAL_PROBLEM > PROPOSED_APPROACH > CONTRIBUTIONS,5,PROBLEM; QUANTITATIVE_RESULT; SCENARIO; SENSITIVITY; SYSTEM_OVERVIEW; TRAJECTORY,COMPLEXITY; PARAMETERS,MAIN_COMPARISON; GENERALIZATION; RUNTIME; COMPUTATIONAL_COMPLEXITY; REAL_WORLD,D:\ieee my skills\IEEE_TRANS_CORPUS\papers\TIV\Zhou_2023_TIV_Interaction-Aware-Motion-Planning-for-Autonomous-Vehicles-With-Multi-M.pdf,82252,EVALUATION_SECTION_BOUNDARY,2.3,Counts are exact only where explicitly labelled; section lengths and semantic classifications are estimates.
P070,10.1109/tiv.2022.3185159,A,TIV,2022,Uncertainty-Aware Model-Based Reinforcement Learning: Methodology and Application in Autonomous Driving,10,EXACT_PDF,8,ESTIMATED_FROM_INTRO_REFERENCES_BOUNDARIES,6,ESTIMATED_FROM_HEADING_EXTRACTION,10,ESTIMATED_FROM_HEADING_EXTRACTION,1.35,ESTIMATED,False,False,False,,UNKNOWN,,UNKNOWN,2.7,ESTIMATED,2.12,ESTIMATED,11,AUTOMATED_LABEL_COUNT,21,ESTIMATED_FROM_CAPTIONS,4,AUTOMATED_LABEL_COUNT,26,AUTOMATED_LOWER_BOUND,1,AUTOMATED_LABEL_COUNT,0,0,0,1,AUTOMATED_LOWER_BOUND,True,False,True,False,True,False,True,False,False,True,,False,UNKNOWN: contribution count not reliable,2,ESTIMATED_FROM_CLAIM_TAXONOMY,EFFICIENCY; CONVERGENCE,Autonomous vehicle paper,RL / MARL method paper; Navigation / planning paper; Robotics system paper,STRUCTURE; METHOD; ALGORITHM; FIGURE; TABLE; EXPERIMENT; ABLATION; ROBUSTNESS; RESULTS_WRITING; CONTROL; RL; MARL; MULTI_AGENT; ROBOTICS; PLANNING,APPLICATION_CONTEXT > LIMITATION > TECHNICAL_PROBLEM > CONTRIBUTIONS > PAPER_ORGANIZATION,5,PROBLEM; QUANTITATIVE_RESULT; ROBUSTNESS; SCENARIO; SENSITIVITY,COMPLEXITY; ENVIRONMENT_SETTINGS; PARAMETERS,MAIN_COMPARISON; ABLATION; ROBUSTNESS; RUNTIME,D:\ieee my skills\IEEE_TRANS_CORPUS\papers\TIV\Wu_2022_TIV_Uncertainty-Aware-Model-Based-Reinforcement-Learning-Methodology-and-A.pdf,51591,EVALUATION_SECTION_BOUNDARY,2.3,Counts are exact only where explicitly labelled; section lengths and semantic classifications are estimates.
P071,10.1109/tmech.2026.3658866,A,TMECH,2026,Robot Learning System Based on Target Localization and Human Demonstration for Medical Examination,12,EXACT_PDF,9,ESTIMATED_FROM_INTRO_REFERENCES_BOUNDARIES,6,ESTIMATED_FROM_HEADING_EXTRACTION,11,ESTIMATED_FROM_HEADING_EXTRACTION,1.63,ESTIMATED,False,False,False,,UNKNOWN,,UNKNOWN,1.36,ESTIMATED,2.83,ESTIMATED,17,AUTOMATED_LABEL_COUNT,19,ESTIMATED_FROM_CAPTIONS,1,AUTOMATED_LABEL_COUNT,26,AUTOMATED_LOWER_BOUND,0,AUTOMATED_LABEL_COUNT,0,0,0,1,AUTOMATED_LOWER_BOUND,False,False,False,True,False,False,False,True,False,False,,False,UNKNOWN: no reliably delimited contribution block,5,ESTIMATED_FROM_CLAIM_TAXONOMY,ACCURACY; ROBUSTNESS; GENERALIZATION; REAL_TIME; CONVERGENCE,Navigation / planning paper,Robotics system paper; Hybrid method-system paper,STRUCTURE; INTRODUCTION; METHOD; THEORY; FIGURE; TABLE; EXPERIMENT; ROBUSTNESS; GENERALIZATION; REAL_WORLD; RESULTS_WRITING; ROBOTICS; PLANNING,APPLICATION_CONTEXT > LIMITATION > CONTRIBUTIONS,3,METHOD_FRAMEWORK; QUANTITATIVE_RESULT,COMPLEXITY; PARAMETERS,MAIN_COMPARISON; GENERALIZATION; SCALABILITY; REAL_WORLD,D:\ieee my skills\IEEE_TRANS_CORPUS\papers\TMECH\Si_2026_TMECH_Robot-Learning-System-Based-on-Target-Localization-and-Human-Demonstra.pdf,53274,EVALUATION_SECTION_BOUNDARY,2.3,Counts are exact only where explicitly labelled; section lengths and semantic classifications are estimates.
P072,10.1109/tmech.2023.3235906,A,TMECH,2023,Robust TS-ANFIS MPC of an Autonomous Racing Electrical Vehicle Considering the Battery State of Charge,12,EXACT_PDF,12,ESTIMATED_WITH_MISSING_BOUNDARY,4,ESTIMATED_FROM_HEADING_EXTRACTION,11,ESTIMATED_FROM_HEADING_EXTRACTION,2.01,ESTIMATED,False,False,True,4.07,ESTIMATED,,UNKNOWN,,UNKNOWN,2.5,ESTIMATED,9,AUTOMATED_LABEL_COUNT,14,ESTIMATED_FROM_CAPTIONS,2,AUTOMATED_LABEL_COUNT,40,AUTOMATED_LOWER_BOUND,1,AUTOMATED_LABEL_COUNT,0,1,0,1,AUTOMATED_LOWER_BOUND,False,False,False,True,False,True,True,False,True,True,,False,UNKNOWN: no reliably delimited contribution block,2,ESTIMATED_FROM_CLAIM_TAXONOMY,ROBUSTNESS; STABILITY,Navigation / planning paper,Control theory paper; Engineering control paper; Robotics system paper; Hybrid method-system paper,STRUCTURE; PROBLEM_FORMULATION; METHOD; THEORY; ALGORITHM; FIGURE; TABLE; EXPERIMENT; ROBUSTNESS; RESULTS_WRITING; CONTROL; ROBOTICS; PLANNING; TRAJECTORY; OPTIMIZATION,APPLICATION_CONTEXT > TECHNICAL_PROBLEM > LIMITATION,3,PROBLEM; QUANTITATIVE_RESULT; SCENARIO,UNKNOWN,MAIN_COMPARISON; GENERALIZATION; COMPUTATIONAL_COMPLEXITY,D:\ieee my skills\IEEE_TRANS_CORPUS\papers\TMECH\Samada_2023_TMECH_Robust-TS-ANFIS-MPC-of-an-Autonomous-Racing-Electrical-Vehicle-Conside.pdf,54476,MAIN_TEXT_FALLBACK_NO_EVALUATION_HEADING,2.3,Counts are exact only where explicitly labelled; section lengths and semantic classifications are estimates.
P073,10.1109/tmech.2022.3142756,A,TMECH,2022,Coverage Path Planning for Robotic Quality Inspection With Control on Measurement Uncertainty,12,EXACT_PDF,12,ESTIMATED_WITH_MISSING_BOUNDARY,,UNKNOWN_HEADING_EXTRACTION_FAILED,15,ESTIMATED_FROM_HEADING_EXTRACTION,,UNKNOWN,False,False,False,,UNKNOWN,,UNKNOWN,,UNKNOWN,,UNKNOWN,10,AUTOMATED_LABEL_COUNT,20,ESTIMATED_FROM_CAPTIONS,6,AUTOMATED_LABEL_COUNT,15,AUTOMATED_LOWER_BOUND,3,AUTOMATED_LABEL_COUNT,0,0,0,2,AUTOMATED_LOWER_BOUND,False,False,False,False,False,False,True,False,False,True,,False,UNKNOWN: no reliably delimited contribution block,2,ESTIMATED_FROM_CLAIM_TAXONOMY,ACCURACY; EFFICIENCY,Navigation / planning paper,Robotics system paper; Hybrid method-system paper,STRUCTURE; METHOD; ALGORITHM; FIGURE; TABLE; EXPERIMENT; REAL_WORLD; RESULTS_WRITING; CONTROL; ROBOTICS; PLANNING; TRAJECTORY; OPTIMIZATION,UNKNOWN,0,SCENARIO; SENSITIVITY,COMPLEXITY; PARAMETERS,MAIN_COMPARISON; SCALABILITY,D:\ieee my skills\IEEE_TRANS_CORPUS\papers\TMECH\Liu_2022_TMECH_Coverage-Path-Planning-for-Robotic-Quality-Inspection-With-Control-on-.pdf,57751,MAIN_TEXT_FALLBACK_NO_EVALUATION_HEADING,2.3,Counts are exact only where explicitly labelled; section lengths and semantic classifications are estimates.
P074,10.1109/tmech.2025.3592930,A,TMECH,2025,Collaborative Task Planning for PCB-Driven Magnetic Microrobots Using Deep Reinforcement Learning,11,EXACT_PDF,9,ESTIMATED_FROM_INTRO_REFERENCES_BOUNDARIES,3,ESTIMATED_FROM_HEADING_EXTRACTION,5,ESTIMATED_FROM_HEADING_EXTRACTION,2.07,ESTIMATED,False,False,False,,UNKNOWN,,UNKNOWN,,UNKNOWN,2.31,ESTIMATED,14,AUTOMATED_LABEL_COUNT,32,ESTIMATED_FROM_CAPTIONS,0,AUTOMATED_LABEL_COUNT,10,AUTOMATED_LOWER_BOUND,1,AUTOMATED_LABEL_COUNT,0,0,0,2,AUTOMATED_LOWER_BOUND,False,True,False,True,True,True,True,False,True,True,,False,UNKNOWN: no reliably delimited contribution block,7,ESTIMATED_FROM_CLAIM_TAXONOMY,EFFICIENCY; ROBUSTNESS; SCALABILITY; REAL_TIME; REAL_WORLD; COORDINATION; CONVERGENCE,RL / MARL method paper,Navigation / planning paper; Engineering control paper; Robotics system paper; Hybrid method-system paper,STRUCTURE; METHOD; THEORY; ALGORITHM; FIGURE; EXPERIMENT; GENERALIZATION; REAL_WORLD; RESULTS_WRITING; CONTROL; RL; MARL; MULTI_AGENT; ROBOTICS; PLANNING,APPLICATION_CONTEXT > TECHNICAL_PROBLEM > LIMITATION > EXISTING_APPROACHES > PROPOSED_APPROACH > CONTRIBUTIONS,6,METHOD_FRAMEWORK; PROBLEM; QUANTITATIVE_RESULT; SCENARIO,UNKNOWN,MAIN_COMPARISON; PARAMETER_SENSITIVITY; GENERALIZATION; SCALABILITY; RUNTIME; COMPUTATIONAL_COMPLEXITY,D:\ieee my skills\IEEE_TRANS_CORPUS\papers\TMECH\Fan_2025_TMECH_Collaborative-Task-Planning-for-PCB-Driven-Magnetic-Microrobots-Using-.pdf,49036,MAIN_TEXT_FALLBACK_NO_EVALUATION_HEADING,2.3,Counts are exact only where explicitly labelled; section lengths and semantic classifications are estimates.
P075,10.1109/tmech.2025.3570573,A,TMECH,2025,Just-in-Time Informed Trees: Manipulability-Aware Asymptotically Optimized Motion Planning,12,EXACT_PDF,12,ESTIMATED_WITH_MISSING_BOUNDARY,2,ESTIMATED_FROM_HEADING_EXTRACTION,12,ESTIMATED_FROM_HEADING_EXTRACTION,5.61,ESTIMATED,False,False,False,,UNKNOWN,,UNKNOWN,,UNKNOWN,,UNKNOWN,4,AUTOMATED_LABEL_COUNT,20,ESTIMATED_FROM_CAPTIONS,1,AUTOMATED_LABEL_COUNT,25,AUTOMATED_LOWER_BOUND,3,AUTOMATED_LABEL_COUNT,2,0,0,1,AUTOMATED_LOWER_BOUND,False,False,False,True,True,True,True,True,True,True,3,True,ESTIMATED from enumerated contribution block,5,ESTIMATED_FROM_CLAIM_TAXONOMY,EFFICIENCY; ROBUSTNESS; STABILITY; SAFETY; TRAJECTORY_QUALITY,RL / MARL method paper,Navigation / planning paper; Robotics system paper,STRUCTURE; METHOD; THEORY; ALGORITHM; FIGURE; TABLE; EXPERIMENT; GENERALIZATION; REAL_WORLD; RESULTS_WRITING; CONTROL; RL; MARL; MULTI_AGENT; ROBOTICS; PLANNING; TRAJECTORY; OPTIMIZATION,TECHNICAL_PROBLEM > LIMITATION > EXISTING_APPROACHES > PROPOSED_APPROACH > CONTRIBUTIONS > RESEARCH_GAP > APPLICATION_CONTEXT,7,PROBLEM; QUANTITATIVE_RESULT; SCENARIO; TRAJECTORY,UNKNOWN,MAIN_COMPARISON; GENERALIZATION; SCALABILITY; RUNTIME; COMPUTATIONAL_COMPLEXITY; REAL_WORLD,D:\ieee my skills\IEEE_TRANS_CORPUS\papers\TMECH\Cai_2025_TMECH_Just-in-Time-Informed-Trees-Manipulability-Aware-Asymptotically-Optimi.pdf,62863,MAIN_TEXT_FALLBACK_NO_EVALUATION_HEADING,2.3,Counts are exact only where explicitly labelled; section lengths and semantic classifications are estimates.
P076,10.1109/tmech.2021.3090838,A,TMECH,2021,Verticalized-Tip Trajectory Tracking of a 3D-Printable Soft Continuum Robot: Enabling Surgical Blood Suction Automation,12,EXACT_PDF,10,ESTIMATED_FROM_INTRO_REFERENCES_BOUNDARIES,2,ESTIMATED_FROM_HEADING_EXTRACTION,10,ESTIMATED_FROM_HEADING_EXTRACTION,2.37,ESTIMATED,False,False,False,9.02,ESTIMATED,,UNKNOWN,,UNKNOWN,,UNKNOWN,14,AUTOMATED_LABEL_COUNT,25,ESTIMATED_FROM_CAPTIONS,0,AUTOMATED_LABEL_COUNT,35,AUTOMATED_LOWER_BOUND,0,AUTOMATED_LABEL_COUNT,0,0,0,1,AUTOMATED_LOWER_BOUND,False,False,False,False,True,False,True,True,True,True,,False,UNKNOWN: no reliably delimited contribution block,2,ESTIMATED_FROM_CLAIM_TAXONOMY,ACCURACY; EFFICIENCY,RL / MARL method paper,Navigation / planning paper; Engineering control paper; Robotics system paper; Hybrid method-system paper,STRUCTURE; METHOD; THEORY; ALGORITHM; FIGURE; EXPERIMENT; REAL_WORLD; RESULTS_WRITING; CONTROL; RL; MARL; MULTI_AGENT; ROBOTICS; PLANNING; TRAJECTORY; OPTIMIZATION,APPLICATION_CONTEXT > LIMITATION > PROPOSED_APPROACH > TECHNICAL_PROBLEM > CONTRIBUTIONS,5,QUALITATIVE_RESULT; QUANTITATIVE_RESULT; REAL_WORLD; TRAJECTORY,UNKNOWN,MAIN_COMPARISON; RUNTIME; REAL_WORLD,D:\ieee my skills\IEEE_TRANS_CORPUS\papers\TMECH\Lai_2021_TMECH_Verticalized-Tip-Trajectory-Tracking-of-a-3D-Printable-Soft-Continuum-.pdf,60623,MAIN_TEXT_FALLBACK_NO_EVALUATION_HEADING,2.3,Counts are exact only where explicitly labelled; section lengths and semantic classifications are estimates.
P077,10.1109/tnnls.2021.3056046,A,TNNLS,2021,Certifiable Robustness to Adversarial State Uncertainty in Deep Reinforcement Learning,15,EXACT_PDF,12,ESTIMATED_FROM_INTRO_REFERENCES_BOUNDARIES,2,ESTIMATED_FROM_HEADING_EXTRACTION,24,ESTIMATED_FROM_HEADING_EXTRACTION,6.71,ESTIMATED,False,False,False,,UNKNOWN,,UNKNOWN,7.93,ESTIMATED,,UNKNOWN,11,AUTOMATED_LABEL_COUNT,25,ESTIMATED_FROM_CAPTIONS,0,AUTOMATED_LABEL_COUNT,28,AUTOMATED_LOWER_BOUND,0,AUTOMATED_LABEL_COUNT,0,0,0,1,AUTOMATED_LOWER_BOUND,False,False,True,False,True,False,True,False,True,False,,False,UNKNOWN: no reliably delimited contribution block,2,ESTIMATED_FROM_CLAIM_TAXONOMY,ROBUSTNESS; SAFETY,Autonomous vehicle paper,RL / MARL method paper; Navigation / planning paper; Learning-based control paper; Robotics system paper; Hybrid method-system paper,STRUCTURE; METHOD; THEORY; FIGURE; EXPERIMENT; ROBUSTNESS; RESULTS_WRITING; CONTROL; RL; MARL; MULTI_AGENT; ROBOTICS; PLANNING; TRAJECTORY; OPTIMIZATION,APPLICATION_CONTEXT > LIMITATION > EXISTING_APPROACHES > TECHNICAL_PROBLEM > CORE_INSIGHT > SCIENTIFIC_CHALLENGE > RESEARCH_GAP > PROPOSED_APPROACH,8,QUANTITATIVE_RESULT; ROBUSTNESS; SENSITIVITY; SYSTEM_OVERVIEW,UNKNOWN,MAIN_COMPARISON; ROBUSTNESS; RUNTIME,D:\ieee my skills\IEEE_TRANS_CORPUS\papers\TNNLS\Everett_2021_TNNLS_Certifiable-Robustness-to-Adversarial-State-Uncertainty-in-Deep-Reinfo.pdf,87557,EVALUATION_SECTION_BOUNDARY,2.3,Counts are exact only where explicitly labelled; section lengths and semantic classifications are estimates.
P078,10.1109/tnnls.2023.3247160,A,TNNLS,2023,Representation Learning and Reinforcement Learning for Dynamic Complex Motion Planning System,15,EXACT_PDF,13,ESTIMATED_FROM_INTRO_REFERENCES_BOUNDARIES,13,ESTIMATED_FROM_HEADING_EXTRACTION,8,ESTIMATED_FROM_HEADING_EXTRACTION,0.98,ESTIMATED,False,True,False,2.14,ESTIMATED,,UNKNOWN,1.56,ESTIMATED,0.26,ESTIMATED,10,AUTOMATED_LABEL_COUNT,20,ESTIMATED_FROM_CAPTIONS,7,AUTOMATED_LABEL_COUNT,58,AUTOMATED_LOWER_BOUND,4,AUTOMATED_LABEL_COUNT,0,0,0,2,AUTOMATED_LOWER_BOUND,True,False,True,False,False,False,True,False,False,True,,False,UNKNOWN: no reliably delimited contribution block,3,ESTIMATED_FROM_CLAIM_TAXONOMY,ROBUSTNESS; SAFETY; CONVERGENCE,RL / MARL method paper,Multi-agent decision paper; Navigation / planning paper; Robotics system paper; Hybrid method-system paper,STRUCTURE; PROBLEM_FORMULATION; METHOD; THEORY; ALGORITHM; FIGURE; TABLE; EXPERIMENT; ABLATION; ROBUSTNESS; RESULTS_WRITING; RL; MARL; MULTI_AGENT; ROBOTICS; PLANNING; TRAJECTORY; OPTIMIZATION,LIMITATION > APPLICATION_CONTEXT > TECHNICAL_PROBLEM,3,METHOD_FRAMEWORK; QUANTITATIVE_RESULT,COMPLEXITY; ENVIRONMENT_SETTINGS; PARAMETERS,ABLATION; ROBUSTNESS,D:\ieee my skills\IEEE_TRANS_CORPUS\papers\TNNLS\Zhou_2023_TNNLS_Representation-Learning-and-Reinforcement-Learning-for-Dynamic-Complex.pdf,69144,EVALUATION_SECTION_BOUNDARY,2.3,Counts are exact only where explicitly labelled; section lengths and semantic classifications are estimates.
P079,10.1109/tnnls.2022.3191021,A,TNNLS,2022,Distributed Neural Networks Training for Robotic Manipulation With Consensus Algorithm,16,EXACT_PDF,13,ESTIMATED_FROM_INTRO_REFERENCES_BOUNDARIES,5,ESTIMATED_FROM_HEADING_EXTRACTION,15,ESTIMATED_FROM_HEADING_EXTRACTION,1.65,ESTIMATED,False,False,True,,UNKNOWN,2.91,ESTIMATED,4.9,ESTIMATED,3.61,ESTIMATED,18,AUTOMATED_LABEL_COUNT,41,ESTIMATED_FROM_CAPTIONS,0,AUTOMATED_LABEL_COUNT,64,AUTOMATED_LOWER_BOUND,1,AUTOMATED_LABEL_COUNT,1,2,3,1,AUTOMATED_LOWER_BOUND,False,False,False,False,False,False,True,False,True,True,3,True,ESTIMATED from enumerated contribution block,5,ESTIMATED_FROM_CLAIM_TAXONOMY,ACCURACY; EFFICIENCY; SCALABILITY; COORDINATION; CONVERGENCE,RL / MARL method paper,Multi-agent decision paper; Navigation / planning paper; Learning-based control paper; Control theory paper; Robotics system paper; Hybrid method-system paper,STRUCTURE; METHOD; THEORY; ALGORITHM; FIGURE; EXPERIMENT; REAL_WORLD; RESULTS_WRITING; CONTROL; RL; MARL; MULTI_AGENT; ROBOTICS; PLANNING; TRAJECTORY; OPTIMIZATION,APPLICATION_CONTEXT > LIMITATION > TECHNICAL_PROBLEM > CONTRIBUTIONS,4,QUANTITATIVE_RESULT,UNKNOWN,MAIN_COMPARISON; SCALABILITY; CROSS_SCENARIO,D:\ieee my skills\IEEE_TRANS_CORPUS\papers\TNNLS\Liu_2022_TNNLS_Distributed-Neural-Networks-Training-for-Robotic-Manipulation-With-Con.pdf,69975,EVALUATION_SECTION_BOUNDARY,2.3,Counts are exact only where explicitly labelled; section lengths and semantic classifications are estimates.
P080,10.1109/tnnls.2024.3350679,A,TNNLS,2024,Security and Safety-Critical Learning-Based Collaborative Control for Multiagent Systems,12,EXACT_PDF,10,ESTIMATED_FROM_INTRO_REFERENCES_BOUNDARIES,5,ESTIMATED_FROM_HEADING_EXTRACTION,2,ESTIMATED_FROM_HEADING_EXTRACTION,1.35,ESTIMATED,False,False,True,,UNKNOWN,,UNKNOWN,2.26,ESTIMATED,1.98,ESTIMATED,8,AUTOMATED_LABEL_COUNT,14,ESTIMATED_FROM_CAPTIONS,0,AUTOMATED_LABEL_COUNT,57,AUTOMATED_LOWER_BOUND,0,AUTOMATED_LABEL_COUNT,3,0,0,2,AUTOMATED_LOWER_BOUND,False,False,False,False,False,False,False,True,True,False,3,True,ESTIMATED from enumerated contribution block,4,ESTIMATED_FROM_CLAIM_TAXONOMY,ROBUSTNESS; SAFETY; REAL_TIME; COORDINATION,Autonomous vehicle paper,RL / MARL method paper; Multi-agent decision paper; Learning-based control paper; Control theory paper; Engineering control paper; Hybrid method-system paper,STRUCTURE; METHOD; THEORY; FIGURE; EXPERIMENT; ROBUSTNESS; REAL_WORLD; RESULTS_WRITING; CONTROL; RL; MARL; MULTI_AGENT,APPLICATION_CONTEXT > LIMITATION > TECHNICAL_PROBLEM > CONTRIBUTIONS,4,QUANTITATIVE_RESULT,UNKNOWN,MAIN_COMPARISON; REAL_WORLD,D:\ieee my skills\IEEE_TRANS_CORPUS\papers\TNNLS\Yan_2024_TNNLS_Security-and-Safety-Critical-Learning-Based-Collaborative-Control-for-.pdf,59896,EVALUATION_SECTION_BOUNDARY,2.3,Counts are exact only where explicitly labelled; section lengths and semantic classifications are estimates.
P081,10.1109/tnnls.2026.3685832,A,TNNLS,2026,Human–Machine Co-Adaptation for Robot-Assisted Rehabilitation via Dual-Agent Multiple Model Reinforcement Learning (DAMMRL),17,EXACT_PDF,9,ESTIMATED_FROM_INTRO_REFERENCES_BOUNDARIES,10,ESTIMATED_FROM_HEADING_EXTRACTION,8,ESTIMATED_FROM_HEADING_EXTRACTION,3.01,ESTIMATED,False,False,False,,UNKNOWN,,UNKNOWN,1.4,ESTIMATED,3.45,ESTIMATED,35,AUTOMATED_LABEL_COUNT,37,ESTIMATED_FROM_CAPTIONS,3,AUTOMATED_LABEL_COUNT,11,AUTOMATED_LOWER_BOUND,0,AUTOMATED_LABEL_COUNT,0,0,0,1,AUTOMATED_LOWER_BOUND,False,False,False,True,False,False,True,True,False,False,,False,UNKNOWN: no reliably delimited contribution block,1,ESTIMATED_FROM_CLAIM_TAXONOMY,REAL_TIME,RL / MARL method paper,Navigation / planning paper; Robotics system paper; Hybrid method-system paper,STRUCTURE; INTRODUCTION; METHOD; FIGURE; TABLE; EXPERIMENT; GENERALIZATION; REAL_WORLD; RESULTS_WRITING; CONTROL; RL; MARL; MULTI_AGENT; ROBOTICS; PLANNING,APPLICATION_CONTEXT > LIMITATION > SCIENTIFIC_CHALLENGE > CONTRIBUTIONS,4,QUANTITATIVE_RESULT; SCENARIO,ENVIRONMENT_SETTINGS; MAIN_COMPARISON,MAIN_COMPARISON; GENERALIZATION; REAL_WORLD,D:\ieee my skills\IEEE_TRANS_CORPUS\papers\TNNLS\An_2026_TNNLS_Human-Machine-Co-Adaptation-for-Robot-Assisted-Rehabilitation-via-Dual.pdf,67228,EVALUATION_SECTION_BOUNDARY,2.3,Counts are exact only where explicitly labelled; section lengths and semantic classifications are estimates.
P082,10.1109/tro.2025.3530348,A,TRO,2025,GCBF+: A Neural Graph Control Barrier Function Framework for Distributed Safe Multiagent Control,20,EXACT_PDF,17,ESTIMATED_FROM_INTRO_REFERENCES_BOUNDARIES,7,ESTIMATED_FROM_HEADING_EXTRACTION,24,ESTIMATED_FROM_HEADING_EXTRACTION,2.93,ESTIMATED,False,False,True,,UNKNOWN,,UNKNOWN,1.34,ESTIMATED,6.65,ESTIMATED,15,AUTOMATED_LABEL_COUNT,19,ESTIMATED_FROM_CAPTIONS,2,AUTOMATED_LABEL_COUNT,50,AUTOMATED_LOWER_BOUND,0,AUTOMATED_LABEL_COUNT,1,0,1,4,AUTOMATED_LOWER_BOUND,False,True,False,True,True,False,True,True,True,False,,False,UNKNOWN: no reliably delimited contribution block,5,ESTIMATED_FROM_CLAIM_TAXONOMY,GENERALIZATION; SCALABILITY; SAFETY; REAL_WORLD; COORDINATION,UAV autonomy paper,RL / MARL method paper; Multi-agent decision paper; Navigation / planning paper; Learning-based control paper; Control theory paper; Engineering control paper; Robotics system paper; Hybrid method-system paper,STRUCTURE; METHOD; THEORY; FIGURE; TABLE; EXPERIMENT; GENERALIZATION; REAL_WORLD; RESULTS_WRITING; CONTROL; RL; MARL; MULTI_AGENT; UAV; ROBOTICS; PLANNING,LIMITATION > CONTRIBUTIONS > TECHNICAL_PROBLEM > EXISTING_APPROACHES > SCIENTIFIC_CHALLENGE > PROPOSED_APPROACH > CORE_INSIGHT,7,QUANTITATIVE_RESULT; SCENARIO; SENSITIVITY,COMPLEXITY; PARAMETERS,MAIN_COMPARISON; PARAMETER_SENSITIVITY; GENERALIZATION; SCALABILITY; RUNTIME; REAL_WORLD,D:\ieee my skills\IEEE_TRANS_CORPUS\papers\TRO\Zhang_2025_TRO_GCBF-A-Neural-Graph-Control-Barrier-Function-Framework-for-Distributed.pdf,108804,EVALUATION_SECTION_BOUNDARY,2.3,Counts are exact only where explicitly labelled; section lengths and semantic classifications are estimates.
P083,10.1109/tro.2021.3137751,A,TRO,2022,"Kimera-Multi: Robust, Distributed, Dense Metric-Semantic SLAM for Multi-Robot Systems",17,EXACT_PDF,14,ESTIMATED_FROM_INTRO_REFERENCES_BOUNDARIES,7,ESTIMATED_FROM_HEADING_EXTRACTION,12,ESTIMATED_FROM_HEADING_EXTRACTION,1.75,ESTIMATED,True,False,False,,UNKNOWN,,UNKNOWN,3.79,ESTIMATED,4.55,ESTIMATED,15,AUTOMATED_LABEL_COUNT,29,ESTIMATED_FROM_CAPTIONS,5,AUTOMATED_LABEL_COUNT,13,AUTOMATED_LOWER_BOUND,1,AUTOMATED_LABEL_COUNT,0,0,0,1,AUTOMATED_LOWER_BOUND,True,False,True,False,True,False,True,False,True,True,1,True,ESTIMATED from enumerated contribution block,4,ESTIMATED_FROM_CLAIM_TAXONOMY,ACCURACY; ROBUSTNESS; REAL_TIME; REAL_WORLD,RL / MARL method paper,Multi-agent decision paper; Navigation / planning paper; Robotics system paper; Hybrid method-system paper,STRUCTURE; METHOD; THEORY; ALGORITHM; FIGURE; TABLE; EXPERIMENT; ABLATION; ROBUSTNESS; REAL_WORLD; RESULTS_WRITING; RL; MARL; MULTI_AGENT; ROBOTICS; PLANNING; TRAJECTORY; OPTIMIZATION,APPLICATION_CONTEXT > EXISTING_APPROACHES > LIMITATION > RESEARCH_GAP > TECHNICAL_PROBLEM > CONTRIBUTIONS > PROPOSED_APPROACH > EXPERIMENTAL_PREVIEW,8,PROBLEM; QUANTITATIVE_RESULT; ROBUSTNESS; SCENARIO; SYSTEM_OVERVIEW; TRAJECTORY,RUNTIME,MAIN_COMPARISON; ABLATION; ROBUSTNESS; RUNTIME; FAILURE_CASE,D:\ieee my skills\IEEE_TRANS_CORPUS\papers\TRO\Tian_2022_TRO_Kimera-Multi-Robust-Distributed-Dense-Metric-Semantic-SLAM-for-Multi-R.pdf,92989,EVALUATION_SECTION_BOUNDARY,2.3,Counts are exact only where explicitly labelled; section lengths and semantic classifications are estimates.
P084,10.1109/tro.2026.3651669,A,TRO,2026,DexRepNet++: Learning Dexterous Robotic Manipulation With Geometric and Spatial Hand-Object Representations,20,EXACT_PDF,17,ESTIMATED_FROM_INTRO_REFERENCES_BOUNDARIES,9,ESTIMATED_FROM_HEADING_EXTRACTION,31,ESTIMATED_FROM_HEADING_EXTRACTION,1.35,ESTIMATED,True,True,False,0.46,ESTIMATED,,UNKNOWN,,UNKNOWN,3.68,ESTIMATED,18,AUTOMATED_LABEL_COUNT,26,ESTIMATED_FROM_CAPTIONS,9,AUTOMATED_LABEL_COUNT,24,AUTOMATED_LOWER_BOUND,0,AUTOMATED_LABEL_COUNT,0,0,0,1,AUTOMATED_LOWER_BOUND,True,True,False,True,True,True,True,True,False,True,,False,UNKNOWN: no reliably delimited contribution block,7,ESTIMATED_FROM_CLAIM_TAXONOMY,SUCCESS_RATE; EFFICIENCY; ROBUSTNESS; GENERALIZATION; REAL_WORLD; COORDINATION; SAMPLE_EFFICIENCY,RL / MARL method paper,Navigation / planning paper; Robotics system paper; Hybrid method-system paper,STRUCTURE; INTRODUCTION; METHOD; ALGORITHM; FIGURE; TABLE; EXPERIMENT; ABLATION; GENERALIZATION; REAL_WORLD; RESULTS_WRITING; RL; MARL; MULTI_AGENT; ROBOTICS; PLANNING,EXISTING_APPROACHES > LIMITATION > CORE_INSIGHT > TECHNICAL_PROBLEM > PROPOSED_APPROACH > APPLICATION_CONTEXT > EXPERIMENTAL_PREVIEW > RESEARCH_GAP,8,GENERALIZATION; METHOD_FRAMEWORK,BASELINE_DESCRIPTION; GENERALIZATION; MAIN_COMPARISON,MAIN_COMPARISON; ABLATION; PARAMETER_SENSITIVITY; GENERALIZATION; SCALABILITY; RUNTIME; COMPUTATIONAL_COMPLEXITY; REAL_WORLD; SIM_TO_REAL; FAILURE_CASE; QUALITATIVE_VISUALIZATION; STATISTICAL_TEST,D:\ieee my skills\IEEE_TRANS_CORPUS\papers\TRO\Liu_2026_TRO_DexRepNet-Learning-Dexterous-Robotic-Manipulation-With-Geometric-and-S.pdf,111720,MAIN_TEXT_FALLBACK_NO_EVALUATION_HEADING,2.3,Counts are exact only where explicitly labelled; section lengths and semantic classifications are estimates.
P085,10.1109/tro.2022.3232300,A,TRO,2023,Maximum-Entropy Multi-Agent Dynamic Games: Forward and Inverse Solutions,15,EXACT_PDF,13,ESTIMATED_FROM_INTRO_REFERENCES_BOUNDARIES,6,ESTIMATED_FROM_HEADING_EXTRACTION,7,ESTIMATED_FROM_HEADING_EXTRACTION,1.55,ESTIMATED,True,True,False,,UNKNOWN,,UNKNOWN,2.17,ESTIMATED,3.56,ESTIMATED,7,AUTOMATED_LABEL_COUNT,9,ESTIMATED_FROM_CAPTIONS,4,AUTOMATED_LABEL_COUNT,49,AUTOMATED_LOWER_BOUND,3,AUTOMATED_LABEL_COUNT,2,0,0,1,AUTOMATED_LOWER_BOUND,False,False,False,True,True,False,True,False,True,True,,False,UNKNOWN: no reliably delimited contribution block,3,ESTIMATED_FROM_CLAIM_TAXONOMY,ACCURACY; SAFETY; REAL_WORLD,RL / MARL method paper,Multi-agent decision paper; Navigation / planning paper; Robotics system paper,STRUCTURE; METHOD; THEORY; ALGORITHM; FIGURE; TABLE; EXPERIMENT; GENERALIZATION; RESULTS_WRITING; CONTROL; RL; MARL; MULTI_AGENT; ROBOTICS; PLANNING; TRAJECTORY; OPTIMIZATION,TECHNICAL_PROBLEM > APPLICATION_CONTEXT > LIMITATION > PROPOSED_APPROACH > CONTRIBUTIONS,5,PROBLEM; QUALITATIVE_RESULT; SCENARIO; TRAJECTORY,UNKNOWN,MAIN_COMPARISON; GENERALIZATION; RUNTIME; CROSS_SCENARIO,D:\ieee my skills\IEEE_TRANS_CORPUS\papers\TRO\Mehr_2023_TRO_Maximum-Entropy-Multi-Agent-Dynamic-Games-Forward-and-Inverse-Solution.pdf,81124,EVALUATION_SECTION_BOUNDARY,2.3,Counts are exact only where explicitly labelled; section lengths and semantic classifications are estimates.
P086,10.1109/tro.2023.3275875,A,TRO,2023,A Secure Robot Learning Framework for Cyber Attack Scheduling and Countermeasure,19,EXACT_PDF,14,ESTIMATED_FROM_INTRO_REFERENCES_BOUNDARIES,6,ESTIMATED_FROM_HEADING_EXTRACTION,14,ESTIMATED_FROM_HEADING_EXTRACTION,3.15,ESTIMATED,False,True,True,,UNKNOWN,,UNKNOWN,2.15,ESTIMATED,0.3,ESTIMATED,11,AUTOMATED_LABEL_COUNT,21,ESTIMATED_FROM_CAPTIONS,3,AUTOMATED_LABEL_COUNT,22,AUTOMATED_LOWER_BOUND,2,AUTOMATED_LABEL_COUNT,1,0,1,1,AUTOMATED_LOWER_BOUND,False,False,False,True,False,False,True,True,True,True,,False,UNKNOWN: no reliably delimited contribution block,3,ESTIMATED_FROM_CLAIM_TAXONOMY,EFFICIENCY; STABILITY; REAL_WORLD,RL / MARL method paper,Navigation / planning paper; Learning-based control paper; Control theory paper; Engineering control paper; Robotics system paper; Hybrid method-system paper,STRUCTURE; METHOD; THEORY; ALGORITHM; FIGURE; TABLE; EXPERIMENT; GENERALIZATION; REAL_WORLD; RESULTS_WRITING; CONTROL; RL; MARL; MULTI_AGENT; ROBOTICS; PLANNING; TRAJECTORY; OPTIMIZATION,LIMITATION > APPLICATION_CONTEXT > CONTRIBUTIONS > EXISTING_APPROACHES > TECHNICAL_PROBLEM,5,METHOD_FRAMEWORK; QUALITATIVE_RESULT; QUANTITATIVE_RESULT; SCENARIO; TRAJECTORY,COMPLEXITY; MAIN_COMPARISON; PARAMETERS,GENERALIZATION; REAL_WORLD,D:\ieee my skills\IEEE_TRANS_CORPUS\papers\TRO\Wu_2023_TRO_A-Secure-Robot-Learning-Framework-for-Cyber-Attack-Scheduling-and-Coun.pdf,81005,EVALUATION_SECTION_BOUNDARY,2.3,Counts are exact only where explicitly labelled; section lengths and semantic classifications are estimates.
P087,10.1109/tro.2024.3434208,A,TRO,2024,Contact Models in Robotics: A Comparative Analysis,18,EXACT_PDF,14,ESTIMATED_FROM_INTRO_REFERENCES_BOUNDARIES,4,ESTIMATED_FROM_HEADING_EXTRACTION,10,ESTIMATED_FROM_HEADING_EXTRACTION,2.14,ESTIMATED,False,False,False,,UNKNOWN,,UNKNOWN,,UNKNOWN,4.73,ESTIMATED,19,AUTOMATED_LABEL_COUNT,24,ESTIMATED_FROM_CAPTIONS,3,AUTOMATED_LABEL_COUNT,24,AUTOMATED_LOWER_BOUND,7,AUTOMATED_LABEL_COUNT,0,0,0,1,AUTOMATED_LOWER_BOUND,False,True,False,True,False,False,True,False,False,True,,False,UNKNOWN: no reliably delimited contribution block,3,ESTIMATED_FROM_CLAIM_TAXONOMY,ACCURACY; EFFICIENCY; ROBUSTNESS,RL / MARL method paper,Navigation / planning paper; Trajectory optimization paper; Robotics system paper,STRUCTURE; METHOD; ALGORITHM; FIGURE; TABLE; EXPERIMENT; GENERALIZATION; RESULTS_WRITING; CONTROL; RL; MARL; MULTI_AGENT; ROBOTICS; PLANNING; TRAJECTORY; OPTIMIZATION,TECHNICAL_PROBLEM > APPLICATION_CONTEXT > LIMITATION > RESEARCH_GAP > CONTRIBUTIONS > PROPOSED_APPROACH,6,PROBLEM; TRAJECTORY,UNKNOWN,MAIN_COMPARISON; PARAMETER_SENSITIVITY; GENERALIZATION; SIM_TO_REAL,D:\ieee my skills\IEEE_TRANS_CORPUS\papers\TRO\Lidec_2024_TRO_Contact-Models-in-Robotics-A-Comparative-Analysis.pdf,96686,MAIN_TEXT_FALLBACK_NO_EVALUATION_HEADING,2.3,Counts are exact only where explicitly labelled; section lengths and semantic classifications are estimates.
P088,10.1109/tro.2023.3264950,A,TRO,2023,NEPTUNE: Nonentangling Trajectory Planning for Multiple Tethered Unmanned Vehicles,19,EXACT_PDF,17,ESTIMATED_FROM_INTRO_REFERENCES_BOUNDARIES,10,ESTIMATED_FROM_HEADING_EXTRACTION,17,ESTIMATED_FROM_HEADING_EXTRACTION,1.41,ESTIMATED,True,True,False,,UNKNOWN,,UNKNOWN,2.83,ESTIMATED,3.66,ESTIMATED,23,AUTOMATED_LABEL_COUNT,36,ESTIMATED_FROM_CAPTIONS,2,AUTOMATED_LABEL_COUNT,16,AUTOMATED_LOWER_BOUND,5,AUTOMATED_LABEL_COUNT,0,1,0,2,AUTOMATED_LOWER_BOUND,False,False,False,False,True,False,True,True,True,True,,False,UNKNOWN: no reliably delimited contribution block,4,ESTIMATED_FROM_CLAIM_TAXONOMY,SUCCESS_RATE; EFFICIENCY; SAFETY; REAL_TIME,UAV autonomy paper,RL / MARL method paper; Multi-agent decision paper; Navigation / planning paper; Robotics system paper; Hybrid method-system paper,STRUCTURE; PROBLEM_FORMULATION; METHOD; THEORY; ALGORITHM; FIGURE; TABLE; EXPERIMENT; REAL_WORLD; RESULTS_WRITING; CONTROL; RL; MARL; MULTI_AGENT; UAV; ROBOTICS; PLANNING; TRAJECTORY; OPTIMIZATION,APPLICATION_CONTEXT > TECHNICAL_PROBLEM > LIMITATION > EXISTING_APPROACHES > PROPOSED_APPROACH > CONTRIBUTIONS,6,PROBLEM; QUANTITATIVE_RESULT; SCENARIO; TRAJECTORY,UNKNOWN,MAIN_COMPARISON; RUNTIME; REAL_WORLD,D:\ieee my skills\IEEE_TRANS_CORPUS\papers\TRO\Cao_2023_TRO_NEPTUNE-Nonentangling-Trajectory-Planning-for-Multiple-Tethered-Unmann.pdf,94279,EVALUATION_SECTION_BOUNDARY,2.3,Counts are exact only where explicitly labelled; section lengths and semantic classifications are estimates.
P089,10.1109/tro.2026.3714645,A,TRO,2026,Holistic Fusion: Task- and Setup-Agnostic Robot Localization and State Estimation With Factor Graphs,21,EXACT_PDF,18,ESTIMATED_FROM_INTRO_REFERENCES_BOUNDARIES,8,ESTIMATED_FROM_HEADING_EXTRACTION,35,ESTIMATED_FROM_HEADING_EXTRACTION,1.46,ESTIMATED,True,False,True,5.51,ESTIMATED,,UNKNOWN,5.21,ESTIMATED,3.69,ESTIMATED,25,AUTOMATED_LABEL_COUNT,34,ESTIMATED_FROM_CAPTIONS,9,AUTOMATED_LABEL_COUNT,28,AUTOMATED_LOWER_BOUND,1,AUTOMATED_LABEL_COUNT,0,0,0,1,AUTOMATED_LOWER_BOUND,True,True,False,True,True,True,False,True,False,True,4,True,ESTIMATED from enumerated contribution block,3,ESTIMATED_FROM_CLAIM_TAXONOMY,GENERALIZATION; REAL_TIME; REAL_WORLD,Navigation / planning paper,Robotics system paper; Hybrid method-system paper,STRUCTURE; INTRODUCTION; PROBLEM_FORMULATION; METHOD; ALGORITHM; FIGURE; TABLE; EXPERIMENT; ABLATION; GENERALIZATION; REAL_WORLD; RESULTS_WRITING; ROBOTICS; PLANNING; TRAJECTORY; OPTIMIZATION,APPLICATION_CONTEXT > TECHNICAL_PROBLEM > PROPOSED_APPROACH > CONTRIBUTIONS > EXISTING_APPROACHES,5,METHOD_FRAMEWORK; MOTIVATION; PROBLEM; QUALITATIVE_RESULT; QUANTITATIVE_RESULT; REAL_WORLD; SCENARIO; TRAJECTORY,COMPLEXITY; MAIN_COMPARISON,MAIN_COMPARISON; ABLATION; PARAMETER_SENSITIVITY; GENERALIZATION; RUNTIME; COMPUTATIONAL_COMPLEXITY; REAL_WORLD; QUALITATIVE_VISUALIZATION,D:\ieee my skills\IEEE_TRANS_CORPUS\papers\TRO\Nubert_2026_TRO_Holistic-Fusion-Task-and-Setup-Agnostic-Robot-Localization-and-State-E.pdf,126011,EVALUATION_SECTION_BOUNDARY,2.3,Counts are exact only where explicitly labelled; section lengths and semantic classifications are estimates.
P090,10.1109/tro.2025.3593109,A,TRO,2025,Motion Planning Diffusion: Learning and Adapting Robot Motion Planning With Diffusion Models,21,EXACT_PDF,21,ESTIMATED_WITH_MISSING_BOUNDARY,1,ESTIMATED_FROM_HEADING_EXTRACTION,15,ESTIMATED_FROM_HEADING_EXTRACTION,20.26,ESTIMATED,False,False,False,,UNKNOWN,,UNKNOWN,,UNKNOWN,,UNKNOWN,16,AUTOMATED_LABEL_COUNT,34,ESTIMATED_FROM_CAPTIONS,3,AUTOMATED_LABEL_COUNT,29,AUTOMATED_LOWER_BOUND,2,AUTOMATED_LABEL_COUNT,0,0,0,1,AUTOMATED_LOWER_BOUND,True,False,True,True,True,False,True,False,False,True,,False,UNKNOWN: no reliably delimited contribution block,1,ESTIMATED_FROM_CLAIM_TAXONOMY,REAL_WORLD,RL / MARL method paper,Navigation / planning paper; Trajectory optimization paper; Robotics system paper; Hybrid method-system paper,STRUCTURE; METHOD; ALGORITHM; FIGURE; TABLE; EXPERIMENT; ABLATION; ROBUSTNESS; GENERALIZATION; REAL_WORLD; RESULTS_WRITING; RL; MARL; MULTI_AGENT; ROBOTICS; PLANNING; TRAJECTORY; OPTIMIZATION,APPLICATION_CONTEXT > TECHNICAL_PROBLEM > LIMITATION > CONTRIBUTIONS > EXISTING_APPROACHES > PROPOSED_APPROACH > CORE_INSIGHT > EXPERIMENTAL_PREVIEW > RESEARCH_GAP,9,MOTIVATION; QUANTITATIVE_RESULT; SCENARIO; TRAJECTORY,COMPLEXITY; PARAMETERS,MAIN_COMPARISON; ABLATION; ROBUSTNESS; GENERALIZATION; SCALABILITY; RUNTIME; QUALITATIVE_VISUALIZATION,D:\ieee my skills\IEEE_TRANS_CORPUS\papers\TRO\Carvalho_2025_TRO_Motion-Planning-Diffusion-Learning-and-Adapting-Robot-Motion-Planning-.pdf,117738,MAIN_TEXT_FALLBACK_NO_EVALUATION_HEADING,2.3,Counts are exact only where explicitly labelled; section lengths and semantic classifications are estimates.
P091,10.1109/tro.2021.3080235,A,TRO,2021,MADER: Trajectory Planner in Multiagent and Dynamic Environments,15,EXACT_PDF,13,ESTIMATED_FROM_INTRO_REFERENCES_BOUNDARIES,9,ESTIMATED_FROM_HEADING_EXTRACTION,12,ESTIMATED_FROM_HEADING_EXTRACTION,1.48,ESTIMATED,True,False,False,,UNKNOWN,,UNKNOWN,,UNKNOWN,0.27,ESTIMATED,15,AUTOMATED_LABEL_COUNT,23,ESTIMATED_FROM_CAPTIONS,5,AUTOMATED_LABEL_COUNT,7,AUTOMATED_LOWER_BOUND,1,AUTOMATED_LABEL_COUNT,0,0,0,1,AUTOMATED_LOWER_BOUND,False,False,False,False,True,False,True,True,False,True,4,True,ESTIMATED from enumerated contribution block,2,ESTIMATED_FROM_CLAIM_TAXONOMY,SAFETY; REAL_TIME,UAV autonomy paper,RL / MARL method paper; Multi-agent decision paper; Navigation / planning paper; Robotics system paper,STRUCTURE; METHOD; ALGORITHM; FIGURE; TABLE; EXPERIMENT; REAL_WORLD; RESULTS_WRITING; RL; MARL; MULTI_AGENT; UAV; ROBOTICS; PLANNING; TRAJECTORY; OPTIMIZATION,TECHNICAL_PROBLEM > LIMITATION > CONTRIBUTIONS > PROPOSED_APPROACH > EXPERIMENTAL_PREVIEW,5,PROBLEM; QUANTITATIVE_RESULT; SCENARIO; TRAJECTORY,ENVIRONMENT_SETTINGS; MAIN_COMPARISON,MAIN_COMPARISON; RUNTIME; REAL_WORLD; QUALITATIVE_VISUALIZATION,D:\ieee my skills\IEEE_TRANS_CORPUS\papers\TRO\Tordesillas_2021_TRO_MADER-Trajectory-Planner-in-Multiagent-and-Dynamic-Environments.pdf,63785,MAIN_TEXT_FALLBACK_NO_EVALUATION_HEADING,2.3,Counts are exact only where explicitly labelled; section lengths and semantic classifications are estimates.
P092,10.1109/tsmc.2026.3720408,A,TSMCS,2026,Socially Aware Robot Crowd Navigation via Online Uncertainty-Driven Risk Adaptation,12,EXACT_PDF,9,ESTIMATED_FROM_INTRO_REFERENCES_BOUNDARIES,6,ESTIMATED_FROM_HEADING_EXTRACTION,14,ESTIMATED_FROM_HEADING_EXTRACTION,1.23,ESTIMATED,True,False,False,2.94,ESTIMATED,,UNKNOWN,2.44,ESTIMATED,2.95,ESTIMATED,10,AUTOMATED_LABEL_COUNT,17,ESTIMATED_FROM_CAPTIONS,5,AUTOMATED_LABEL_COUNT,20,AUTOMATED_LOWER_BOUND,0,AUTOMATED_LABEL_COUNT,0,0,0,2,AUTOMATED_LOWER_BOUND,False,False,False,True,True,False,True,True,False,False,,False,UNKNOWN: no reliably delimited contribution block,7,ESTIMATED_FROM_CLAIM_TAXONOMY,SUCCESS_RATE; EFFICIENCY; ROBUSTNESS; GENERALIZATION; SAFETY; REAL_TIME; REAL_WORLD,RL / MARL method paper,Navigation / planning paper; Trajectory optimization paper; Learning-based control paper; Engineering control paper; Robotics system paper; Hybrid method-system paper,STRUCTURE; METHOD; FIGURE; TABLE; EXPERIMENT; ROBUSTNESS; GENERALIZATION; REAL_WORLD; RESULTS_WRITING; CONTROL; RL; MARL; MULTI_AGENT; ROBOTICS; PLANNING,APPLICATION_CONTEXT > TECHNICAL_PROBLEM > LIMITATION > CONTRIBUTIONS > EXPERIMENTAL_PREVIEW,5,METHOD_FRAMEWORK; QUALITATIVE_RESULT; QUANTITATIVE_RESULT; REAL_WORLD; SCENARIO,ENVIRONMENT_SETTINGS; MAIN_COMPARISON,MAIN_COMPARISON; GENERALIZATION; RUNTIME; REAL_WORLD; QUALITATIVE_VISUALIZATION,D:\ieee my skills\IEEE_TRANS_CORPUS\papers\TSMCS\Sun_2026_TSMCS_Socially-Aware-Robot-Crowd-Navigation-via-Online-Uncertainty-Driven-Ri.pdf,57239,EVALUATION_SECTION_BOUNDARY,2.3,Counts are exact only where explicitly labelled; section lengths and semantic classifications are estimates.
P093,10.1109/tsmc.2025.3551291,A,TSMCS,2025,Synthesizing Control Barrier Functions With Artificial Potential Fields for Safe Reinforcement Learning,10,EXACT_PDF,10,ESTIMATED_WITH_MISSING_BOUNDARY,2,ESTIMATED_FROM_HEADING_EXTRACTION,14,ESTIMATED_FROM_HEADING_EXTRACTION,2.1,ESTIMATED,False,False,False,,UNKNOWN,,UNKNOWN,,UNKNOWN,,UNKNOWN,7,AUTOMATED_LABEL_COUNT,8,ESTIMATED_FROM_CAPTIONS,3,AUTOMATED_LABEL_COUNT,24,AUTOMATED_LOWER_BOUND,3,AUTOMATED_LABEL_COUNT,0,0,0,2,AUTOMATED_LOWER_BOUND,True,False,False,True,True,True,True,True,False,True,,False,UNKNOWN: no reliably delimited contribution block,2,ESTIMATED_FROM_CLAIM_TAXONOMY,SAFETY; CONVERGENCE,RL / MARL method paper,Navigation / planning paper; Control theory paper; Engineering control paper; Robotics system paper; Hybrid method-system paper,STRUCTURE; METHOD; THEORY; ALGORITHM; FIGURE; TABLE; EXPERIMENT; ABLATION; GENERALIZATION; REAL_WORLD; RESULTS_WRITING; CONTROL; RL; MARL; MULTI_AGENT; ROBOTICS; PLANNING; TRAJECTORY; OPTIMIZATION,APPLICATION_CONTEXT > TECHNICAL_PROBLEM > EXISTING_APPROACHES > LIMITATION > CONTRIBUTIONS,5,PROBLEM; SCENARIO; TRAJECTORY,ABLATION; COMPLEXITY; PARAMETERS,MAIN_COMPARISON; ABLATION; GENERALIZATION; RUNTIME; COMPUTATIONAL_COMPLEXITY; REAL_WORLD,D:\ieee my skills\IEEE_TRANS_CORPUS\papers\TSMCS\Hua_2025_TSMCS_Synthesizing-Control-Barrier-Functions-With-Artificial-Potential-Field.pdf,41228,MAIN_TEXT_FALLBACK_NO_EVALUATION_HEADING,2.3,Counts are exact only where explicitly labelled; section lengths and semantic classifications are estimates.
P094,10.1109/tsmc.2023.3299237,A,TSMCS,2023,Vision-Based Plane Estimation and Following for Building Inspection With Autonomous UAV,14,EXACT_PDF,12,ESTIMATED_FROM_INTRO_REFERENCES_BOUNDARIES,1,ESTIMATED_FROM_HEADING_EXTRACTION,14,ESTIMATED_FROM_HEADING_EXTRACTION,13.68,ESTIMATED,False,False,False,,UNKNOWN,,UNKNOWN,,UNKNOWN,,UNKNOWN,22,AUTOMATED_LABEL_COUNT,26,ESTIMATED_FROM_CAPTIONS,0,AUTOMATED_LABEL_COUNT,36,AUTOMATED_LOWER_BOUND,2,AUTOMATED_LABEL_COUNT,1,0,4,1,AUTOMATED_LOWER_BOUND,False,True,True,False,True,False,True,False,True,True,,False,UNKNOWN: no reliably delimited contribution block,2,ESTIMATED_FROM_CLAIM_TAXONOMY,ROBUSTNESS; STABILITY,UAV autonomy paper,RL / MARL method paper; Navigation / planning paper; Trajectory optimization paper; Control theory paper; Engineering control paper; Robotics system paper,STRUCTURE; METHOD; THEORY; ALGORITHM; FIGURE; EXPERIMENT; ROBUSTNESS; RESULTS_WRITING; CONTROL; RL; MARL; MULTI_AGENT; UAV; ROBOTICS; PLANNING; TRAJECTORY; OPTIMIZATION,TECHNICAL_PROBLEM > APPLICATION_CONTEXT > LIMITATION > CORE_INSIGHT > CONTRIBUTIONS,5,PROBLEM; QUANTITATIVE_RESULT; REAL_WORLD; SCENARIO; SENSITIVITY; TRAJECTORY,UNKNOWN,MAIN_COMPARISON; PARAMETER_SENSITIVITY; ROBUSTNESS; RUNTIME,D:\ieee my skills\IEEE_TRANS_CORPUS\papers\TSMCS\Lyu_2023_TSMCS_Vision-Based-Plane-Estimation-and-Following-for-Building-Inspection-Wi.pdf,66648,MAIN_TEXT_FALLBACK_NO_EVALUATION_HEADING,2.3,Counts are exact only where explicitly labelled; section lengths and semantic classifications are estimates.
P095,10.1109/tvt.2025.3596466,A,TVT,2026,Enhancing the Robustness of UAV Search Path Planning Based on Deep Reinforcement Learning for Complex Disaster Scenarios,13,EXACT_PDF,13,ESTIMATED_WITH_MISSING_BOUNDARY,1,ESTIMATED_FROM_HEADING_EXTRACTION,7,ESTIMATED_FROM_HEADING_EXTRACTION,12.56,ESTIMATED,False,False,False,,UNKNOWN,,UNKNOWN,,UNKNOWN,,UNKNOWN,10,AUTOMATED_LABEL_COUNT,31,ESTIMATED_FROM_CAPTIONS,2,AUTOMATED_LABEL_COUNT,34,AUTOMATED_LOWER_BOUND,2,AUTOMATED_LABEL_COUNT,0,0,0,1,AUTOMATED_LOWER_BOUND,False,False,False,True,False,False,True,False,False,True,1,True,ESTIMATED from enumerated contribution block,1,ESTIMATED_FROM_CLAIM_TAXONOMY,ROBUSTNESS,UAV autonomy paper,RL / MARL method paper; Navigation / planning paper; Robotics system paper,STRUCTURE; METHOD; ALGORITHM; FIGURE; TABLE; EXPERIMENT; ROBUSTNESS; GENERALIZATION; RESULTS_WRITING; RL; MARL; MULTI_AGENT; UAV; ROBOTICS; PLANNING,LIMITATION > APPLICATION_CONTEXT > PROPOSED_APPROACH > CONTRIBUTIONS > TECHNICAL_PROBLEM > RESEARCH_GAP > EXPERIMENTAL_PREVIEW,7,METHOD_FRAMEWORK; PROBLEM; QUANTITATIVE_RESULT; ROBUSTNESS; SCENARIO; TRAJECTORY,ENVIRONMENT_SETTINGS; MAIN_COMPARISON; PARAMETERS,MAIN_COMPARISON; GENERALIZATION,D:\ieee my skills\IEEE_TRANS_CORPUS\papers\TVT\Liang_2026_TVT_Enhancing-the-Robustness-of-UAV-Search-Path-Planning-Based-on-Deep-Rei.pdf,61511,MAIN_TEXT_FALLBACK_NO_EVALUATION_HEADING,2.3,Counts are exact only where explicitly labelled; section lengths and semantic classifications are estimates.
P096,10.1109/tvt.2025.3606201,A,TVT,2026,Uncertainty-Aware Multi-Agent Reinforcement Learning for Anti-Interference Trajectory Planning of Cellular-Connected UAVs,17,EXACT_PDF,15,ESTIMATED_FROM_INTRO_REFERENCES_BOUNDARIES,2,ESTIMATED_FROM_HEADING_EXTRACTION,19,ESTIMATED_FROM_HEADING_EXTRACTION,13.34,ESTIMATED,False,False,False,,UNKNOWN,,UNKNOWN,,UNKNOWN,3.29,ESTIMATED,8,AUTOMATED_LABEL_COUNT,28,ESTIMATED_FROM_CAPTIONS,5,AUTOMATED_LABEL_COUNT,29,AUTOMATED_LOWER_BOUND,1,AUTOMATED_LABEL_COUNT,0,0,0,8,AUTOMATED_LOWER_BOUND,True,True,False,True,False,True,True,False,False,True,1,True,ESTIMATED from contribution sentences,3,ESTIMATED_FROM_CLAIM_TAXONOMY,STABILITY; SAFETY; CONVERGENCE,UAV autonomy paper,RL / MARL method paper; Multi-agent decision paper; Navigation / planning paper,STRUCTURE; METHOD; ALGORITHM; FIGURE; TABLE; EXPERIMENT; ABLATION; GENERALIZATION; RESULTS_WRITING; RL; MARL; MULTI_AGENT; UAV; PLANNING; TRAJECTORY; OPTIMIZATION,LIMITATION > TECHNICAL_PROBLEM > EXISTING_APPROACHES > PROPOSED_APPROACH > CONTRIBUTIONS > EXPERIMENTAL_PREVIEW > PAPER_ORGANIZATION > CORE_INSIGHT,8,ABLATION; PROBLEM; QUANTITATIVE_RESULT; REAL_WORLD; SCENARIO; TRAJECTORY,ENVIRONMENT_SETTINGS; PARAMETERS,MAIN_COMPARISON; ABLATION; PARAMETER_SENSITIVITY; GENERALIZATION; SCALABILITY; COMPUTATIONAL_COMPLEXITY,D:\ieee my skills\IEEE_TRANS_CORPUS\papers\TVT\Zhou_2026_TVT_Uncertainty-Aware-Multi-Agent-Reinforcement-Learning-for-Anti-Interfer.pdf,87459,MAIN_TEXT_FALLBACK_NO_EVALUATION_HEADING,2.3,Counts are exact only where explicitly labelled; section lengths and semantic classifications are estimates.
P097,10.1109/tvt.2024.3389555,A,TVT,2024,Multi-UAV Adaptive Cooperative Formation Trajectory Planning Based on an Improved MATD3 Algorithm of Deep Reinforcement Learning,16,EXACT_PDF,14,ESTIMATED_FROM_INTRO_REFERENCES_BOUNDARIES,4,ESTIMATED_FROM_HEADING_EXTRACTION,12,ESTIMATED_FROM_HEADING_EXTRACTION,2.12,ESTIMATED,False,False,True,,UNKNOWN,,UNKNOWN,,UNKNOWN,3.1,ESTIMATED,17,AUTOMATED_LABEL_COUNT,42,ESTIMATED_FROM_CAPTIONS,6,AUTOMATED_LABEL_COUNT,36,AUTOMATED_LOWER_BOUND,1,AUTOMATED_LABEL_COUNT,0,0,0,2,AUTOMATED_LOWER_BOUND,False,False,False,False,False,False,True,False,True,True,,False,UNKNOWN: no reliably delimited contribution block,3,ESTIMATED_FROM_CLAIM_TAXONOMY,REAL_WORLD; COORDINATION; CONVERGENCE,UAV autonomy paper,RL / MARL method paper; Multi-agent decision paper; Navigation / planning paper,STRUCTURE; METHOD; THEORY; ALGORITHM; FIGURE; TABLE; EXPERIMENT; RESULTS_WRITING; RL; MARL; MULTI_AGENT; UAV; PLANNING; TRAJECTORY; OPTIMIZATION,APPLICATION_CONTEXT > TECHNICAL_PROBLEM > LIMITATION > EXISTING_APPROACHES > PROPOSED_APPROACH > CONTRIBUTIONS,6,METHOD_FRAMEWORK; SCENARIO; TRAJECTORY,COMPLEXITY; ENVIRONMENT_SETTINGS; MAIN_COMPARISON; PARAMETERS,MAIN_COMPARISON,D:\ieee my skills\IEEE_TRANS_CORPUS\papers\TVT\Xing_2024_TVT_Multi-UAV-Adaptive-Cooperative-Formation-Trajectory-Planning-Based-on-.pdf,61235,MAIN_TEXT_FALLBACK_NO_EVALUATION_HEADING,2.3,Counts are exact only where explicitly labelled; section lengths and semantic classifications are estimates.
P098,10.1109/tvt.2023.3262778,A,TVT,2023,Bayesian Optimization Enhanced Deep Reinforcement Learning for Trajectory Planning and Network Formation in Multi-UAV Networks,15,EXACT_PDF,14,ESTIMATED_FROM_INTRO_REFERENCES_BOUNDARIES,7,ESTIMATED_FROM_HEADING_EXTRACTION,16,ESTIMATED_FROM_HEADING_EXTRACTION,1.82,ESTIMATED,True,False,True,,UNKNOWN,,UNKNOWN,3.66,ESTIMATED,1.54,ESTIMATED,10,AUTOMATED_LABEL_COUNT,17,ESTIMATED_FROM_CAPTIONS,1,AUTOMATED_LABEL_COUNT,20,AUTOMATED_LOWER_BOUND,2,AUTOMATED_LABEL_COUNT,0,0,0,1,AUTOMATED_LOWER_BOUND,False,False,False,False,False,False,True,False,True,True,,False,UNKNOWN: no reliably delimited contribution block,2,ESTIMATED_FROM_CLAIM_TAXONOMY,STABILITY; REAL_TIME,UAV autonomy paper,RL / MARL method paper; Navigation / planning paper,STRUCTURE; PROBLEM_FORMULATION; METHOD; THEORY; ALGORITHM; FIGURE; TABLE; EXPERIMENT; RESULTS_WRITING; RL; MARL; MULTI_AGENT; UAV; PLANNING; TRAJECTORY; OPTIMIZATION,LIMITATION > TECHNICAL_PROBLEM > PROPOSED_APPROACH > CONTRIBUTIONS > PAPER_ORGANIZATION,5,METHOD_FRAMEWORK; QUANTITATIVE_RESULT,ENVIRONMENT_SETTINGS; PARAMETERS,MAIN_COMPARISON,D:\ieee my skills\IEEE_TRANS_CORPUS\papers\TVT\Gong_2023_TVT_Bayesian-Optimization-Enhanced-Deep-Reinforcement-Learning-for-Traject.pdf,93083,EVALUATION_SECTION_BOUNDARY,2.3,Counts are exact only where explicitly labelled; section lengths and semantic classifications are estimates.
P099,10.1109/tvt.2024.3383352,A,TVT,2024,Formation Control Algorithms for Multi-UAV Systems With Unstable Topologies and Hybrid Delays,13,EXACT_PDF,10,ESTIMATED_FROM_INTRO_REFERENCES_BOUNDARIES,6,ESTIMATED_FROM_HEADING_EXTRACTION,9,ESTIMATED_FROM_HEADING_EXTRACTION,1.89,ESTIMATED,False,True,True,,UNKNOWN,,UNKNOWN,2.42,ESTIMATED,0.31,ESTIMATED,16,AUTOMATED_LABEL_COUNT,21,ESTIMATED_FROM_CAPTIONS,1,AUTOMATED_LABEL_COUNT,22,AUTOMATED_LOWER_BOUND,1,AUTOMATED_LABEL_COUNT,2,0,2,1,AUTOMATED_LOWER_BOUND,False,False,False,False,False,False,True,True,True,True,,False,UNKNOWN: no reliably delimited contribution block,3,ESTIMATED_FROM_CLAIM_TAXONOMY,REAL_WORLD; COORDINATION; CONVERGENCE,UAV autonomy paper,Multi-agent decision paper; Engineering control paper; Hybrid method-system paper,STRUCTURE; METHOD; THEORY; ALGORITHM; FIGURE; TABLE; EXPERIMENT; REAL_WORLD; RESULTS_WRITING; CONTROL; MULTI_AGENT; UAV,LIMITATION > TECHNICAL_PROBLEM > CONTRIBUTIONS > CORE_INSIGHT > PROPOSED_APPROACH > PAPER_ORGANIZATION,6,TRAJECTORY,UNKNOWN,REAL_WORLD,D:\ieee my skills\IEEE_TRANS_CORPUS\papers\TVT\Wu_2024_TVT_Formation-Control-Algorithms-for-Multi-UAV-Systems-With-Unstable-Topol.pdf,53928,EVALUATION_SECTION_BOUNDARY,2.3,Counts are exact only where explicitly labelled; section lengths and semantic classifications are estimates.
P100,10.1109/tvt.2024.3419842,A,TVT,2025,3D UAV Trajectory Planning With Obstacle Avoidance for UAV-Enabled Time-Constrained Data Collection Systems,15,EXACT_PDF,13,ESTIMATED_FROM_INTRO_REFERENCES_BOUNDARIES,5,ESTIMATED_FROM_HEADING_EXTRACTION,8,ESTIMATED_FROM_HEADING_EXTRACTION,1.18,ESTIMATED,True,False,True,,UNKNOWN,,UNKNOWN,2.45,ESTIMATED,2.16,ESTIMATED,16,AUTOMATED_LABEL_COUNT,21,ESTIMATED_FROM_CAPTIONS,3,AUTOMATED_LABEL_COUNT,56,AUTOMATED_LOWER_BOUND,3,AUTOMATED_LABEL_COUNT,0,0,0,1,AUTOMATED_LOWER_BOUND,False,False,False,False,True,False,True,False,False,True,,False,UNKNOWN: no reliably delimited contribution block,2,ESTIMATED_FROM_CLAIM_TAXONOMY,ROBUSTNESS; SAFETY,UAV autonomy paper,Navigation / planning paper; Robotics system paper; Hybrid method-system paper,STRUCTURE; PROBLEM_FORMULATION; METHOD; ALGORITHM; FIGURE; TABLE; EXPERIMENT; RESULTS_WRITING; UAV; ROBOTICS; PLANNING; TRAJECTORY; OPTIMIZATION,APPLICATION_CONTEXT > LIMITATION > EXISTING_APPROACHES > TECHNICAL_PROBLEM > PAPER_ORGANIZATION,5,PROBLEM; SCENARIO; TRAJECTORY,COMPLEXITY; MAIN_COMPARISON; PARAMETERS,MAIN_COMPARISON; RUNTIME,D:\ieee my skills\IEEE_TRANS_CORPUS\papers\TVT\Zheng_2025_TVT_3D-UAV-Trajectory-Planning-With-Obstacle-Avoidance-for-UAV-Enabled-Tim.pdf,65925,EVALUATION_SECTION_BOUNDARY,2.3,Counts are exact only where explicitly labelled; section lengths and semantic classifications are estimates.
